"序号","产品编码","型号","产品ID","产品名称","接头类型","原状态","新状态","详情Slug","数据文件","匹配行号"
"1","806033","BA-32-64-PP-N","806033","BA-32-64-PP-N","barbed-fittings","active","inactive","barbed-fittings","data/products/selection/barbed-fitting-selection.generated.ts","2915"
"2","806036","BA-24-40-PP-N","806036","BA-24-40-PP-N","barbed-fittings","active","inactive","barbed-fittings","data/products/selection/barbed-fitting-selection.generated.ts","2857"
"3","806037","BA-40-64-PP-N","806037","BA-40-64-PP-N","barbed-fittings","active","inactive","barbed-fittings","data/products/selection/barbed-fitting-selection.generated.ts","2683"
"4","806055","BF4-24-PP-N","806055","BF4-24-PP-N","barbed-fittings","active","inactive","barbed-fittings","data/products/selection/barbed-fitting-selection.generated.ts","9077"
"5","806147","BA-32-48-PP-N","806147","BA-32-48-PP-N","barbed-fittings","active","inactive","barbed-fittings","data/products/selection/barbed-fitting-selection.generated.ts","3147"
"6","806148","BA-32-95-PP-N","806148","BA-32-95-PP-N","barbed-fittings","active","inactive","barbed-fittings","data/products/selection/barbed-fitting-selection.generated.ts","2741"
"7","806189","BF4-32-PP-N","806189","BF4-32-PP-N","barbed-fittings","active","inactive","barbed-fittings","data/products/selection/barbed-fitting-selection.generated.ts","9134"
"8","806192","BX4-24-PP-N","806192","BX4-24-PP-N","barbed-fittings","active","inactive","barbed-fittings","data/products/selection/barbed-fitting-selection.generated.ts","9248"
"9","806197","BT-24-16-16-PP-N","806197","BT-24-16-16-PP-N","barbed-fittings","active","inactive","barbed-fittings","data/products/selection/barbed-fitting-selection.generated.ts","6483"
"10","806201","BA-127-PP-N","806201","BA-127-PP-N","barbed-fittings","active","inactive","barbed-fittings","data/products/selection/barbed-fitting-selection.generated.ts","2973"
"11","806208","BY-64-40-40-PP-N","806208","BY-64-40-40-PP-N","barbed-fittings","active","inactive","barbed-fittings","data/products/selection/barbed-fitting-selection.generated.ts","8902"
"12","806220","BX4-16-PP-N","806220","BX4-16-PP-N","barbed-fittings","active","inactive","barbed-fittings","data/products/selection/barbed-fitting-selection.generated.ts","9191"
"13","806221","BX4-32-PP-N","806221","BX4-32-PP-N","barbed-fittings","active","inactive","barbed-fittings","data/products/selection/barbed-fitting-selection.generated.ts","9305"
"14","806224","BF4-16-PP-N","806224","BF4-16-PP-N","barbed-fittings","active","inactive","barbed-fittings","data/products/selection/barbed-fitting-selection.generated.ts","9020"
"15","806256","BA-95-127-PP-N","806256","BA-95-127-PP-N","barbed-fittings","active","inactive","barbed-fittings","data/products/selection/barbed-fitting-selection.generated.ts","3031"
"16","806272","BA-40-79-AC-W","806272","BA-40-79-AC-W","barbed-fittings","active","inactive","barbed-fittings","data/products/selection/barbed-fitting-selection.generated.ts","3089"
"17","806276","BA-48-95-PP-N","806276","BA-48-95-PP-N","barbed-fittings","active","inactive","barbed-fittings","data/products/selection/barbed-fitting-selection.generated.ts","2799"
"18","806282","BY-79-PP-N","806282","BY-79-PP-N","barbed-fittings","active","inactive","barbed-fittings","data/products/selection/barbed-fitting-selection.generated.ts","8961"
"19","809862","BA-40D-64D-PP-N","809862","BA-40D-64D-PP-N","barbed-fittings","active","inactive","barbed-fittings","data/products/selection/barbed-fitting-selection.generated.ts","2625"
"20","809863","BT-48D-PP-N","809863","BT-48D-PP-N","barbed-fittings","active","inactive","barbed-fittings","data/products/selection/barbed-fitting-selection.generated.ts","7191"
"21","809865","BT-79D-PP-N","809865","BT-79D-PP-N","barbed-fittings","active","inactive","barbed-fittings","data/products/selection/barbed-fitting-selection.generated.ts","7250"
"22","809881","BL-160-PP-N","809881","BL-160-PP-N","barbed-fittings","active","inactive","barbed-fittings","data/products/selection/barbed-fitting-selection.generated.ts","4655"
"23","126006","CV-DE-16-PV-N","126006","CV-DE-16-PV-N","check-valves","active","inactive","cv-de-16-pv-n","data/products/selection/filter-check-valve-selection.generated.ts","1098"
"24","126007","CV-BV-32-PP-N","126007","CV-BV-32-PP-N","check-valves","active","inactive","cv-bv-32-pp-n","data/products/selection/filter-check-valve-selection.generated.ts","1170"
"25","126009","CV-BV-48-PP-N","126009","CV-BV-48-PP-N","check-valves","active","inactive","cv-bv-48-pp-n","data/products/selection/filter-check-valve-selection.generated.ts","1244"
"26","126011","CV-BV-64-PP-N","126011","CV-BV-64-PP-N","check-valves","active","inactive","cv-bv-64-pp-n","data/products/selection/filter-check-valve-selection.generated.ts","1320"
"27","126012","CV-BE-64-PP-N","126012","CV-BE-64-PP-N","check-valves","active","inactive","cv-be-64-pp-n","data/products/selection/filter-check-valve-selection.generated.ts","1394"
"28","126013","CV-BV-79-PP-N","126013","CV-BV-79-PP-N","check-valves","active","inactive","cv-bv-79-pp-n","data/products/selection/filter-check-valve-selection.generated.ts","1466"
"29","126014","CV-BE-79-PP-N","126014","CV-BE-79-PP-N","check-valves","active","inactive","cv-be-79-pp-n","data/products/selection/filter-check-valve-selection.generated.ts","1538"
"30","126016","CV-BE-95-PP-N","126016","CV-BE-95-PP-N","check-valves","active","inactive","cv-be-95-pp-n","data/products/selection/filter-check-valve-selection.generated.ts","1610"
"31","126025","CV-BF-16-PV-N","126025","CV-BF-16-PV-N","check-valves","active","inactive","cv-bf-16-pv-n","data/products/selection/filter-check-valve-selection.generated.ts","1682"
"32","126026","CV-DE-24-PV-N","126026","CV-DE-24-PV-N","check-valves","active","inactive","cv-de-24-pv-n","data/products/selection/filter-check-valve-selection.generated.ts","1754"
"33","126027","CV-DE-32-PV-N","126027","CV-DE-32-PV-N","check-valves","active","inactive","cv-de-32-pv-n","data/products/selection/filter-check-valve-selection.generated.ts","1826"
"34","129002","CV-BE-32-PV-N","129002","CV-BE-32-PV-N","check-valves","active","inactive","cv-be-32-pv-n","data/products/selection/filter-check-valve-selection.generated.ts","1970"
"35","129003","CV-BF-32-PP-N","129003","CV-BF-32-PP-N","check-valves","active","inactive","cv-bf-32-pp-n","data/products/selection/filter-check-valve-selection.generated.ts","2042"
"36","129004","CV-BE-24-PP-N","129004","CV-BE-24-PP-N","check-valves","active","inactive","cv-be-24-pp-n","data/products/selection/filter-check-valve-selection.generated.ts","2114"
"37","129005","CV-BF-32-PP-B","129005","CV-BF-32-PP-B","check-valves","active","inactive","cv-bf-32-pp-b","data/products/selection/filter-check-valve-selection.generated.ts","2186"
"38","","","809033","PMBSN-M12-PA-B","female-thread-adapters","active","inactive","pmbsn-m12-pa-b","data/products/selection/female-thread-adapter-selection.generated.ts","602"
"39","","","809317","PU-U32-08-SS-N","female-thread-adapters","active","inactive","pu-u32-08-ss-n","data/products/selection/female-thread-adapter-selection.generated.ts","630"
"40","","","809659","PU-U32-U28-08-SS-N","female-thread-adapters","active","inactive","pu-u32-u28-08-ss-n","data/products/selection/female-thread-adapter-selection.generated.ts","659"
"41","","","809664","PUT-U32-05-SS-N","female-thread-adapters","active","inactive","put-u32-05-ss-n","data/products/selection/female-thread-adapter-selection.generated.ts","688"
"42","","","809939","UT-M6-20-PP-N","female-thread-adapters","active","inactive","ut-m6-20-pp-n","data/products/selection/female-thread-adapter-selection.generated.ts","486"
"43","136009","F-PE-10-24-PP-N","136009","F-PE-10-24-PP-N","filters","active","inactive","f-pe-10-24-pp-n","data/products/selection/filter-check-valve-selection.generated.ts","15"
"44","139002","F-PE-100-32-PV-N","139002","F-PE-100-32-PV-N","filters","active","inactive","f-pe-100-32-pv-n","data/products/selection/filter-check-valve-selection.generated.ts","159"
"45","139005","F-SS-150-127-AC-N","139005","F-SS-150-127-AC-N","filters","active","inactive","f-ss-150-127-ac-n","data/products/selection/filter-check-valve-selection.generated.ts","447"
"46","139006","F-SS-150-127D-AC-N","139006","F-SS-150-127D-AC-N","filters","active","inactive","f-ss-150-127d-ac-n","data/products/selection/filter-check-valve-selection.generated.ts","519"
"47","139007","F-SS-150-127-PP-N","139007","F-SS-150-127-PP-N","filters","active","inactive","f-ss-150-127-pp-n","data/products/selection/filter-check-valve-selection.generated.ts","591"
"48","139008","F-SS-150-127D-PP-N","139008","F-SS-150-127D-PP-N","filters","active","inactive","f-ss-150-127d-pp-n","data/products/selection/filter-check-valve-selection.generated.ts","663"
"49","139009","139009","139009","139009 水循环过滤器组件","filters","active","inactive","filter-component-139009","data/products/selection/filter-check-valve-selection.generated.ts","954"
"50","139010","139010","139010","139010 水循环过滤器组件","filters","active","inactive","filter-component-139010","data/products/selection/filter-check-valve-selection.generated.ts","1026"
"51","139011","F-SS-150-79D-PP-N","139011","F-SS-150-79D-PP-N","filters","active","inactive","f-ss-150-79d-pp-n","data/products/selection/filter-check-valve-selection.generated.ts","736"
"52","139012","F-PA-150-32-PP-N","139012","F-PA-150-32-PP-N","filters","active","inactive","f-pa-150-32-pp-n","data/products/selection/filter-check-valve-selection.generated.ts","303"
"53","139013","F-SS-150-95D-PP-N","139013","F-SS-150-95D-PP-N","filters","active","inactive","f-ss-150-95d-pp-n","data/products/selection/filter-check-valve-selection.generated.ts","808"
"54","139014","F-PA-250-32D-PA-N","139014","F-PA-250-32D-PA-N","filters","active","inactive","f-pa-250-32d-pa-n","data/products/selection/filter-check-valve-selection.generated.ts","375"
"55","139015","F-SS-150-191-PP-N","139015","F-SS-150-191-PP-N","filters","active","inactive","f-ss-150-191-pp-n","data/products/selection/filter-check-valve-selection.generated.ts","882"
"56","","","809932","LPR-32-PV-N","luer-fittings","active","inactive","lpr-32-pv-n","data/products/selection/luer-fitting-selection.generated.ts","1790"
"57","809004","SB-U28-16-PP-W","809004","SB-U28-16-PP-W","thread-to-barbed-fittings","active","inactive","thread-to-barbed-fittings","data/products/selection/thread-to-barbed-fitting-selection.generated.ts","5021"
"58","809011","SB-U28-32-PP-W","809011","SB-U28-32-PP-W","thread-to-barbed-fittings","active","inactive","thread-to-barbed-fittings","data/products/selection/thread-to-barbed-fitting-selection.generated.ts","5086"
"59","809018","SB-M6-16-PP-W","809018","SB-M6-16-PP-W","thread-to-barbed-fittings","active","inactive","thread-to-barbed-fittings","data/products/selection/thread-to-barbed-fitting-selection.generated.ts","5151"
"60","809025","SB-M6-32-PP-W","809025","SB-M6-32-PP-W","thread-to-barbed-fittings","active","inactive","thread-to-barbed-fittings","data/products/selection/thread-to-barbed-fitting-selection.generated.ts","5216"
"61","809034","SA-G1/8-64C-PP-N（带O圈）","809034","SA-G1/8-64C-PP-N（带O圈）","thread-to-barbed-fittings","active","inactive","thread-to-barbed-fittings","data/products/selection/thread-to-barbed-fitting-selection.generated.ts","3201"
"62","809268","SA-U32-24F-PP-N","809268","SA-U32-24F-PP-N","thread-to-barbed-fittings","active","inactive","thread-to-barbed-fittings","data/products/selection/thread-to-barbed-fitting-selection.generated.ts","16"
"63","809323","SA-U32-24F-PA-W","809323","SA-U32-24F-PA-W","thread-to-barbed-fittings","active","inactive","thread-to-barbed-fittings","data/products/selection/thread-to-barbed-fitting-selection.generated.ts","146"
"64","809339","SA-U32-16F-PA-W","809339","SA-U32-16F-PA-W","thread-to-barbed-fittings","active","inactive","thread-to-barbed-fittings","data/products/selection/thread-to-barbed-fitting-selection.generated.ts","211"
"65","809470","SA-1/8NPT-24C-PP-N","809470","SA-1/8NPT-24C-PP-N","thread-to-barbed-fittings","active","inactive","thread-to-barbed-fittings","data/products/selection/thread-to-barbed-fitting-selection.generated.ts","1186"
"66","809471","SA-1/8NPT-32C-PP-N","809471","SA-1/8NPT-32C-PP-N","thread-to-barbed-fittings","active","inactive","thread-to-barbed-fittings","data/products/selection/thread-to-barbed-fitting-selection.generated.ts","1251"
"67","809472","SA-1/8NPT-40C-PP-N","809472","SA-1/8NPT-40C-PP-N","thread-to-barbed-fittings","active","inactive","thread-to-barbed-fittings","data/products/selection/thread-to-barbed-fitting-selection.generated.ts","1316"
"68","809473","SA-1/8NPT-48C-PP-N","809473","SA-1/8NPT-48C-PP-N","thread-to-barbed-fittings","active","inactive","thread-to-barbed-fittings","data/products/selection/thread-to-barbed-fitting-selection.generated.ts","1381"
"69","809474","SA-1/8NPT-64C-PP-N","809474","SA-1/8NPT-64C-PP-N","thread-to-barbed-fittings","active","inactive","thread-to-barbed-fittings","data/products/selection/thread-to-barbed-fitting-selection.generated.ts","1446"
"70","809475","SAL-1/8NPT-64D-PP-N","809475","SAL-1/8NPT-64D-PP-N","thread-to-barbed-fittings","active","inactive","thread-to-barbed-fittings","data/products/selection/thread-to-barbed-fitting-selection.generated.ts","1511"
"71","809476","SA-1/4NPT-32D-PP-N","809476","SA-1/4NPT-32D-PP-N","thread-to-barbed-fittings","active","inactive","thread-to-barbed-fittings","data/products/selection/thread-to-barbed-fitting-selection.generated.ts","1576"
"72","809477","SA-1/4NPT-64D-PP-N","809477","SA-1/4NPT-64D-PP-N","thread-to-barbed-fittings","active","inactive","thread-to-barbed-fittings","data/products/selection/thread-to-barbed-fitting-selection.generated.ts","1641"
"73","809478","SA-1/4NPT-95D-PP-N","809478","SA-1/4NPT-95D-PP-N","thread-to-barbed-fittings","active","inactive","thread-to-barbed-fittings","data/products/selection/thread-to-barbed-fitting-selection.generated.ts","1706"
"74","809490","SA-G1/8-40C-PV-N","809490","SA-G1/8-40C-PV-N","thread-to-barbed-fittings","active","inactive","thread-to-barbed-fittings","data/products/selection/thread-to-barbed-fitting-selection.generated.ts","3071"
"75","809502","SA-1/8NPT-24C-PA-W","809502","SA-1/8NPT-24C-PA-W","thread-to-barbed-fittings","active","inactive","thread-to-barbed-fittings","data/products/selection/thread-to-barbed-fitting-selection.generated.ts","2031"
"76","809503","SA-1/8NPT-32C-PA-W","809503","SA-1/8NPT-32C-PA-W","thread-to-barbed-fittings","active","inactive","thread-to-barbed-fittings","data/products/selection/thread-to-barbed-fitting-selection.generated.ts","2096"
"77","809504","SA-1/8NPT-40C-PA-W","809504","SA-1/8NPT-40C-PA-W","thread-to-barbed-fittings","active","inactive","thread-to-barbed-fittings","data/products/selection/thread-to-barbed-fitting-selection.generated.ts","2161"
"78","809505","SA-1/8NPT-48C-PA-W","809505","SA-1/8NPT-48C-PA-W","thread-to-barbed-fittings","active","inactive","thread-to-barbed-fittings","data/products/selection/thread-to-barbed-fitting-selection.generated.ts","2226"
"79","809506","SA-1/8NPT-64C-PA-W","809506","SA-1/8NPT-64C-PA-W","thread-to-barbed-fittings","active","inactive","thread-to-barbed-fittings","data/products/selection/thread-to-barbed-fitting-selection.generated.ts","2291"
"80","809507","SAL-1/8NPT-64D-PA-W","809507","SAL-1/8NPT-64D-PA-W","thread-to-barbed-fittings","active","inactive","thread-to-barbed-fittings","data/products/selection/thread-to-barbed-fitting-selection.generated.ts","2356"
"81","809509","SA-1/4NPT-64D-PA-W","809509","SA-1/4NPT-64D-PA-W","thread-to-barbed-fittings","active","inactive","thread-to-barbed-fittings","data/products/selection/thread-to-barbed-fitting-selection.generated.ts","2421"
"82","809510","SA-1/4NPT-95D-PA-W","809510","SA-1/4NPT-95D-PA-W","thread-to-barbed-fittings","active","inactive","thread-to-barbed-fittings","data/products/selection/thread-to-barbed-fitting-selection.generated.ts","2486"
"83","809546","SA-G1/8-40C-PV-N(O圈FKM)","809546","SA-G1/8-40C-PV-N(O圈FKM)","thread-to-barbed-fittings","active","inactive","thread-to-barbed-fittings","data/products/selection/thread-to-barbed-fitting-selection.generated.ts","3136"
"84","809826","SA-U32-24F-PV-N","809826","SA-U32-24F-PV-N","thread-to-barbed-fittings","active","inactive","thread-to-barbed-fittings","data/products/selection/thread-to-barbed-fitting-selection.generated.ts","2551"
"85","809867","SA-G1/8-40C-PV-N（带O圈）","809867","SA-G1/8-40C-PV-N（带O圈）","thread-to-barbed-fittings","active","inactive","thread-to-barbed-fittings","data/products/selection/thread-to-barbed-fitting-selection.generated.ts","3266"
"86","809868","SA-G1/8-40C-PP-N（带O圈）","809868","SA-G1/8-40C-PP-N（带O圈）","thread-to-barbed-fittings","active","inactive","thread-to-barbed-fittings","data/products/selection/thread-to-barbed-fitting-selection.generated.ts","3331"
"87","809873","SA-G1/8-64C-PV-N（带O圈）","809873","SA-G1/8-64C-PV-N（带O圈）","thread-to-barbed-fittings","active","inactive","thread-to-barbed-fittings","data/products/selection/thread-to-barbed-fitting-selection.generated.ts","3396"
"88","809924","SA-G1/8-64C-PP-N（带O圈）","809924","SA-G1/8-64C-PP-N（带O圈）","thread-to-barbed-fittings","active","inactive","thread-to-barbed-fittings","data/products/selection/thread-to-barbed-fitting-selection.generated.ts","3461"
"89","809948","SA-U32-16D-PP-N","809948","SA-U32-16D-PP-N","thread-to-barbed-fittings","active","inactive","thread-to-barbed-fittings","data/products/selection/thread-to-barbed-fitting-selection.generated.ts","2941"
"90","809952","SA-U32-16D-PA-W","809952","SA-U32-16D-PA-W","thread-to-barbed-fittings","active","inactive","thread-to-barbed-fittings","data/products/selection/thread-to-barbed-fitting-selection.generated.ts","3006"
"91","809953","SA-G1/8-64C-PK-N（带o圈）","809953","SA-G1/8-64C-PK-N（带o圈）","thread-to-barbed-fittings","active","inactive","thread-to-barbed-fittings","data/products/selection/thread-to-barbed-fitting-selection.generated.ts","3526"
"92","839936","SA-3/8NPT-127-PP-N","839936","SA-3/8NPT-127-PP-N","thread-to-barbed-fittings","active","inactive","thread-to-barbed-fittings","data/products/selection/thread-to-barbed-fitting-selection.generated.ts","2876"