映射来源,替代数据位置,替代数据商品编码,替代数据FOREACH型号,竞品型号数量,竞品型号,匹配状态,匹配方式,正式数据匹配数,产品中心商品编码,产品中心FOREACH型号,产品中心Slug,产品中心详情链接,产品中心标题,建议桥接键
竞品型号映射,fittingCompatibleModelProducts:fittingCompatibleModelProducts[0],809791,PNC-U32-16-PK-N,1,WK11G-10-32-K,未匹配,未匹配,0,,,,,,人工确认
竞品型号映射,fittingCompatibleModelProducts:fittingCompatibleModelProducts[1],809661,PNC6-U32-16-PK-N,2,JR-5513 | WK11F-10-32-K,未匹配,未匹配,0,,,,,,人工确认
竞品型号映射,fittingCompatibleModelProducts:fittingCompatibleModelProducts[2],136005,G-178-32-PA-V,1,FAX26-NY0,未匹配,未匹配,0,,,,,,人工确认
竞品型号映射,fittingCompatibleModelProducts:fittingCompatibleModelProducts[3],136004,G-178-48-PA-V,1,FAX86-NY0,未匹配,未匹配,0,,,,,,人工确认
竞品型号映射,fittingCompatibleModelProducts:fittingCompatibleModelProducts[4],136003,G-178-64-PA-V,1,FAX84-NY0,未匹配,未匹配,0,,,,,,人工确认
竞品型号映射,fittingCompatibleModelProducts:fittingCompatibleModelProducts[5],809927,标滚卡箍接头HNE-U28-32-PP-N,1,WD10A-28P,未匹配,未匹配,0,,,,,,人工确认
竞品型号映射,fittingCompatibleModelProducts:fittingCompatibleModelProducts[6],809922,紧凑六方卡箍接头HNE6-U28-32-PS-B,1,WF06EL-28S-黑,未匹配,未匹配,0,,,,,,人工确认
竞品型号映射,fittingCompatibleModelProducts:fittingCompatibleModelProducts[7],809421,HFL-M6-16-PV-B,1,P-982BLKx,未匹配,未匹配,0,,,,,,人工确认
竞品型号映射,fittingCompatibleModelProducts:fittingCompatibleModelProducts[8],809423,HFL-M6-32-PV-B,1,P-1082BLKx,未匹配,未匹配,0,,,,,,人工确认
竞品型号映射,fittingCompatibleModelProducts:fittingCompatibleModelProducts[9],809391,HFL-U28-16-PV-B,1,P-482BLK,未匹配,未匹配,0,,,,,,人工确认
竞品型号映射,fittingCompatibleModelProducts:fittingCompatibleModelProducts[10],809030,HFL-U28-16-PV-N,1,WF16G-1/4-28-V,未匹配,未匹配,0,,,,,,人工确认
竞品型号映射,fittingCompatibleModelProducts:fittingCompatibleModelProducts[11],809040,HFL-U28-20-PV-N,1,WF20G-1/4-28-V,未匹配,未匹配,0,,,,,,人工确认
竞品型号映射,fittingCompatibleModelProducts:fittingCompatibleModelProducts[12],809052,HFL-U28-25-PV-N,1,WF25G-1/4-28-V,未匹配,未匹配,0,,,,,,人工确认
竞品型号映射,fittingCompatibleModelProducts:fittingCompatibleModelProducts[13],809047,HFL-U28-30-PV-N,1,WF30G-1/4-28-V,未匹配,未匹配,0,,,,,,人工确认
竞品型号映射,fittingCompatibleModelProducts:fittingCompatibleModelProducts[14],809035,HFL-U28-32-PV-N,1,P-482G,未匹配,未匹配,0,,,,,,人工确认
竞品型号映射,fittingCompatibleModelProducts:fittingCompatibleModelProducts[15],809128,HNF6-M6-16-PS-B,1,008NC16-CS6B,未匹配,未匹配,0,,,,,,人工确认
竞品型号映射,fittingCompatibleModelProducts:fittingCompatibleModelProducts[16],809138,HNF6-M6-32-PS-B,1,008NC32-YC6U,未匹配,未匹配,0,,,,,,人工确认
竞品型号映射,fittingCompatibleModelProducts:fittingCompatibleModelProducts[17],809127,HNF6-U28-16-PS-B,2,008NF16-YC5B | 008NC16-CS5B,未匹配,未匹配,0,,,,,,人工确认
竞品型号映射,fittingCompatibleModelProducts:fittingCompatibleModelProducts[18],809137,HNF6-U28-32-PS-B,2,008NF32-YC5B | 008NC32-YC5U,未匹配,未匹配,0,,,,,,人工确认
竞品型号映射,fittingCompatibleModelProducts:fittingCompatibleModelProducts[19],809058,HFL6-M6-16-PS-B,1,WF16N-M6,未匹配,未匹配,0,,,,,,人工确认
竞品型号映射,fittingCompatibleModelProducts:fittingCompatibleModelProducts[20],809078,HFL6-M6-20-PS-B,1,WF20N-M6,未匹配,未匹配,0,,,,,,人工确认
竞品型号映射,fittingCompatibleModelProducts:fittingCompatibleModelProducts[21],809098,HFL6-M6-25-PS-B,1,WF25N-M6,未匹配,未匹配,0,,,,,,人工确认
竞品型号映射,fittingCompatibleModelProducts:fittingCompatibleModelProducts[22],809088,HFL6-M6-30-PS-B,1,WF30N-M6,未匹配,未匹配,0,,,,,,人工确认
竞品型号映射,fittingCompatibleModelProducts:fittingCompatibleModelProducts[23],809057,HFL6-U28-16-PS-B,1,WF16N-1/4-28,未匹配,未匹配,0,,,,,,人工确认
竞品型号映射,fittingCompatibleModelProducts:fittingCompatibleModelProducts[24],809550,HFL6-U28-16-PS-U,1,008NF-YC5U,未匹配,未匹配,0,,,,,,人工确认
竞品型号映射,fittingCompatibleModelProducts:fittingCompatibleModelProducts[25],809077,HFL6-U28-20-PS-B,1,WF20N-1/4-28,未匹配,未匹配,0,,,,,,人工确认
竞品型号映射,fittingCompatibleModelProducts:fittingCompatibleModelProducts[26],809097,HFL6-U28-25-PS-B,1,WF25N-1/4-28,未匹配,未匹配,0,,,,,,人工确认
竞品型号映射,fittingCompatibleModelProducts:fittingCompatibleModelProducts[27],809087,HFL6-U28-30-PS-B,1,WF30N-1/4-28,未匹配,未匹配,0,,,,,,人工确认
竞品型号映射,fittingCompatibleModelProducts:fittingCompatibleModelProducts[28],809201,CL-0-16-ET-N,1,008CZ16,未匹配,未匹配,0,,,,,,人工确认
竞品型号映射,fittingCompatibleModelProducts:fittingCompatibleModelProducts[29],809205,CL-0-20-ET-N,2,008CZ20 | 008CZ19,未匹配,未匹配,0,,,,,,人工确认
竞品型号映射,fittingCompatibleModelProducts:fittingCompatibleModelProducts[30],809207,CL-0-25-ET-N,1,008CZ25,未匹配,未匹配,0,,,,,,人工确认
竞品型号映射,fittingCompatibleModelProducts:fittingCompatibleModelProducts[31],809209,CL-0-30-ET-N,1,008CZ30,未匹配,未匹配,0,,,,,,人工确认
竞品型号映射,fittingCompatibleModelProducts:fittingCompatibleModelProducts[32],809203,CL-0-32-ET-N,1,008CZ32,未匹配,未匹配,0,,,,,,人工确认
竞品型号映射,fittingCompatibleModelProducts:fittingCompatibleModelProducts[33],809731,CL-0X-16-ET-N,1,P-200x,未匹配,未匹配,0,,,,,,人工确认
竞品型号映射,fittingCompatibleModelProducts:fittingCompatibleModelProducts[34],809734,CL-0X-20-ET-N,2,P-363Rx | YE-020-F,未匹配,未匹配,0,,,,,,人工确认
竞品型号映射,fittingCompatibleModelProducts:fittingCompatibleModelProducts[35],809735,CL-0X-25-ET-N,2,P-353x | YE-025-F,未匹配,未匹配,0,,,,,,人工确认
竞品型号映射,fittingCompatibleModelProducts:fittingCompatibleModelProducts[36],809736,CL-0X-30-ET-N,2,P-343x | YE-030-F,未匹配,未匹配,0,,,,,,人工确认
竞品型号映射,fittingCompatibleModelProducts:fittingCompatibleModelProducts[37],809780,CL-0X-32-ET-N,2,P-300x | YE-032-F,未匹配,未匹配,0,,,,,,人工确认
竞品型号映射,fittingCompatibleModelProducts:fittingCompatibleModelProducts[38],809937,HSF-U28-16-PK-N,1,WF06B,未匹配,未匹配,0,,,,,,人工确认
竞品型号映射,fittingCompatibleModelProducts:fittingCompatibleModelProducts[39],809861,HSF-U28-32-PEEK-N,1,WD06B,未匹配,未匹配,0,,,,,,人工确认
竞品型号映射,fittingCompatibleModelProducts:fittingCompatibleModelProducts[40],809814,HSF6-U28-16-PS-B,1,WF16FL,未匹配,未匹配,0,,,,,,人工确认
竞品型号映射,fittingCompatibleModelProducts:fittingCompatibleModelProducts[41],809828,HSF6-U28-32-PK-N,1,WD01B-28K,未匹配,未匹配,0,,,,,,人工确认
竞品型号映射,fittingCompatibleModelProducts:fittingCompatibleModelProducts[42],809815,HSF6-U28-32-PS-B,1,WD32FL,未匹配,未匹配,0,,,,,,人工确认
竞品型号映射,fittingCompatibleModelProducts:fittingCompatibleModelProducts[43],809945,紧凑卡环接头HSF6-U28-16-PK-N,1,WF01B,未匹配,未匹配,0,,,,,,人工确认
竞品型号映射,fittingCompatibleModelProducts:fittingCompatibleModelProducts[44],809654,CL-1-16,2,P-213x | P-232x,未匹配,未匹配,0,,,,,,人工确认
竞品型号映射,fittingCompatibleModelProducts:fittingCompatibleModelProducts[45],809801,CL-1S-16,3,P-250x和P-259x | 008FK16 | KCF-038SU316+YE-016F,未匹配,未匹配,0,,,,,,人工确认
竞品型号映射,fittingCompatibleModelProducts:fittingCompatibleModelProducts[46],809802,CL-1S-20,2,008FK20 | KCF-038SU316+YE-020F,未匹配,未匹配,0,,,,,,人工确认
竞品型号映射,fittingCompatibleModelProducts:fittingCompatibleModelProducts[47],809803,CL-1S-25,2,008FK25 | KCF-045SU316+YE-025F,未匹配,未匹配,0,,,,,,人工确认
竞品型号映射,fittingCompatibleModelProducts:fittingCompatibleModelProducts[48],809804,CL-1S-30,2,008FK30 | KCF-045SU316+YE-030F,未匹配,未匹配,0,,,,,,人工确认
竞品型号映射,fittingCompatibleModelProducts:fittingCompatibleModelProducts[49],809805,CL-1S-32,3,P-350x和P-359x | 008FK32 | KCF-045SU316+YE-032F,未匹配,未匹配,0,,,,,,人工确认
竞品型号映射,fittingCompatibleModelProducts:fittingCompatibleModelProducts[50],809653,CL-1X-16,1,M-650x,未匹配,未匹配,0,,,,,,人工确认
竞品型号映射,fittingCompatibleModelProducts:fittingCompatibleModelProducts[51],839041,Q2001-PMV-SACN,2,PMCD4201 | 20ACV-PB3-01,唯一匹配,productCode + foreachModel,1,839041,Q2001-PMV-SACN,quick-connect-fittings,/products/fittings/quick-connect-fittings,,productCode
竞品型号映射,fittingCompatibleModelProducts:fittingCompatibleModelProducts[52],839085,Q2001-PMV-SPPE,1,PMCD420112,唯一匹配,productCode + foreachModel,1,839085,Q2001-PMV-SPPE,quick-connect-fittings,/products/fittings/quick-connect-fittings,,productCode
竞品型号映射,fittingCompatibleModelProducts:fittingCompatibleModelProducts[53],839019,Q2001-PMX-SACN,2,PMC4201 | 20AC-PB3-01,唯一匹配,productCode + foreachModel,1,839019,Q2001-PMX-SACN,quick-connect-fittings,/products/fittings/quick-connect-fittings,,productCode
竞品型号映射,fittingCompatibleModelProducts:fittingCompatibleModelProducts[54],839063,Q2001-PMX-SPPE,2,PMC420112 | 20PP-PE3-01MALD,唯一匹配,productCode + foreachModel,1,839063,Q2001-PMX-SPPE,quick-connect-fittings,/products/fittings/quick-connect-fittings,,productCode
竞品型号映射,fittingCompatibleModelProducts:fittingCompatibleModelProducts[55],839034,Q2001-PNV-SACN,2,PMCD2201 | 20ACV-PB2-01,唯一匹配,productCode + foreachModel,1,839034,Q2001-PNV-SACN,quick-connect-fittings,/products/fittings/quick-connect-fittings,,productCode
竞品型号映射,fittingCompatibleModelProducts:fittingCompatibleModelProducts[56],839078,Q2001-PNV-SPPE,2,PMCD220112 | 20PPV-PE2-01MALD,唯一匹配,productCode + foreachModel,1,839078,Q2001-PNV-SPPE,quick-connect-fittings,/products/fittings/quick-connect-fittings,,productCode
竞品型号映射,fittingCompatibleModelProducts:fittingCompatibleModelProducts[57],839012,Q2001-PNX-SACN,2,PMC2201 | 20AC-PB2-01,唯一匹配,productCode + foreachModel,1,839012,Q2001-PNX-SACN,quick-connect-fittings,/products/fittings/quick-connect-fittings,,productCode
竞品型号映射,fittingCompatibleModelProducts:fittingCompatibleModelProducts[58],839056,Q2001-PNX-SPPE,2,PMC220112 | 20PP-PE2-01MALD,唯一匹配,productCode + foreachModel,1,839056,Q2001-PNX-SPPE,quick-connect-fittings,/products/fittings/quick-connect-fittings,,productCode
竞品型号映射,fittingCompatibleModelProducts:fittingCompatibleModelProducts[59],839030,Q2001-SMV-SACN,2,PMCD1601 | 20ACV-SB3-01,唯一匹配,productCode + foreachModel,1,839030,Q2001-SMV-SACN,quick-connect-fittings,/products/fittings/quick-connect-fittings,,productCode
竞品型号映射,fittingCompatibleModelProducts:fittingCompatibleModelProducts[60],839074,Q2001-SMV-SPPE,2,PMCD160112 | 20PPV-SE3-01MALD,唯一匹配,productCode + foreachModel,1,839074,Q2001-SMV-SPPE,quick-connect-fittings,/products/fittings/quick-connect-fittings,,productCode
竞品型号映射,fittingCompatibleModelProducts:fittingCompatibleModelProducts[61],839008,Q2001-SMX-SACN,2,PMC1601 | 20AC-S3-01,唯一匹配,productCode + foreachModel,1,839008,Q2001-SMX-SACN,quick-connect-fittings,/products/fittings/quick-connect-fittings,,productCode
竞品型号映射,fittingCompatibleModelProducts:fittingCompatibleModelProducts[62],839052,Q2001-SMX-SPPE,2,PMC160112 | 20PP-S3-01MALD,唯一匹配,productCode + foreachModel,1,839052,Q2001-SMX-SPPE,quick-connect-fittings,/products/fittings/quick-connect-fittings,,productCode
竞品型号映射,fittingCompatibleModelProducts:fittingCompatibleModelProducts[63],839023,Q2001-SNV-SACN,2,PMCD1701 | 20ACV-SB2-01,唯一匹配,productCode + foreachModel,1,839023,Q2001-SNV-SACN,quick-connect-fittings,/products/fittings/quick-connect-fittings,,productCode
竞品型号映射,fittingCompatibleModelProducts:fittingCompatibleModelProducts[64],839067,Q2001-SNV-SPPE,2,PMCD170112 | 20PPV-SE2-01MALD,唯一匹配,productCode + foreachModel,1,839067,Q2001-SNV-SPPE,quick-connect-fittings,/products/fittings/quick-connect-fittings,,productCode
竞品型号映射,fittingCompatibleModelProducts:fittingCompatibleModelProducts[65],839001,Q2001-SNX-SACN,2,PMC1701 | 20AC-S2-01,唯一匹配,productCode + foreachModel,1,839001,Q2001-SNX-SACN,quick-connect-fittings,/products/fittings/quick-connect-fittings,,productCode
竞品型号映射,fittingCompatibleModelProducts:fittingCompatibleModelProducts[66],839045,Q2001-SNX-SPPE,2,PMC170112 | 20PP-S2-01MALD,唯一匹配,productCode + foreachModel,1,839045,Q2001-SNX-SPPE,quick-connect-fittings,/products/fittings/quick-connect-fittings,,productCode
竞品型号映射,fittingCompatibleModelProducts:fittingCompatibleModelProducts[67],839042,Q2002-PMV-SACN,2,PMCD4202 | 20ACV-PB3-02,唯一匹配,productCode + foreachModel,1,839042,Q2002-PMV-SACN,quick-connect-fittings,/products/fittings/quick-connect-fittings,,productCode
竞品型号映射,fittingCompatibleModelProducts:fittingCompatibleModelProducts[68],839086,Q2002-PMV-SPPE,1,PMCD420212,唯一匹配,productCode + foreachModel,1,839086,Q2002-PMV-SPPE,quick-connect-fittings,/products/fittings/quick-connect-fittings,,productCode
竞品型号映射,fittingCompatibleModelProducts:fittingCompatibleModelProducts[69],839020,Q2002-PMX-SACN,2,PMC4202 | 20AC-PB3-02,唯一匹配,productCode + foreachModel,1,839020,Q2002-PMX-SACN,quick-connect-fittings,/products/fittings/quick-connect-fittings,,productCode
竞品型号映射,fittingCompatibleModelProducts:fittingCompatibleModelProducts[70],839064,Q2002-PMX-SPPE,2,PMC420212 | 20PP-PE3-02MALD,唯一匹配,productCode + foreachModel,1,839064,Q2002-PMX-SPPE,quick-connect-fittings,/products/fittings/quick-connect-fittings,,productCode
竞品型号映射,fittingCompatibleModelProducts:fittingCompatibleModelProducts[71],839038,Q2002-PNV-LACN,2,PMCD2302 | 20ACV-PB4-02,唯一匹配,productCode + foreachModel,1,839038,Q2002-PNV-LACN,quick-connect-fittings,/products/fittings/quick-connect-fittings,,productCode
竞品型号映射,fittingCompatibleModelProducts:fittingCompatibleModelProducts[72],839082,Q2002-PNV-LPPE,2,PMCD230212 | 20PPV-PE4-02MALD,唯一匹配,productCode + foreachModel,1,839082,Q2002-PNV-LPPE,quick-connect-fittings,/products/fittings/quick-connect-fittings,,productCode
竞品型号映射,fittingCompatibleModelProducts:fittingCompatibleModelProducts[73],839035,Q2002-PNV-SACN,2,PMCD2202 | 20ACV-PB2-02,唯一匹配,productCode + foreachModel,1,839035,Q2002-PNV-SACN,quick-connect-fittings,/products/fittings/quick-connect-fittings,,productCode
竞品型号映射,fittingCompatibleModelProducts:fittingCompatibleModelProducts[74],839079,Q2002-PNV-SPPE,2,PMCD220212 | 20PPV-PE2-02MALD,唯一匹配,productCode + foreachModel,1,839079,Q2002-PNV-SPPE,quick-connect-fittings,/products/fittings/quick-connect-fittings,,productCode
竞品型号映射,fittingCompatibleModelProducts:fittingCompatibleModelProducts[75],839016,Q2002-PNX-LACN,2,PMC2302 | 20AC-PB4-02,唯一匹配,productCode + foreachModel,1,839016,Q2002-PNX-LACN,quick-connect-fittings,/products/fittings/quick-connect-fittings,,productCode
竞品型号映射,fittingCompatibleModelProducts:fittingCompatibleModelProducts[76],839060,Q2002-PNX-LPPE,2,PMC230212 | 20PP-PE4-02MALD,唯一匹配,productCode + foreachModel,1,839060,Q2002-PNX-LPPE,quick-connect-fittings,/products/fittings/quick-connect-fittings,,productCode
竞品型号映射,fittingCompatibleModelProducts:fittingCompatibleModelProducts[77],839013,Q2002-PNX-SACN,2,PMC2202 | 20AC-PB2-02,唯一匹配,productCode + foreachModel,1,839013,Q2002-PNX-SACN,quick-connect-fittings,/products/fittings/quick-connect-fittings,,productCode
竞品型号映射,fittingCompatibleModelProducts:fittingCompatibleModelProducts[78],839057,Q2002-PNX-SPPE,2,PMC220212 | 20PP-PE2-02MALD,唯一匹配,productCode + foreachModel,1,839057,Q2002-PNX-SPPE,quick-connect-fittings,/products/fittings/quick-connect-fittings,,productCode
竞品型号映射,fittingCompatibleModelProducts:fittingCompatibleModelProducts[79],839031,Q2002-SMV-SACN,2,PMCD1602 | 20ACV-SB3-02,唯一匹配,productCode + foreachModel,1,839031,Q2002-SMV-SACN,quick-connect-fittings,/products/fittings/quick-connect-fittings,,productCode
竞品型号映射,fittingCompatibleModelProducts:fittingCompatibleModelProducts[80],839075,Q2002-SMV-SPPE,2,PMCD160212 | 20PPV-SE3-02MALD,唯一匹配,productCode + foreachModel,1,839075,Q2002-SMV-SPPE,quick-connect-fittings,/products/fittings/quick-connect-fittings,,productCode
竞品型号映射,fittingCompatibleModelProducts:fittingCompatibleModelProducts[81],839009,Q2002-SMX-SACN,2,PMC1602 | 20AC-S3-02,唯一匹配,productCode + foreachModel,1,839009,Q2002-SMX-SACN,quick-connect-fittings,/products/fittings/quick-connect-fittings,,productCode
竞品型号映射,fittingCompatibleModelProducts:fittingCompatibleModelProducts[82],839053,Q2002-SMX-SPPE,2,PMC160212 | 20PP-S3-02MALD,唯一匹配,productCode + foreachModel,1,839053,Q2002-SMX-SPPE,quick-connect-fittings,/products/fittings/quick-connect-fittings,,productCode
竞品型号映射,fittingCompatibleModelProducts:fittingCompatibleModelProducts[83],839027,Q2002-SNV-LACN,1,20ACV-SB4-02,唯一匹配,productCode + foreachModel,1,839027,Q2002-SNV-LACN,quick-connect-fittings,/products/fittings/quick-connect-fittings,,productCode
竞品型号映射,fittingCompatibleModelProducts:fittingCompatibleModelProducts[84],839024,Q2002-SNV-SACN,2,PMCD1702 | 20ACV-SB2-02,唯一匹配,productCode + foreachModel,1,839024,Q2002-SNV-SACN,quick-connect-fittings,/products/fittings/quick-connect-fittings,,productCode
竞品型号映射,fittingCompatibleModelProducts:fittingCompatibleModelProducts[85],839068,Q2002-SNV-SPPE,2,PMCD170212 | 20PPV-SE2-02MALD,唯一匹配,productCode + foreachModel,1,839068,Q2002-SNV-SPPE,quick-connect-fittings,/products/fittings/quick-connect-fittings,,productCode
竞品型号映射,fittingCompatibleModelProducts:fittingCompatibleModelProducts[86],839005,Q2002-SNX-LACN,1,20AC-S4-02,唯一匹配,productCode + foreachModel,1,839005,Q2002-SNX-LACN,quick-connect-fittings,/products/fittings/quick-connect-fittings,,productCode
竞品型号映射,fittingCompatibleModelProducts:fittingCompatibleModelProducts[87],839002,Q2002-SNX-SACN,2,PMC1702 | 20AC-S2-02,唯一匹配,productCode + foreachModel,1,839002,Q2002-SNX-SACN,quick-connect-fittings,/products/fittings/quick-connect-fittings,,productCode
竞品型号映射,fittingCompatibleModelProducts:fittingCompatibleModelProducts[88],839046,Q2002-SNX-SPPE,2,PMC170212 | 20PP-S2-02MALD,唯一匹配,productCode + foreachModel,1,839046,Q2002-SNX-SPPE,quick-connect-fittings,/products/fittings/quick-connect-fittings,,productCode
竞品型号映射,fittingCompatibleModelProducts:fittingCompatibleModelProducts[89],839043,Q2003-PMV-SACN,2,PMCD4203 | 20ACV-PB3-03,唯一匹配,productCode + foreachModel,1,839043,Q2003-PMV-SACN,quick-connect-fittings,/products/fittings/quick-connect-fittings,,productCode
竞品型号映射,fittingCompatibleModelProducts:fittingCompatibleModelProducts[90],839087,Q2003-PMV-SPPE,1,PMCD420312,唯一匹配,productCode + foreachModel,1,839087,Q2003-PMV-SPPE,quick-connect-fittings,/products/fittings/quick-connect-fittings,,productCode
竞品型号映射,fittingCompatibleModelProducts:fittingCompatibleModelProducts[91],839021,Q2003-PMX-SACN,2,PMC4203 | 20AC-PB3-03,唯一匹配,productCode + foreachModel,1,839021,Q2003-PMX-SACN,quick-connect-fittings,/products/fittings/quick-connect-fittings,,productCode
竞品型号映射,fittingCompatibleModelProducts:fittingCompatibleModelProducts[92],839065,Q2003-PMX-SPPE,2,PMC420312 | 20PP-PE3-03MALD,唯一匹配,productCode + foreachModel,1,839065,Q2003-PMX-SPPE,quick-connect-fittings,/products/fittings/quick-connect-fittings,,productCode
竞品型号映射,fittingCompatibleModelProducts:fittingCompatibleModelProducts[93],839036,Q2003-PNV-SACN,2,PMCD2203 | 20ACV-PB2-03,唯一匹配,productCode + foreachModel,1,839036,Q2003-PNV-SACN,quick-connect-fittings,/products/fittings/quick-connect-fittings,,productCode
竞品型号映射,fittingCompatibleModelProducts:fittingCompatibleModelProducts[94],839080,Q2003-PNV-SPPE,2,PMCD220312 | 20PPV-PE2-03MALD,唯一匹配,productCode + foreachModel,1,839080,Q2003-PNV-SPPE,quick-connect-fittings,/products/fittings/quick-connect-fittings,,productCode
竞品型号映射,fittingCompatibleModelProducts:fittingCompatibleModelProducts[95],839014,Q2003-PNX-SACN,2,PMC2203 | 20AC-PB2-03,唯一匹配,productCode + foreachModel,1,839014,Q2003-PNX-SACN,quick-connect-fittings,/products/fittings/quick-connect-fittings,,productCode
竞品型号映射,fittingCompatibleModelProducts:fittingCompatibleModelProducts[96],839058,Q2003-PNX-SPPE,2,PMC220312 | 20PP-PE2-03MALD,唯一匹配,productCode + foreachModel,1,839058,Q2003-PNX-SPPE,quick-connect-fittings,/products/fittings/quick-connect-fittings,,productCode
竞品型号映射,fittingCompatibleModelProducts:fittingCompatibleModelProducts[97],839032,Q2003-SMV-SACN,2,PMCD1603 | 20ACV-SB3-03,唯一匹配,productCode + foreachModel,1,839032,Q2003-SMV-SACN,quick-connect-fittings,/products/fittings/quick-connect-fittings,,productCode
竞品型号映射,fittingCompatibleModelProducts:fittingCompatibleModelProducts[98],839076,Q2003-SMV-SPPE,1,PMCD160312,唯一匹配,productCode + foreachModel,1,839076,Q2003-SMV-SPPE,quick-connect-fittings,/products/fittings/quick-connect-fittings,,productCode
竞品型号映射,fittingCompatibleModelProducts:fittingCompatibleModelProducts[99],839010,Q2003-SMX-SACN,2,PMC1603 | 20AC-S3-03,唯一匹配,productCode + foreachModel,1,839010,Q2003-SMX-SACN,quick-connect-fittings,/products/fittings/quick-connect-fittings,,productCode
竞品型号映射,fittingCompatibleModelProducts:fittingCompatibleModelProducts[100],839054,Q2003-SMX-SPPE,1,PMC160312,唯一匹配,productCode + foreachModel,1,839054,Q2003-SMX-SPPE,quick-connect-fittings,/products/fittings/quick-connect-fittings,,productCode
竞品型号映射,fittingCompatibleModelProducts:fittingCompatibleModelProducts[101],839025,Q2003-SNV-SACN,2,PMCD1703 | 20ACV-SB2-03,唯一匹配,productCode + foreachModel,1,839025,Q2003-SNV-SACN,quick-connect-fittings,/products/fittings/quick-connect-fittings,,productCode
竞品型号映射,fittingCompatibleModelProducts:fittingCompatibleModelProducts[102],839069,Q2003-SNV-SPPE,2,PMCD170312 | 20PPV-SE2-03MALD,唯一匹配,productCode + foreachModel,1,839069,Q2003-SNV-SPPE,quick-connect-fittings,/products/fittings/quick-connect-fittings,,productCode
竞品型号映射,fittingCompatibleModelProducts:fittingCompatibleModelProducts[103],839003,Q2003-SNX-SACN,2,PMC1703 | 20AC-S2-03,唯一匹配,productCode + foreachModel,1,839003,Q2003-SNX-SACN,quick-connect-fittings,/products/fittings/quick-connect-fittings,,productCode
竞品型号映射,fittingCompatibleModelProducts:fittingCompatibleModelProducts[104],839047,Q2003-SNX-SPPE,2,PMC170312 | 20PP-S2-03MALD,唯一匹配,productCode + foreachModel,1,839047,Q2003-SNX-SPPE,quick-connect-fittings,/products/fittings/quick-connect-fittings,,productCode
竞品型号映射,fittingCompatibleModelProducts:fittingCompatibleModelProducts[105],839044,Q2004-PMV-SACN,2,PMCD4204 | 20ACV-PB3-04,唯一匹配,productCode + foreachModel,1,839044,Q2004-PMV-SACN,quick-connect-fittings,/products/fittings/quick-connect-fittings,,productCode
竞品型号映射,fittingCompatibleModelProducts:fittingCompatibleModelProducts[106],839088,Q2004-PMV-SPPE,1,PMCD420412,唯一匹配,productCode + foreachModel,1,839088,Q2004-PMV-SPPE,quick-connect-fittings,/products/fittings/quick-connect-fittings,,productCode
竞品型号映射,fittingCompatibleModelProducts:fittingCompatibleModelProducts[107],839022,Q2004-PMX-SACN,2,PMC4204 | 20AC-PB3-04,唯一匹配,productCode + foreachModel,1,839022,Q2004-PMX-SACN,quick-connect-fittings,/products/fittings/quick-connect-fittings,,productCode
竞品型号映射,fittingCompatibleModelProducts:fittingCompatibleModelProducts[108],839066,Q2004-PMX-SPPE,2,PMC420412 | 20PP-PE3-04MALD,唯一匹配,productCode + foreachModel,1,839066,Q2004-PMX-SPPE,quick-connect-fittings,/products/fittings/quick-connect-fittings,,productCode
竞品型号映射,fittingCompatibleModelProducts:fittingCompatibleModelProducts[109],839039,Q2004-PNV-LACN,2,PMCD2304 | 20ACV-PB4-04,唯一匹配,productCode + foreachModel,1,839039,Q2004-PNV-LACN,quick-connect-fittings,/products/fittings/quick-connect-fittings,,productCode
竞品型号映射,fittingCompatibleModelProducts:fittingCompatibleModelProducts[110],839083,Q2004-PNV-LPPE,2,PMCD230412 | 20PPV-PE4-04MALD,唯一匹配,productCode + foreachModel,1,839083,Q2004-PNV-LPPE,quick-connect-fittings,/products/fittings/quick-connect-fittings,,productCode
竞品型号映射,fittingCompatibleModelProducts:fittingCompatibleModelProducts[111],839037,Q2004-PNV-SACN,2,PMCD2204 | 20ACV-PB2-04,唯一匹配,productCode + foreachModel,1,839037,Q2004-PNV-SACN,quick-connect-fittings,/products/fittings/quick-connect-fittings,,productCode
竞品型号映射,fittingCompatibleModelProducts:fittingCompatibleModelProducts[112],839081,Q2004-PNV-SPPE,2,PMCD220412 | 20PPV-PE2-04MALD,唯一匹配,productCode + foreachModel,1,839081,Q2004-PNV-SPPE,quick-connect-fittings,/products/fittings/quick-connect-fittings,,productCode
竞品型号映射,fittingCompatibleModelProducts:fittingCompatibleModelProducts[113],839017,Q2004-PNX-LACN,2,PMC2304 | 20AC-PB4-04,唯一匹配,productCode + foreachModel,1,839017,Q2004-PNX-LACN,quick-connect-fittings,/products/fittings/quick-connect-fittings,,productCode
竞品型号映射,fittingCompatibleModelProducts:fittingCompatibleModelProducts[114],839061,Q2004-PNX-LPPE,2,PMC230412 | 20PP-PE4-04MALD,唯一匹配,productCode + foreachModel,1,839061,Q2004-PNX-LPPE,quick-connect-fittings,/products/fittings/quick-connect-fittings,,productCode
竞品型号映射,fittingCompatibleModelProducts:fittingCompatibleModelProducts[115],839015,Q2004-PNX-SACN,2,PMC2204 | 20AC-PB2-04,唯一匹配,productCode + foreachModel,1,839015,Q2004-PNX-SACN,quick-connect-fittings,/products/fittings/quick-connect-fittings,,productCode
竞品型号映射,fittingCompatibleModelProducts:fittingCompatibleModelProducts[116],839059,Q2004-PNX-SPPE,2,PMC220412 | 20PP-PE2-04MALD,唯一匹配,productCode + foreachModel,1,839059,Q2004-PNX-SPPE,quick-connect-fittings,/products/fittings/quick-connect-fittings,,productCode
竞品型号映射,fittingCompatibleModelProducts:fittingCompatibleModelProducts[117],839033,Q2004-SMV-SACN,2,PMCD1604 | 20ACV-SB3-04,唯一匹配,productCode + foreachModel,1,839033,Q2004-SMV-SACN,quick-connect-fittings,/products/fittings/quick-connect-fittings,,productCode
竞品型号映射,fittingCompatibleModelProducts:fittingCompatibleModelProducts[118],839077,Q2004-SMV-SPPE,2,PMCD160412 | 20PPV-SE3-04MALD,唯一匹配,productCode + foreachModel,1,839077,Q2004-SMV-SPPE,quick-connect-fittings,/products/fittings/quick-connect-fittings,,productCode
竞品型号映射,fittingCompatibleModelProducts:fittingCompatibleModelProducts[119],839011,Q2004-SMX-SACN,2,PMC1604 | 20AC-S3-04,唯一匹配,productCode + foreachModel,1,839011,Q2004-SMX-SACN,quick-connect-fittings,/products/fittings/quick-connect-fittings,,productCode
竞品型号映射,fittingCompatibleModelProducts:fittingCompatibleModelProducts[120],839055,Q2004-SMX-SPPE,2,PMC160412 | 20PP-S3-04MALD,唯一匹配,productCode + foreachModel,1,839055,Q2004-SMX-SPPE,quick-connect-fittings,/products/fittings/quick-connect-fittings,,productCode
竞品型号映射,fittingCompatibleModelProducts:fittingCompatibleModelProducts[121],839028,Q2004-SNV-LACN,1,20ACV-SB4-04,唯一匹配,productCode + foreachModel,1,839028,Q2004-SNV-LACN,quick-connect-fittings,/products/fittings/quick-connect-fittings,,productCode
竞品型号映射,fittingCompatibleModelProducts:fittingCompatibleModelProducts[122],839026,Q2004-SNV-SACN,2,PMCD1704 | 20ACV-SB2-04,唯一匹配,productCode + foreachModel,1,839026,Q2004-SNV-SACN,quick-connect-fittings,/products/fittings/quick-connect-fittings,,productCode
竞品型号映射,fittingCompatibleModelProducts:fittingCompatibleModelProducts[123],839070,Q2004-SNV-SPPE,2,PMCD170412 | 20PPV-SE2-04MALD,唯一匹配,productCode + foreachModel,1,839070,Q2004-SNV-SPPE,quick-connect-fittings,/products/fittings/quick-connect-fittings,,productCode
竞品型号映射,fittingCompatibleModelProducts:fittingCompatibleModelProducts[124],839006,Q2004-SNX-LACN,1,20AC-S4-04,唯一匹配,productCode + foreachModel,1,839006,Q2004-SNX-LACN,quick-connect-fittings,/products/fittings/quick-connect-fittings,,productCode
竞品型号映射,fittingCompatibleModelProducts:fittingCompatibleModelProducts[125],839004,Q2004-SNX-SACN,2,PMC1704 | 20AC-S2-04,唯一匹配,productCode + foreachModel,1,839004,Q2004-SNX-SACN,quick-connect-fittings,/products/fittings/quick-connect-fittings,,productCode
竞品型号映射,fittingCompatibleModelProducts:fittingCompatibleModelProducts[126],839048,Q2004-SNX-SPPE,2,PMC170412 | 20PP-S2-04MALD,唯一匹配,productCode + foreachModel,1,839048,Q2004-SNX-SPPE,quick-connect-fittings,/products/fittings/quick-connect-fittings,,productCode
竞品型号映射,fittingCompatibleModelProducts:fittingCompatibleModelProducts[127],839040,Q2018N-PNV-SACN,2,PMCD2402 | 20ACV-PB1-02,唯一匹配,productCode + foreachModel,1,839040,Q2018N-PNV-SACN,quick-connect-fittings,/products/fittings/quick-connect-fittings,,productCode
竞品型号映射,fittingCompatibleModelProducts:fittingCompatibleModelProducts[128],839084,Q2018N-PNV-SPPE,2,PMCD240212 | 20PPV-PE1-02MALD,唯一匹配,productCode + foreachModel,1,839084,Q2018N-PNV-SPPE,quick-connect-fittings,/products/fittings/quick-connect-fittings,,productCode
竞品型号映射,fittingCompatibleModelProducts:fittingCompatibleModelProducts[129],839018,Q2018N-PNX-SACN,2,PMC2402 | 20AC-PB1-02,唯一匹配,productCode + foreachModel,1,839018,Q2018N-PNX-SACN,quick-connect-fittings,/products/fittings/quick-connect-fittings,,productCode
竞品型号映射,fittingCompatibleModelProducts:fittingCompatibleModelProducts[130],839062,Q2018N-PNX-SPPE,2,PMC240212 | 20PP-PE1-02MALD,唯一匹配,productCode + foreachModel,1,839062,Q2018N-PNX-SPPE,quick-connect-fittings,/products/fittings/quick-connect-fittings,,productCode
竞品型号映射,fittingCompatibleModelProducts:fittingCompatibleModelProducts[131],839109,Q2018T-SNV-SACN,2,PMCD1002 | 20ACV-SB1-02,唯一匹配,productCode + foreachModel,1,839109,Q2018T-SNV-SACN,quick-connect-fittings,/products/fittings/quick-connect-fittings,,productCode
竞品型号映射,fittingCompatibleModelProducts:fittingCompatibleModelProducts[132],839097,Q2018T-SNV-SPPE,2,PMCD100212 | 20PPV-SE1-02-MALD,唯一匹配,productCode + foreachModel,1,839097,Q2018T-SNV-SPPE,quick-connect-fittings,/products/fittings/quick-connect-fittings,,productCode
竞品型号映射,fittingCompatibleModelProducts:fittingCompatibleModelProducts[133],839110,Q2018T-SNX-SACN,2,PMC1002 | 20AC-S1-02,唯一匹配,productCode + foreachModel,1,839110,Q2018T-SNX-SACN,quick-connect-fittings,/products/fittings/quick-connect-fittings,,productCode
竞品型号映射,fittingCompatibleModelProducts:fittingCompatibleModelProducts[134],839104,Q2018T-SNX-SPPE,2,PMC100212 | 20PP-S1-02-MALD,唯一匹配,productCode + foreachModel,1,839104,Q2018T-SNX-SPPE,quick-connect-fittings,/products/fittings/quick-connect-fittings,,productCode
竞品型号映射,fittingCompatibleModelProducts:fittingCompatibleModelProducts[227],809728,HN-M6-16-PK-N,1,WF07B-M6K,未匹配,未匹配,0,,,,,,人工确认
竞品型号映射,fittingCompatibleModelProducts:fittingCompatibleModelProducts[228],809729,HN-M6-32-PK-N,1,WP07B-M6K,未匹配,未匹配,0,,,,,,人工确认
竞品型号映射,fittingCompatibleModelProducts:fittingCompatibleModelProducts[229],809726,HN-U28-16-PK-N,1,WF07B-28K,未匹配,未匹配,0,,,,,,人工确认
竞品型号映射,fittingCompatibleModelProducts:fittingCompatibleModelProducts[230],809727,HN-U28-32-PK-N,1,WP07B-28K,未匹配,未匹配,0,,,,,,人工确认
竞品型号映射,fittingCompatibleModelProducts:fittingCompatibleModelProducts[231],809732,HN6-M6-16-PK-N,1,WF09B-M6K,未匹配,未匹配,0,,,,,,人工确认
竞品型号映射,fittingCompatibleModelProducts:fittingCompatibleModelProducts[232],809733,HN6-M6-32-PK-N,1,WP08B-M6K,未匹配,未匹配,0,,,,,,人工确认
竞品型号映射,fittingCompatibleModelProducts:fittingCompatibleModelProducts[233],809730,HN6-U28-16-PK-N,1,WF09B-28K,未匹配,未匹配,0,,,,,,人工确认
竞品型号映射,fittingCompatibleModelProducts:fittingCompatibleModelProducts[234],809923,HN6-U28-32-PK-B,1,WP08B-28K,未匹配,未匹配,0,,,,,,人工确认
竞品型号映射,fittingCompatibleModelProducts:fittingCompatibleModelProducts[235],809753,HF6-U28-20-PS-B,1,WF21B-1/4-S-黑,未匹配,未匹配,0,,,,,,人工确认
竞品型号映射,fittingCompatibleModelProducts:fittingCompatibleModelProducts[236],809755,HF6-U28-25-PS-B,1,WF26B-1/4-S-黑,未匹配,未匹配,0,,,,,,人工确认
竞品型号映射,fittingCompatibleModelProducts:fittingCompatibleModelProducts[237],809757,HF6-U28-32-PS-B,1,WF33B-1/4-S-黑,未匹配,未匹配,0,,,,,,人工确认
