商品编码,FOREACH型号,标题,Slug,详情链接,数据位置
839091,Q2002-PNV-SACF,,quick-connect-fittings,/products/fittings/quick-connect-fittings,quickConnectFittingSelectionProducts:quickConnectFittingSelectionProducts[22]
839071,Q2002-SNV-LPPE,,quick-connect-fittings,/products/fittings/quick-connect-fittings,quickConnectFittingSelectionProducts:quickConnectFittingSelectionProducts[34]
839092,Q2002-SNV-SACF,,quick-connect-fittings,/products/fittings/quick-connect-fittings,quickConnectFittingSelectionProducts:quickConnectFittingSelectionProducts[35]
839049,Q2002-SNX-LPPE,,quick-connect-fittings,/products/fittings/quick-connect-fittings,quickConnectFittingSelectionProducts:quickConnectFittingSelectionProducts[39]
839072,Q2004-SNV-LPPE,,quick-connect-fittings,/products/fittings/quick-connect-fittings,quickConnectFittingSelectionProducts:quickConnectFittingSelectionProducts[75]
839050,Q2004-SNX-LPPE,,quick-connect-fittings,/products/fittings/quick-connect-fittings,quickConnectFittingSelectionProducts:quickConnectFittingSelectionProducts[79]
839029,Q2018N-SNV-SACN,,quick-connect-fittings,/products/fittings/quick-connect-fittings,quickConnectFittingSelectionProducts:quickConnectFittingSelectionProducts[86]
839073,Q2018N-SNV-SPPE,,quick-connect-fittings,/products/fittings/quick-connect-fittings,quickConnectFittingSelectionProducts:quickConnectFittingSelectionProducts[87]
839007,Q2018N-SNX-SACN,,quick-connect-fittings,/products/fittings/quick-connect-fittings,quickConnectFittingSelectionProducts:quickConnectFittingSelectionProducts[88]
839051,Q2018N-SNX-SPPE,,quick-connect-fittings,/products/fittings/quick-connect-fittings,quickConnectFittingSelectionProducts:quickConnectFittingSelectionProducts[89]
839108,Q2028U-PNV-SACN,,quick-connect-fittings,/products/fittings/quick-connect-fittings,quickConnectFittingSelectionProducts:quickConnectFittingSelectionProducts[94]
839106,Q2028U-PNV-SPPE,,quick-connect-fittings,/products/fittings/quick-connect-fittings,quickConnectFittingSelectionProducts:quickConnectFittingSelectionProducts[95]
839107,Q2028U-SMV-SACN,,quick-connect-fittings,/products/fittings/quick-connect-fittings,quickConnectFittingSelectionProducts:quickConnectFittingSelectionProducts[96]
839105,Q2028U-SMV-SPPE,,quick-connect-fittings,/products/fittings/quick-connect-fittings,quickConnectFittingSelectionProducts:quickConnectFittingSelectionProducts[97]
