替代页商品编码,替代页FOREACH型号,替代页标题,替代页Href,替代页数据位置,正式数据匹配数,匹配状态,产品中心商品编码,产品中心FOREACH型号,产品中心Slug,产品中心详情链接
839041,Q2001-PMV-SACN,,/products/fittings/quick-connect-fittings/q2001-pmv-sacn,fittingReplacementAllCompatibleProducts:fittingReplacementAllCompatibleProducts[51],1,唯一匹配,839041,Q2001-PMV-SACN,quick-connect-fittings,/products/fittings/quick-connect-fittings
839085,Q2001-PMV-SPPE,,/products/fittings/quick-connect-fittings/q2001-pmv-sppe,fittingReplacementAllCompatibleProducts:fittingReplacementAllCompatibleProducts[52],1,唯一匹配,839085,Q2001-PMV-SPPE,quick-connect-fittings,/products/fittings/quick-connect-fittings
839019,Q2001-PMX-SACN,,/products/fittings/quick-connect-fittings/q2001-pmx-sacn,fittingReplacementAllCompatibleProducts:fittingReplacementAllCompatibleProducts[53],1,唯一匹配,839019,Q2001-PMX-SACN,quick-connect-fittings,/products/fittings/quick-connect-fittings
839063,Q2001-PMX-SPPE,,/products/fittings/quick-connect-fittings/q2001-pmx-sppe,fittingReplacementAllCompatibleProducts:fittingReplacementAllCompatibleProducts[54],1,唯一匹配,839063,Q2001-PMX-SPPE,quick-connect-fittings,/products/fittings/quick-connect-fittings
839034,Q2001-PNV-SACN,,/products/fittings/quick-connect-fittings/q2001-pnv-sacn,fittingReplacementAllCompatibleProducts:fittingReplacementAllCompatibleProducts[55],1,唯一匹配,839034,Q2001-PNV-SACN,quick-connect-fittings,/products/fittings/quick-connect-fittings
839078,Q2001-PNV-SPPE,,/products/fittings/quick-connect-fittings/q2001-pnv-sppe,fittingReplacementAllCompatibleProducts:fittingReplacementAllCompatibleProducts[56],1,唯一匹配,839078,Q2001-PNV-SPPE,quick-connect-fittings,/products/fittings/quick-connect-fittings
839012,Q2001-PNX-SACN,,/products/fittings/quick-connect-fittings/q2001-pnx-sacn,fittingReplacementAllCompatibleProducts:fittingReplacementAllCompatibleProducts[57],1,唯一匹配,839012,Q2001-PNX-SACN,quick-connect-fittings,/products/fittings/quick-connect-fittings
839056,Q2001-PNX-SPPE,,/products/fittings/quick-connect-fittings/q2001-pnx-sppe,fittingReplacementAllCompatibleProducts:fittingReplacementAllCompatibleProducts[58],1,唯一匹配,839056,Q2001-PNX-SPPE,quick-connect-fittings,/products/fittings/quick-connect-fittings
839030,Q2001-SMV-SACN,,/products/fittings/quick-connect-fittings/q2001-smv-sacn,fittingReplacementAllCompatibleProducts:fittingReplacementAllCompatibleProducts[59],1,唯一匹配,839030,Q2001-SMV-SACN,quick-connect-fittings,/products/fittings/quick-connect-fittings
839074,Q2001-SMV-SPPE,,/products/fittings/quick-connect-fittings/q2001-smv-sppe,fittingReplacementAllCompatibleProducts:fittingReplacementAllCompatibleProducts[60],1,唯一匹配,839074,Q2001-SMV-SPPE,quick-connect-fittings,/products/fittings/quick-connect-fittings
839008,Q2001-SMX-SACN,,/products/fittings/quick-connect-fittings/q2001-smx-sacn,fittingReplacementAllCompatibleProducts:fittingReplacementAllCompatibleProducts[61],1,唯一匹配,839008,Q2001-SMX-SACN,quick-connect-fittings,/products/fittings/quick-connect-fittings
839052,Q2001-SMX-SPPE,,/products/fittings/quick-connect-fittings/q2001-smx-sppe,fittingReplacementAllCompatibleProducts:fittingReplacementAllCompatibleProducts[62],1,唯一匹配,839052,Q2001-SMX-SPPE,quick-connect-fittings,/products/fittings/quick-connect-fittings
839023,Q2001-SNV-SACN,,/products/fittings/quick-connect-fittings/q2001-snv-sacn,fittingReplacementAllCompatibleProducts:fittingReplacementAllCompatibleProducts[63],1,唯一匹配,839023,Q2001-SNV-SACN,quick-connect-fittings,/products/fittings/quick-connect-fittings
839067,Q2001-SNV-SPPE,,/products/fittings/quick-connect-fittings/q2001-snv-sppe,fittingReplacementAllCompatibleProducts:fittingReplacementAllCompatibleProducts[64],1,唯一匹配,839067,Q2001-SNV-SPPE,quick-connect-fittings,/products/fittings/quick-connect-fittings
839001,Q2001-SNX-SACN,,/products/fittings/quick-connect-fittings/q2001-snx-sacn,fittingReplacementAllCompatibleProducts:fittingReplacementAllCompatibleProducts[65],1,唯一匹配,839001,Q2001-SNX-SACN,quick-connect-fittings,/products/fittings/quick-connect-fittings
839045,Q2001-SNX-SPPE,,/products/fittings/quick-connect-fittings/q2001-snx-sppe,fittingReplacementAllCompatibleProducts:fittingReplacementAllCompatibleProducts[66],1,唯一匹配,839045,Q2001-SNX-SPPE,quick-connect-fittings,/products/fittings/quick-connect-fittings
839042,Q2002-PMV-SACN,,/products/fittings/quick-connect-fittings/q2002-pmv-sacn,fittingReplacementAllCompatibleProducts:fittingReplacementAllCompatibleProducts[67],1,唯一匹配,839042,Q2002-PMV-SACN,quick-connect-fittings,/products/fittings/quick-connect-fittings
839086,Q2002-PMV-SPPE,,/products/fittings/quick-connect-fittings/q2002-pmv-sppe,fittingReplacementAllCompatibleProducts:fittingReplacementAllCompatibleProducts[68],1,唯一匹配,839086,Q2002-PMV-SPPE,quick-connect-fittings,/products/fittings/quick-connect-fittings
839020,Q2002-PMX-SACN,,/products/fittings/quick-connect-fittings/q2002-pmx-sacn,fittingReplacementAllCompatibleProducts:fittingReplacementAllCompatibleProducts[69],1,唯一匹配,839020,Q2002-PMX-SACN,quick-connect-fittings,/products/fittings/quick-connect-fittings
839064,Q2002-PMX-SPPE,,/products/fittings/quick-connect-fittings/q2002-pmx-sppe,fittingReplacementAllCompatibleProducts:fittingReplacementAllCompatibleProducts[70],1,唯一匹配,839064,Q2002-PMX-SPPE,quick-connect-fittings,/products/fittings/quick-connect-fittings
839038,Q2002-PNV-LACN,,/products/fittings/quick-connect-fittings/q2002-pnv-lacn,fittingReplacementAllCompatibleProducts:fittingReplacementAllCompatibleProducts[71],1,唯一匹配,839038,Q2002-PNV-LACN,quick-connect-fittings,/products/fittings/quick-connect-fittings
839082,Q2002-PNV-LPPE,,/products/fittings/quick-connect-fittings/q2002-pnv-lppe,fittingReplacementAllCompatibleProducts:fittingReplacementAllCompatibleProducts[72],1,唯一匹配,839082,Q2002-PNV-LPPE,quick-connect-fittings,/products/fittings/quick-connect-fittings
839035,Q2002-PNV-SACN,,/products/fittings/quick-connect-fittings/q2002-pnv-sacn,fittingReplacementAllCompatibleProducts:fittingReplacementAllCompatibleProducts[73],1,唯一匹配,839035,Q2002-PNV-SACN,quick-connect-fittings,/products/fittings/quick-connect-fittings
839079,Q2002-PNV-SPPE,,/products/fittings/quick-connect-fittings/q2002-pnv-sppe,fittingReplacementAllCompatibleProducts:fittingReplacementAllCompatibleProducts[74],1,唯一匹配,839079,Q2002-PNV-SPPE,quick-connect-fittings,/products/fittings/quick-connect-fittings
839016,Q2002-PNX-LACN,,/products/fittings/quick-connect-fittings/q2002-pnx-lacn,fittingReplacementAllCompatibleProducts:fittingReplacementAllCompatibleProducts[75],1,唯一匹配,839016,Q2002-PNX-LACN,quick-connect-fittings,/products/fittings/quick-connect-fittings
839060,Q2002-PNX-LPPE,,/products/fittings/quick-connect-fittings/q2002-pnx-lppe,fittingReplacementAllCompatibleProducts:fittingReplacementAllCompatibleProducts[76],1,唯一匹配,839060,Q2002-PNX-LPPE,quick-connect-fittings,/products/fittings/quick-connect-fittings
839013,Q2002-PNX-SACN,,/products/fittings/quick-connect-fittings/q2002-pnx-sacn,fittingReplacementAllCompatibleProducts:fittingReplacementAllCompatibleProducts[77],1,唯一匹配,839013,Q2002-PNX-SACN,quick-connect-fittings,/products/fittings/quick-connect-fittings
839057,Q2002-PNX-SPPE,,/products/fittings/quick-connect-fittings/q2002-pnx-sppe,fittingReplacementAllCompatibleProducts:fittingReplacementAllCompatibleProducts[78],1,唯一匹配,839057,Q2002-PNX-SPPE,quick-connect-fittings,/products/fittings/quick-connect-fittings
839031,Q2002-SMV-SACN,,/products/fittings/quick-connect-fittings/q2002-smv-sacn,fittingReplacementAllCompatibleProducts:fittingReplacementAllCompatibleProducts[79],1,唯一匹配,839031,Q2002-SMV-SACN,quick-connect-fittings,/products/fittings/quick-connect-fittings
839075,Q2002-SMV-SPPE,,/products/fittings/quick-connect-fittings/q2002-smv-sppe,fittingReplacementAllCompatibleProducts:fittingReplacementAllCompatibleProducts[80],1,唯一匹配,839075,Q2002-SMV-SPPE,quick-connect-fittings,/products/fittings/quick-connect-fittings
839009,Q2002-SMX-SACN,,/products/fittings/quick-connect-fittings/q2002-smx-sacn,fittingReplacementAllCompatibleProducts:fittingReplacementAllCompatibleProducts[81],1,唯一匹配,839009,Q2002-SMX-SACN,quick-connect-fittings,/products/fittings/quick-connect-fittings
839053,Q2002-SMX-SPPE,,/products/fittings/quick-connect-fittings/q2002-smx-sppe,fittingReplacementAllCompatibleProducts:fittingReplacementAllCompatibleProducts[82],1,唯一匹配,839053,Q2002-SMX-SPPE,quick-connect-fittings,/products/fittings/quick-connect-fittings
839027,Q2002-SNV-LACN,,/products/fittings/quick-connect-fittings/q2002-snv-lacn,fittingReplacementAllCompatibleProducts:fittingReplacementAllCompatibleProducts[83],1,唯一匹配,839027,Q2002-SNV-LACN,quick-connect-fittings,/products/fittings/quick-connect-fittings
839024,Q2002-SNV-SACN,,/products/fittings/quick-connect-fittings/q2002-snv-sacn,fittingReplacementAllCompatibleProducts:fittingReplacementAllCompatibleProducts[84],1,唯一匹配,839024,Q2002-SNV-SACN,quick-connect-fittings,/products/fittings/quick-connect-fittings
839068,Q2002-SNV-SPPE,,/products/fittings/quick-connect-fittings/q2002-snv-sppe,fittingReplacementAllCompatibleProducts:fittingReplacementAllCompatibleProducts[85],1,唯一匹配,839068,Q2002-SNV-SPPE,quick-connect-fittings,/products/fittings/quick-connect-fittings
839005,Q2002-SNX-LACN,,/products/fittings/quick-connect-fittings/q2002-snx-lacn,fittingReplacementAllCompatibleProducts:fittingReplacementAllCompatibleProducts[86],1,唯一匹配,839005,Q2002-SNX-LACN,quick-connect-fittings,/products/fittings/quick-connect-fittings
839002,Q2002-SNX-SACN,,/products/fittings/quick-connect-fittings/q2002-snx-sacn,fittingReplacementAllCompatibleProducts:fittingReplacementAllCompatibleProducts[87],1,唯一匹配,839002,Q2002-SNX-SACN,quick-connect-fittings,/products/fittings/quick-connect-fittings
839046,Q2002-SNX-SPPE,,/products/fittings/quick-connect-fittings/q2002-snx-sppe,fittingReplacementAllCompatibleProducts:fittingReplacementAllCompatibleProducts[88],1,唯一匹配,839046,Q2002-SNX-SPPE,quick-connect-fittings,/products/fittings/quick-connect-fittings
839043,Q2003-PMV-SACN,,/products/fittings/quick-connect-fittings/q2003-pmv-sacn,fittingReplacementAllCompatibleProducts:fittingReplacementAllCompatibleProducts[89],1,唯一匹配,839043,Q2003-PMV-SACN,quick-connect-fittings,/products/fittings/quick-connect-fittings
839087,Q2003-PMV-SPPE,,/products/fittings/quick-connect-fittings/q2003-pmv-sppe,fittingReplacementAllCompatibleProducts:fittingReplacementAllCompatibleProducts[90],1,唯一匹配,839087,Q2003-PMV-SPPE,quick-connect-fittings,/products/fittings/quick-connect-fittings
839021,Q2003-PMX-SACN,,/products/fittings/quick-connect-fittings/q2003-pmx-sacn,fittingReplacementAllCompatibleProducts:fittingReplacementAllCompatibleProducts[91],1,唯一匹配,839021,Q2003-PMX-SACN,quick-connect-fittings,/products/fittings/quick-connect-fittings
839065,Q2003-PMX-SPPE,,/products/fittings/quick-connect-fittings/q2003-pmx-sppe,fittingReplacementAllCompatibleProducts:fittingReplacementAllCompatibleProducts[92],1,唯一匹配,839065,Q2003-PMX-SPPE,quick-connect-fittings,/products/fittings/quick-connect-fittings
839036,Q2003-PNV-SACN,,/products/fittings/quick-connect-fittings/q2003-pnv-sacn,fittingReplacementAllCompatibleProducts:fittingReplacementAllCompatibleProducts[93],1,唯一匹配,839036,Q2003-PNV-SACN,quick-connect-fittings,/products/fittings/quick-connect-fittings
839080,Q2003-PNV-SPPE,,/products/fittings/quick-connect-fittings/q2003-pnv-sppe,fittingReplacementAllCompatibleProducts:fittingReplacementAllCompatibleProducts[94],1,唯一匹配,839080,Q2003-PNV-SPPE,quick-connect-fittings,/products/fittings/quick-connect-fittings
839014,Q2003-PNX-SACN,,/products/fittings/quick-connect-fittings/q2003-pnx-sacn,fittingReplacementAllCompatibleProducts:fittingReplacementAllCompatibleProducts[95],1,唯一匹配,839014,Q2003-PNX-SACN,quick-connect-fittings,/products/fittings/quick-connect-fittings
839058,Q2003-PNX-SPPE,,/products/fittings/quick-connect-fittings/q2003-pnx-sppe,fittingReplacementAllCompatibleProducts:fittingReplacementAllCompatibleProducts[96],1,唯一匹配,839058,Q2003-PNX-SPPE,quick-connect-fittings,/products/fittings/quick-connect-fittings
839032,Q2003-SMV-SACN,,/products/fittings/quick-connect-fittings/q2003-smv-sacn,fittingReplacementAllCompatibleProducts:fittingReplacementAllCompatibleProducts[97],1,唯一匹配,839032,Q2003-SMV-SACN,quick-connect-fittings,/products/fittings/quick-connect-fittings
839076,Q2003-SMV-SPPE,,/products/fittings/quick-connect-fittings/q2003-smv-sppe,fittingReplacementAllCompatibleProducts:fittingReplacementAllCompatibleProducts[98],1,唯一匹配,839076,Q2003-SMV-SPPE,quick-connect-fittings,/products/fittings/quick-connect-fittings
839010,Q2003-SMX-SACN,,/products/fittings/quick-connect-fittings/q2003-smx-sacn,fittingReplacementAllCompatibleProducts:fittingReplacementAllCompatibleProducts[99],1,唯一匹配,839010,Q2003-SMX-SACN,quick-connect-fittings,/products/fittings/quick-connect-fittings
839054,Q2003-SMX-SPPE,,/products/fittings/quick-connect-fittings/q2003-smx-sppe,fittingReplacementAllCompatibleProducts:fittingReplacementAllCompatibleProducts[100],1,唯一匹配,839054,Q2003-SMX-SPPE,quick-connect-fittings,/products/fittings/quick-connect-fittings
839025,Q2003-SNV-SACN,,/products/fittings/quick-connect-fittings/q2003-snv-sacn,fittingReplacementAllCompatibleProducts:fittingReplacementAllCompatibleProducts[101],1,唯一匹配,839025,Q2003-SNV-SACN,quick-connect-fittings,/products/fittings/quick-connect-fittings
839069,Q2003-SNV-SPPE,,/products/fittings/quick-connect-fittings/q2003-snv-sppe,fittingReplacementAllCompatibleProducts:fittingReplacementAllCompatibleProducts[102],1,唯一匹配,839069,Q2003-SNV-SPPE,quick-connect-fittings,/products/fittings/quick-connect-fittings
839003,Q2003-SNX-SACN,,/products/fittings/quick-connect-fittings/q2003-snx-sacn,fittingReplacementAllCompatibleProducts:fittingReplacementAllCompatibleProducts[103],1,唯一匹配,839003,Q2003-SNX-SACN,quick-connect-fittings,/products/fittings/quick-connect-fittings
839047,Q2003-SNX-SPPE,,/products/fittings/quick-connect-fittings/q2003-snx-sppe,fittingReplacementAllCompatibleProducts:fittingReplacementAllCompatibleProducts[104],1,唯一匹配,839047,Q2003-SNX-SPPE,quick-connect-fittings,/products/fittings/quick-connect-fittings
839044,Q2004-PMV-SACN,,/products/fittings/quick-connect-fittings/q2004-pmv-sacn,fittingReplacementAllCompatibleProducts:fittingReplacementAllCompatibleProducts[105],1,唯一匹配,839044,Q2004-PMV-SACN,quick-connect-fittings,/products/fittings/quick-connect-fittings
839088,Q2004-PMV-SPPE,,/products/fittings/quick-connect-fittings/q2004-pmv-sppe,fittingReplacementAllCompatibleProducts:fittingReplacementAllCompatibleProducts[106],1,唯一匹配,839088,Q2004-PMV-SPPE,quick-connect-fittings,/products/fittings/quick-connect-fittings
839022,Q2004-PMX-SACN,,/products/fittings/quick-connect-fittings/q2004-pmx-sacn,fittingReplacementAllCompatibleProducts:fittingReplacementAllCompatibleProducts[107],1,唯一匹配,839022,Q2004-PMX-SACN,quick-connect-fittings,/products/fittings/quick-connect-fittings
839066,Q2004-PMX-SPPE,,/products/fittings/quick-connect-fittings/q2004-pmx-sppe,fittingReplacementAllCompatibleProducts:fittingReplacementAllCompatibleProducts[108],1,唯一匹配,839066,Q2004-PMX-SPPE,quick-connect-fittings,/products/fittings/quick-connect-fittings
839039,Q2004-PNV-LACN,,/products/fittings/quick-connect-fittings/q2004-pnv-lacn,fittingReplacementAllCompatibleProducts:fittingReplacementAllCompatibleProducts[109],1,唯一匹配,839039,Q2004-PNV-LACN,quick-connect-fittings,/products/fittings/quick-connect-fittings
839083,Q2004-PNV-LPPE,,/products/fittings/quick-connect-fittings/q2004-pnv-lppe,fittingReplacementAllCompatibleProducts:fittingReplacementAllCompatibleProducts[110],1,唯一匹配,839083,Q2004-PNV-LPPE,quick-connect-fittings,/products/fittings/quick-connect-fittings
839037,Q2004-PNV-SACN,,/products/fittings/quick-connect-fittings/q2004-pnv-sacn,fittingReplacementAllCompatibleProducts:fittingReplacementAllCompatibleProducts[111],1,唯一匹配,839037,Q2004-PNV-SACN,quick-connect-fittings,/products/fittings/quick-connect-fittings
839081,Q2004-PNV-SPPE,,/products/fittings/quick-connect-fittings/q2004-pnv-sppe,fittingReplacementAllCompatibleProducts:fittingReplacementAllCompatibleProducts[112],1,唯一匹配,839081,Q2004-PNV-SPPE,quick-connect-fittings,/products/fittings/quick-connect-fittings
839017,Q2004-PNX-LACN,,/products/fittings/quick-connect-fittings/q2004-pnx-lacn,fittingReplacementAllCompatibleProducts:fittingReplacementAllCompatibleProducts[113],1,唯一匹配,839017,Q2004-PNX-LACN,quick-connect-fittings,/products/fittings/quick-connect-fittings
839061,Q2004-PNX-LPPE,,/products/fittings/quick-connect-fittings/q2004-pnx-lppe,fittingReplacementAllCompatibleProducts:fittingReplacementAllCompatibleProducts[114],1,唯一匹配,839061,Q2004-PNX-LPPE,quick-connect-fittings,/products/fittings/quick-connect-fittings
839015,Q2004-PNX-SACN,,/products/fittings/quick-connect-fittings/q2004-pnx-sacn,fittingReplacementAllCompatibleProducts:fittingReplacementAllCompatibleProducts[115],1,唯一匹配,839015,Q2004-PNX-SACN,quick-connect-fittings,/products/fittings/quick-connect-fittings
839059,Q2004-PNX-SPPE,,/products/fittings/quick-connect-fittings/q2004-pnx-sppe,fittingReplacementAllCompatibleProducts:fittingReplacementAllCompatibleProducts[116],1,唯一匹配,839059,Q2004-PNX-SPPE,quick-connect-fittings,/products/fittings/quick-connect-fittings
839033,Q2004-SMV-SACN,,/products/fittings/quick-connect-fittings/q2004-smv-sacn,fittingReplacementAllCompatibleProducts:fittingReplacementAllCompatibleProducts[117],1,唯一匹配,839033,Q2004-SMV-SACN,quick-connect-fittings,/products/fittings/quick-connect-fittings
839077,Q2004-SMV-SPPE,,/products/fittings/quick-connect-fittings/q2004-smv-sppe,fittingReplacementAllCompatibleProducts:fittingReplacementAllCompatibleProducts[118],1,唯一匹配,839077,Q2004-SMV-SPPE,quick-connect-fittings,/products/fittings/quick-connect-fittings
839011,Q2004-SMX-SACN,,/products/fittings/quick-connect-fittings/q2004-smx-sacn,fittingReplacementAllCompatibleProducts:fittingReplacementAllCompatibleProducts[119],1,唯一匹配,839011,Q2004-SMX-SACN,quick-connect-fittings,/products/fittings/quick-connect-fittings
839055,Q2004-SMX-SPPE,,/products/fittings/quick-connect-fittings/q2004-smx-sppe,fittingReplacementAllCompatibleProducts:fittingReplacementAllCompatibleProducts[120],1,唯一匹配,839055,Q2004-SMX-SPPE,quick-connect-fittings,/products/fittings/quick-connect-fittings
839028,Q2004-SNV-LACN,,/products/fittings/quick-connect-fittings/q2004-snv-lacn,fittingReplacementAllCompatibleProducts:fittingReplacementAllCompatibleProducts[121],1,唯一匹配,839028,Q2004-SNV-LACN,quick-connect-fittings,/products/fittings/quick-connect-fittings
839026,Q2004-SNV-SACN,,/products/fittings/quick-connect-fittings/q2004-snv-sacn,fittingReplacementAllCompatibleProducts:fittingReplacementAllCompatibleProducts[122],1,唯一匹配,839026,Q2004-SNV-SACN,quick-connect-fittings,/products/fittings/quick-connect-fittings
839070,Q2004-SNV-SPPE,,/products/fittings/quick-connect-fittings/q2004-snv-sppe,fittingReplacementAllCompatibleProducts:fittingReplacementAllCompatibleProducts[123],1,唯一匹配,839070,Q2004-SNV-SPPE,quick-connect-fittings,/products/fittings/quick-connect-fittings
839006,Q2004-SNX-LACN,,/products/fittings/quick-connect-fittings/q2004-snx-lacn,fittingReplacementAllCompatibleProducts:fittingReplacementAllCompatibleProducts[124],1,唯一匹配,839006,Q2004-SNX-LACN,quick-connect-fittings,/products/fittings/quick-connect-fittings
839004,Q2004-SNX-SACN,,/products/fittings/quick-connect-fittings/q2004-snx-sacn,fittingReplacementAllCompatibleProducts:fittingReplacementAllCompatibleProducts[125],1,唯一匹配,839004,Q2004-SNX-SACN,quick-connect-fittings,/products/fittings/quick-connect-fittings
839048,Q2004-SNX-SPPE,,/products/fittings/quick-connect-fittings/q2004-snx-sppe,fittingReplacementAllCompatibleProducts:fittingReplacementAllCompatibleProducts[126],1,唯一匹配,839048,Q2004-SNX-SPPE,quick-connect-fittings,/products/fittings/quick-connect-fittings
839040,Q2018N-PNV-SACN,,/products/fittings/quick-connect-fittings/q2018n-pnv-sacn,fittingReplacementAllCompatibleProducts:fittingReplacementAllCompatibleProducts[127],1,唯一匹配,839040,Q2018N-PNV-SACN,quick-connect-fittings,/products/fittings/quick-connect-fittings
839084,Q2018N-PNV-SPPE,,/products/fittings/quick-connect-fittings/q2018n-pnv-sppe,fittingReplacementAllCompatibleProducts:fittingReplacementAllCompatibleProducts[128],1,唯一匹配,839084,Q2018N-PNV-SPPE,quick-connect-fittings,/products/fittings/quick-connect-fittings
839018,Q2018N-PNX-SACN,,/products/fittings/quick-connect-fittings/q2018n-pnx-sacn,fittingReplacementAllCompatibleProducts:fittingReplacementAllCompatibleProducts[129],1,唯一匹配,839018,Q2018N-PNX-SACN,quick-connect-fittings,/products/fittings/quick-connect-fittings
839062,Q2018N-PNX-SPPE,,/products/fittings/quick-connect-fittings/q2018n-pnx-sppe,fittingReplacementAllCompatibleProducts:fittingReplacementAllCompatibleProducts[130],1,唯一匹配,839062,Q2018N-PNX-SPPE,quick-connect-fittings,/products/fittings/quick-connect-fittings
839109,Q2018T-SNV-SACN,,/products/fittings/quick-connect-fittings/q2018t-snv-sacn,fittingReplacementAllCompatibleProducts:fittingReplacementAllCompatibleProducts[131],1,唯一匹配,839109,Q2018T-SNV-SACN,quick-connect-fittings,/products/fittings/quick-connect-fittings
839097,Q2018T-SNV-SPPE,,/products/fittings/quick-connect-fittings/q2018t-snv-sppe,fittingReplacementAllCompatibleProducts:fittingReplacementAllCompatibleProducts[132],1,唯一匹配,839097,Q2018T-SNV-SPPE,quick-connect-fittings,/products/fittings/quick-connect-fittings
839110,Q2018T-SNX-SACN,,/products/fittings/quick-connect-fittings/q2018t-snx-sacn,fittingReplacementAllCompatibleProducts:fittingReplacementAllCompatibleProducts[133],1,唯一匹配,839110,Q2018T-SNX-SACN,quick-connect-fittings,/products/fittings/quick-connect-fittings
839104,Q2018T-SNX-SPPE,,/products/fittings/quick-connect-fittings/q2018t-snx-sppe,fittingReplacementAllCompatibleProducts:fittingReplacementAllCompatibleProducts[134],1,唯一匹配,839104,Q2018T-SNX-SPPE,quick-connect-fittings,/products/fittings/quick-connect-fittings
