"productType","productCode","model","structureModel","partNumber","pdfFileName","status","matchMethod","websitePdfUrl","sourcePdfPath","message"
"倒刺接头","809276","BA-16F-PP-N","BA-16F","443-01-00030","443-01-00030-C.pdf","matched","productCode","/documents/products/fittings/barbed-fittings/drawings/443-01-00030-C.pdf","H:\01-官网项目\02_产品中心\fit\Barbed connector\图纸_pdf\443-01-00030-C.pdf","PDF 已复制，详情图纸字段已写入"
"倒刺接头","809277","BA-24F-PP-N","BA-24F","443-01-00031","443-01-00031-C.pdf","matched","productCode","/documents/products/fittings/barbed-fittings/drawings/443-01-00031-C.pdf","H:\01-官网项目\02_产品中心\fit\Barbed connector\图纸_pdf\443-01-00031-C.pdf","PDF 已复制，详情图纸字段已写入"
"倒刺接头","809278","BA-32F-PP-N","BA-32F","443-01-00032","443-01-00032-C.pdf","matched","productCode","/documents/products/fittings/barbed-fittings/drawings/443-01-00032-C.pdf","H:\01-官网项目\02_产品中心\fit\Barbed connector\图纸_pdf\443-01-00032-C.pdf","PDF 已复制，详情图纸字段已写入"
"倒刺接头","809279","BA-40F-PP-N","BA-40F","443-01-00033","443-01-00033-C.pdf","matched","productCode","/documents/products/fittings/barbed-fittings/drawings/443-01-00033-C.pdf","H:\01-官网项目\02_产品中心\fit\Barbed connector\图纸_pdf\443-01-00033-C.pdf","PDF 已复制，详情图纸字段已写入"
"倒刺接头","809288","BA-16F-24F-PP-N","BA-16F-24F","443-01-00042","443-01-00042-C.pdf","matched","productCode","/documents/products/fittings/barbed-fittings/drawings/443-01-00042-C.pdf","H:\01-官网项目\02_产品中心\fit\Barbed connector\图纸_pdf\443-01-00042-C.pdf","PDF 已复制，详情图纸字段已写入"
"倒刺接头","809289","BA-24F-32F-PP-N","BA-24F-32F","443-01-00043","443-01-00043-C.pdf","matched","productCode","/documents/products/fittings/barbed-fittings/drawings/443-01-00043-C.pdf","H:\01-官网项目\02_产品中心\fit\Barbed connector\图纸_pdf\443-01-00043-C.pdf","PDF 已复制，详情图纸字段已写入"
"倒刺接头","809321","BA-16F-PA-W","BA-16F","443-01-00076","443-01-00076-C.pdf","matched","productCode","/documents/products/fittings/barbed-fittings/drawings/443-01-00076-C.pdf","H:\01-官网项目\02_产品中心\fit\Barbed connector\图纸_pdf\443-01-00076-C.pdf","PDF 已复制，详情图纸字段已写入"
"倒刺接头","809322","BA-16F-24F-PA-W","BA-16F-24F","443-01-00078","443-01-00078-C.pdf","matched","productCode","/documents/products/fittings/barbed-fittings/drawings/443-01-00078-C.pdf","H:\01-官网项目\02_产品中心\fit\Barbed connector\图纸_pdf\443-01-00078-C.pdf","PDF 已复制，详情图纸字段已写入"
"倒刺接头","809324","BA-24F-PA-W","BA-24F","443-01-00079","443-01-00079-C.pdf","matched","productCode","/documents/products/fittings/barbed-fittings/drawings/443-01-00079-C.pdf","H:\01-官网项目\02_产品中心\fit\Barbed connector\图纸_pdf\443-01-00079-C.pdf","PDF 已复制，详情图纸字段已写入"
"倒刺接头","809325","BA-24F-32F-PA-W","BA-24F-32F","443-01-00080","443-01-00080-C.pdf","matched","productCode","/documents/products/fittings/barbed-fittings/drawings/443-01-00080-C.pdf","H:\01-官网项目\02_产品中心\fit\Barbed connector\图纸_pdf\443-01-00080-C.pdf","PDF 已复制，详情图纸字段已写入"
"倒刺接头","809328","BA-32F-PA-W","BA-32F","443-01-00084","443-01-00084-C.pdf","matched","productCode","/documents/products/fittings/barbed-fittings/drawings/443-01-00084-C.pdf","H:\01-官网项目\02_产品中心\fit\Barbed connector\图纸_pdf\443-01-00084-C.pdf","PDF 已复制，详情图纸字段已写入"
"倒刺接头","809329","BA-40F-PA-W","BA-40F","443-01-00085","443-01-00085-C.pdf","matched","productCode","/documents/products/fittings/barbed-fittings/drawings/443-01-00085-C.pdf","H:\01-官网项目\02_产品中心\fit\Barbed connector\图纸_pdf\443-01-00085-C.pdf","PDF 已复制，详情图纸字段已写入"
"倒刺接头","809330","BA-16F-32F-PP-N","BA-16F-32F","443-01-00086","443-01-00086-C.pdf","matched","productCode","/documents/products/fittings/barbed-fittings/drawings/443-01-00086-C.pdf","H:\01-官网项目\02_产品中心\fit\Barbed connector\图纸_pdf\443-01-00086-C.pdf","PDF 已复制，详情图纸字段已写入"
"倒刺接头","809332","BA-16F-32F-PA-W","BA-16F-32F","443-01-00088","443-01-00088-C.pdf","matched","productCode","/documents/products/fittings/barbed-fittings/drawings/443-01-00088-C.pdf","H:\01-官网项目\02_产品中心\fit\Barbed connector\图纸_pdf\443-01-00088-C.pdf","PDF 已复制，详情图纸字段已写入"
"倒刺接头","809371","BA-32C-64C-PA-W","BA-32C-64C","443-01-00126","443-01-00126-C.pdf","matched","productCode","/documents/products/fittings/barbed-fittings/drawings/443-01-00126-C.pdf","H:\01-官网项目\02_产品中心\fit\Barbed connector\图纸_pdf\443-01-00126-C.pdf","PDF 已复制，详情图纸字段已写入"
"倒刺接头","809370","BA-32C-64C-PP-N","BA-32C-64C","443-01-00127","443-01-00127-C.pdf","matched","productCode","/documents/products/fittings/barbed-fittings/drawings/443-01-00127-C.pdf","H:\01-官网项目\02_产品中心\fit\Barbed connector\图纸_pdf\443-01-00127-C.pdf","PDF 已复制，详情图纸字段已写入"
"倒刺接头","809374","BA-32V-40V-PP-N","BA-32V-40V","443-01-00130","443-01-00130-C.pdf","matched","productCode","/documents/products/fittings/barbed-fittings/drawings/443-01-00130-C.pdf","H:\01-官网项目\02_产品中心\fit\Barbed connector\图纸_pdf\443-01-00130-C.pdf","PDF 已复制，详情图纸字段已写入"
"倒刺接头","809375","BA-32V-40V-PA-W","BA-32V-40V","443-01-00131","443-01-00131-C.pdf","matched","productCode","/documents/products/fittings/barbed-fittings/drawings/443-01-00131-C.pdf","H:\01-官网项目\02_产品中心\fit\Barbed connector\图纸_pdf\443-01-00131-C.pdf","PDF 已复制，详情图纸字段已写入"
"倒刺接头","809376","BA-24V-40V-PP-N","BA-24V-40V","443-01-00132","443-01-00132-C.pdf","matched","productCode","/documents/products/fittings/barbed-fittings/drawings/443-01-00132-C.pdf","H:\01-官网项目\02_产品中心\fit\Barbed connector\图纸_pdf\443-01-00132-C.pdf","PDF 已复制，详情图纸字段已写入"
"倒刺接头","809377","BA-24V-40V-PA-W","BA-24V-40V","443-01-00133","443-01-00133-C.pdf","matched","productCode","/documents/products/fittings/barbed-fittings/drawings/443-01-00133-C.pdf","H:\01-官网项目\02_产品中心\fit\Barbed connector\图纸_pdf\443-01-00133-C.pdf","PDF 已复制，详情图纸字段已写入"
"倒刺接头","809378","BA-64V-79V-PP-N","BA-64V-79V","443-01-00134","443-01-00134-C.pdf","matched","productCode","/documents/products/fittings/barbed-fittings/drawings/443-01-00134-C.pdf","H:\01-官网项目\02_产品中心\fit\Barbed connector\图纸_pdf\443-01-00134-C.pdf","PDF 已复制，详情图纸字段已写入"
"倒刺接头","809379","BA-64V-79V-PA-W","BA-64V-79V","443-01-00135","443-01-00135-C.pdf","matched","productCode","/documents/products/fittings/barbed-fittings/drawings/443-01-00135-C.pdf","H:\01-官网项目\02_产品中心\fit\Barbed connector\图纸_pdf\443-01-00135-C.pdf","PDF 已复制，详情图纸字段已写入"
"倒刺接头","809424","BA-64C-PP-N","BA-64C","443-02-00001","443-02-00001-C.pdf","matched","productCode","/documents/products/fittings/barbed-fittings/drawings/443-02-00001-C.pdf","H:\01-官网项目\02_产品中心\fit\Barbed connector\图纸_pdf\443-02-00001-C.pdf","PDF 已复制，详情图纸字段已写入"
"倒刺接头","809425","BA-64C-PA-W","BA-64C","443-02-00002","443-02-00002-C.pdf","matched","productCode","/documents/products/fittings/barbed-fittings/drawings/443-02-00002-C.pdf","H:\01-官网项目\02_产品中心\fit\Barbed connector\图纸_pdf\443-02-00002-C.pdf","PDF 已复制，详情图纸字段已写入"
"倒刺接头","809426","BA-64V-95V-PP-N","BA-64V-95V","443-02-00003","443-02-00003-C.pdf","matched","productCode","/documents/products/fittings/barbed-fittings/drawings/443-02-00003-C.pdf","H:\01-官网项目\02_产品中心\fit\Barbed connector\图纸_pdf\443-02-00003-C.pdf","PDF 已复制，详情图纸字段已写入"
"倒刺接头","809427","BA-64V-95V-PA-W","BA-64V-95V","443-02-00004","443-02-00004-C.pdf","matched","productCode","/documents/products/fittings/barbed-fittings/drawings/443-02-00004-C.pdf","H:\01-官网项目\02_产品中心\fit\Barbed connector\图纸_pdf\443-02-00004-C.pdf","PDF 已复制，详情图纸字段已写入"
"倒刺接头","809428","BA-64X-127X-PP-N","BA-64X-127X","443-02-00005","443-02-00005-C.pdf","matched","productCode","/documents/products/fittings/barbed-fittings/drawings/443-02-00005-C.pdf","H:\01-官网项目\02_产品中心\fit\Barbed connector\图纸_pdf\443-02-00005-C.pdf","PDF 已复制，详情图纸字段已写入"
"倒刺接头","809429","BA-64X-127X-PA-W","BA-64X-127X","443-02-00006","443-02-00006-C.pdf","matched","productCode","/documents/products/fittings/barbed-fittings/drawings/443-02-00006-C.pdf","H:\01-官网项目\02_产品中心\fit\Barbed connector\图纸_pdf\443-02-00006-C.pdf","PDF 已复制，详情图纸字段已写入"
"倒刺接头","809547","BA-16C-PP-N","BA-16C","443-02-00131","443-02-00131-C.pdf","matched","productCode","/documents/products/fittings/barbed-fittings/drawings/443-02-00131-C.pdf","H:\01-官网项目\02_产品中心\fit\Barbed connector\图纸_pdf\443-02-00131-C.pdf","PDF 已复制，详情图纸字段已写入"
"倒刺接头","809604","BA-16D-24D-PP-N","BA-16D-24D","443-02-00187","443-02-00187-C.pdf","matched","productCode","/documents/products/fittings/barbed-fittings/drawings/443-02-00187-C.pdf","H:\01-官网项目\02_产品中心\fit\Barbed connector\图纸_pdf\443-02-00187-C.pdf","PDF 已复制，详情图纸字段已写入"
"倒刺接头","809605","BA-16D-24D-PA-W","BA-16D-24D","443-02-00188","443-02-00188-C.pdf","matched","productCode","/documents/products/fittings/barbed-fittings/drawings/443-02-00188-C.pdf","H:\01-官网项目\02_产品中心\fit\Barbed connector\图纸_pdf\443-02-00188-C.pdf","PDF 已复制，详情图纸字段已写入"
"倒刺接头","809606","BA-24D-32D-PP-N","BA-24D-32D","443-02-00189","443-02-00189-C.pdf","matched","productCode","/documents/products/fittings/barbed-fittings/drawings/443-02-00189-C.pdf","H:\01-官网项目\02_产品中心\fit\Barbed connector\图纸_pdf\443-02-00189-C.pdf","PDF 已复制，详情图纸字段已写入"
"倒刺接头","809607","BA-24D-32D-PA-W","BA-24D-32D","443-02-00190","443-02-00190-C.pdf","matched","productCode","/documents/products/fittings/barbed-fittings/drawings/443-02-00190-C.pdf","H:\01-官网项目\02_产品中心\fit\Barbed connector\图纸_pdf\443-02-00190-C.pdf","PDF 已复制，详情图纸字段已写入"
"倒刺接头","809625","BA-24D-PP-N","BA-24D","443-02-00204","443-02-00204-C.pdf","matched","productCode","/documents/products/fittings/barbed-fittings/drawings/443-02-00204-C.pdf","H:\01-官网项目\02_产品中心\fit\Barbed connector\图纸_pdf\443-02-00204-C.pdf","PDF 已复制，详情图纸字段已写入"
"倒刺接头","809626","BA-24D-PA-W","BA-24D","443-02-00205","443-02-00205-C.pdf","matched","productCode","/documents/products/fittings/barbed-fittings/drawings/443-02-00205-C.pdf","H:\01-官网项目\02_产品中心\fit\Barbed connector\图纸_pdf\443-02-00205-C.pdf","PDF 已复制，详情图纸字段已写入"
"倒刺接头","809627","BA-32D-PP-N","BA-32D","443-02-00206","443-02-00206-C.pdf","matched","productCode","/documents/products/fittings/barbed-fittings/drawings/443-02-00206-C.pdf","H:\01-官网项目\02_产品中心\fit\Barbed connector\图纸_pdf\443-02-00206-C.pdf","PDF 已复制，详情图纸字段已写入"
"倒刺接头","809628","BA-32D-PA-W","BA-32D","443-02-00207","443-02-00207-C.pdf","matched","productCode","/documents/products/fittings/barbed-fittings/drawings/443-02-00207-C.pdf","H:\01-官网项目\02_产品中心\fit\Barbed connector\图纸_pdf\443-02-00207-C.pdf","PDF 已复制，详情图纸字段已写入"
"倒刺接头","809629","BA-16D-32D-PP-N","BA-16D-32D","443-02-00208","443-02-00208-C.pdf","matched","productCode","/documents/products/fittings/barbed-fittings/drawings/443-02-00208-C.pdf","H:\01-官网项目\02_产品中心\fit\Barbed connector\图纸_pdf\443-02-00208-C.pdf","PDF 已复制，详情图纸字段已写入"
"倒刺接头","809630","BA-16D-32D-PA-W","BA-16D-32D","443-02-00209","443-02-00209-C.pdf","matched","productCode","/documents/products/fittings/barbed-fittings/drawings/443-02-00209-C.pdf","H:\01-官网项目\02_产品中心\fit\Barbed connector\图纸_pdf\443-02-00209-C.pdf","PDF 已复制，详情图纸字段已写入"
"倒刺接头","809300","BA-16C-PA-W","BA-16C","443-02-00286","443-02-00286-C.pdf","matched","productCode","/documents/products/fittings/barbed-fittings/drawings/443-02-00286-C.pdf","H:\01-官网项目\02_产品中心\fit\Barbed connector\图纸_pdf\443-02-00286-C.pdf","PDF 已复制，详情图纸字段已写入"
"倒刺接头","809519","BA-24C-48C-PP-N","BA-24C-48C","443-02-00475","443-02-00475-C.pdf","matched","productCode","/documents/products/fittings/barbed-fittings/drawings/443-02-00475-C.pdf","H:\01-官网项目\02_产品中心\fit\Barbed connector\图纸_pdf\443-02-00475-C.pdf","PDF 已复制，详情图纸字段已写入"
"倒刺接头","809520","BA-24C-48C-PA-W","BA-24C-48C","443-02-00476","443-02-00476-C.pdf","matched","productCode","/documents/products/fittings/barbed-fittings/drawings/443-02-00476-C.pdf","H:\01-官网项目\02_产品中心\fit\Barbed connector\图纸_pdf\443-02-00476-C.pdf","PDF 已复制，详情图纸字段已写入"
"倒刺接头","809843","BA-16V-40V-PA-W","BA-16V-40V","443-02-00602","443-02-00602-C.pdf","matched","productCode","/documents/products/fittings/barbed-fittings/drawings/443-02-00602-C.pdf","H:\01-官网项目\02_产品中心\fit\Barbed connector\图纸_pdf\443-02-00602-C.pdf","PDF 已复制，详情图纸字段已写入"
"倒刺接头","809310","BT-24F-PP-N","BT-24F","443-01-00064","443-01-00064-C.pdf","matched","productCode","/documents/products/fittings/barbed-fittings/drawings/443-01-00064-C.pdf","H:\01-官网项目\02_产品中心\fit\Barbed connector\图纸_pdf\443-01-00064-C.pdf","PDF 已复制，详情图纸字段已写入"
"倒刺接头","809311","BT-32F-PP-N","BT-32F","443-01-00065","443-01-00065-C.pdf","matched","productCode","/documents/products/fittings/barbed-fittings/drawings/443-01-00065-C.pdf","H:\01-官网项目\02_产品中心\fit\Barbed connector\图纸_pdf\443-01-00065-C.pdf","PDF 已复制，详情图纸字段已写入"
"倒刺接头","809327","BT-24F-PA-W","BT-24F","443-01-00082","443-01-00082-C.pdf","matched","productCode","/documents/products/fittings/barbed-fittings/drawings/443-01-00082-C.pdf","H:\01-官网项目\02_产品中心\fit\Barbed connector\图纸_pdf\443-01-00082-C.pdf","PDF 已复制，详情图纸字段已写入"
"倒刺接头","809337","BT-16F-PA-W","BT-16F","443-01-00093","443-01-00093-C.pdf","matched","productCode","/documents/products/fittings/barbed-fittings/drawings/443-01-00093-C.pdf","H:\01-官网项目\02_产品中心\fit\Barbed connector\图纸_pdf\443-01-00093-C.pdf","PDF 已复制，详情图纸字段已写入"
"倒刺接头","809338","BT-32F-PA-W","BT-32F","443-01-00094","443-01-00094-C.pdf","matched","productCode","/documents/products/fittings/barbed-fittings/drawings/443-01-00094-C.pdf","H:\01-官网项目\02_产品中心\fit\Barbed connector\图纸_pdf\443-01-00094-C.pdf","PDF 已复制，详情图纸字段已写入"
"倒刺接头","809438","BT-40C-PP-N","BT-40C","443-02-00015","443-02-00015-C.pdf","matched","productCode","/documents/products/fittings/barbed-fittings/drawings/443-02-00015-C.pdf","H:\01-官网项目\02_产品中心\fit\Barbed connector\图纸_pdf\443-02-00015-C.pdf","PDF 已复制，详情图纸字段已写入"
"倒刺接头","809439","BT-40C-PA-W","BT-40C","443-02-00016","443-02-00016-C.pdf","matched","productCode","/documents/products/fittings/barbed-fittings/drawings/443-02-00016-C.pdf","H:\01-官网项目\02_产品中心\fit\Barbed connector\图纸_pdf\443-02-00016-C.pdf","PDF 已复制，详情图纸字段已写入"
"倒刺接头","809440","BT-64C-PP-N","BT-64C","443-02-00017","443-02-00017-C.pdf","matched","productCode","/documents/products/fittings/barbed-fittings/drawings/443-02-00017-C.pdf","H:\01-官网项目\02_产品中心\fit\Barbed connector\图纸_pdf\443-02-00017-C.pdf","PDF 已复制，详情图纸字段已写入"
"倒刺接头","809441","BT-64C-PA-W","BT-64C","443-02-00018","443-02-00018-C.pdf","matched","productCode","/documents/products/fittings/barbed-fittings/drawings/443-02-00018-C.pdf","H:\01-官网项目\02_产品中心\fit\Barbed connector\图纸_pdf\443-02-00018-C.pdf","PDF 已复制，详情图纸字段已写入"
"倒刺接头","809442","BT-95X-PP-N","BT-95X","443-02-00019","443-02-00019-C.pdf","matched","productCode","/documents/products/fittings/barbed-fittings/drawings/443-02-00019-C.pdf","H:\01-官网项目\02_产品中心\fit\Barbed connector\图纸_pdf\443-02-00019-C.pdf","PDF 已复制，详情图纸字段已写入"
"倒刺接头","809443","BT-95X-PA-W","BT-95X","443-02-00020","443-02-00020-C.pdf","matched","productCode","/documents/products/fittings/barbed-fittings/drawings/443-02-00020-C.pdf","H:\01-官网项目\02_产品中心\fit\Barbed connector\图纸_pdf\443-02-00020-C.pdf","PDF 已复制，详情图纸字段已写入"
"倒刺接头","809444","BT-32D-32D-16D-PP-N","BT-32D-32D-16D","443-02-00021","443-02-00021-C.pdf","matched","productCode","/documents/products/fittings/barbed-fittings/drawings/443-02-00021-C.pdf","H:\01-官网项目\02_产品中心\fit\Barbed connector\图纸_pdf\443-02-00021-C.pdf","PDF 已复制，详情图纸字段已写入"
"倒刺接头","809445","BT-32D-32D-16D-PA-W","BT-32D-32D-16D","443-02-00022","443-02-00022-C.pdf","matched","productCode","/documents/products/fittings/barbed-fittings/drawings/443-02-00022-C.pdf","H:\01-官网项目\02_产品中心\fit\Barbed connector\图纸_pdf\443-02-00022-C.pdf","PDF 已复制，详情图纸字段已写入"
"倒刺接头","809446","BT-24D-24D-16D-PP-N","BT-24D-24D-16D","443-02-00023","443-02-00023-C.pdf","matched","productCode","/documents/products/fittings/barbed-fittings/drawings/443-02-00023-C.pdf","H:\01-官网项目\02_产品中心\fit\Barbed connector\图纸_pdf\443-02-00023-C.pdf","PDF 已复制，详情图纸字段已写入"
"倒刺接头","809447","BT-24D-24D-16D-PA-W","BT-24D-24D-16D","443-02-00024","443-02-00024-C.pdf","matched","productCode","/documents/products/fittings/barbed-fittings/drawings/443-02-00024-C.pdf","H:\01-官网项目\02_产品中心\fit\Barbed connector\图纸_pdf\443-02-00024-C.pdf","PDF 已复制，详情图纸字段已写入"
"倒刺接头","809448","BT-32D-32D-24D-PP-N","BT-32D-32D-24D","443-02-00025","443-02-00025-C.pdf","matched","productCode","/documents/products/fittings/barbed-fittings/drawings/443-02-00025-C.pdf","H:\01-官网项目\02_产品中心\fit\Barbed connector\图纸_pdf\443-02-00025-C.pdf","PDF 已复制，详情图纸字段已写入"
"倒刺接头","809449","BT-32D-32D-24D-PA-W","BT-32D-32D-24D","443-02-00026","443-02-00026-C.pdf","matched","productCode","/documents/products/fittings/barbed-fittings/drawings/443-02-00026-C.pdf","H:\01-官网项目\02_产品中心\fit\Barbed connector\图纸_pdf\443-02-00026-C.pdf","PDF 已复制，详情图纸字段已写入"
"倒刺接头","809450","BT-64D-64D-32D-PP-N","BT-64D-64D-32D","443-02-00027","443-02-00027-C.pdf","matched","productCode","/documents/products/fittings/barbed-fittings/drawings/443-02-00027-C.pdf","H:\01-官网项目\02_产品中心\fit\Barbed connector\图纸_pdf\443-02-00027-C.pdf","PDF 已复制，详情图纸字段已写入"
"倒刺接头","809451","BT-64D-64D-32D-PA-W","BT-64D-64D-32D","443-02-00028","443-02-00028-C.pdf","matched","productCode","/documents/products/fittings/barbed-fittings/drawings/443-02-00028-C.pdf","H:\01-官网项目\02_产品中心\fit\Barbed connector\图纸_pdf\443-02-00028-C.pdf","PDF 已复制，详情图纸字段已写入"
"倒刺接头","809452","BT-24D-32D-32D-PP-N","BT-24D-32D-32D","443-02-00029","443-02-00029-C.pdf","matched","productCode","/documents/products/fittings/barbed-fittings/drawings/443-02-00029-C.pdf","H:\01-官网项目\02_产品中心\fit\Barbed connector\图纸_pdf\443-02-00029-C.pdf","PDF 已复制，详情图纸字段已写入"
"倒刺接头","809453","BT-24D-32D-32D-PA-W","BT-24D-32D-32D","443-02-00030","443-02-00030-C.pdf","matched","productCode","/documents/products/fittings/barbed-fittings/drawings/443-02-00030-C.pdf","H:\01-官网项目\02_产品中心\fit\Barbed connector\图纸_pdf\443-02-00030-C.pdf","PDF 已复制，详情图纸字段已写入"
"倒刺接头","809454","BT-32D-16D-16D-PP-N","BT-32D-16D-16D","443-02-00031","443-02-00031-C.pdf","matched","productCode","/documents/products/fittings/barbed-fittings/drawings/443-02-00031-C.pdf","H:\01-官网项目\02_产品中心\fit\Barbed connector\图纸_pdf\443-02-00031-C.pdf","PDF 已复制，详情图纸字段已写入"
"倒刺接头","809455","BT-32D-16D-16D-PA-W","BT-32D-16D-16D","443-02-00032","443-02-00032-C.pdf","matched","productCode","/documents/products/fittings/barbed-fittings/drawings/443-02-00032-C.pdf","H:\01-官网项目\02_产品中心\fit\Barbed connector\图纸_pdf\443-02-00032-C.pdf","PDF 已复制，详情图纸字段已写入"
"倒刺接头","809456","BT-32D-24D-24D-PP-N","BT-32D-24D-24D","443-02-00033","443-02-00033-C.pdf","matched","productCode","/documents/products/fittings/barbed-fittings/drawings/443-02-00033-C.pdf","H:\01-官网项目\02_产品中心\fit\Barbed connector\图纸_pdf\443-02-00033-C.pdf","PDF 已复制，详情图纸字段已写入"
"倒刺接头","809457","BT-32D-24D-24D-PA-W","BT-32D-24D-24D","443-02-00034","443-02-00034-C.pdf","matched","productCode","/documents/products/fittings/barbed-fittings/drawings/443-02-00034-C.pdf","H:\01-官网项目\02_产品中心\fit\Barbed connector\图纸_pdf\443-02-00034-C.pdf","PDF 已复制，详情图纸字段已写入"
"倒刺接头","809458","BT-32D-64T-64T-PP-N","BT-32D-64T-64T","443-02-00035","443-02-00035-C.pdf","matched","productCode","/documents/products/fittings/barbed-fittings/drawings/443-02-00035-C.pdf","H:\01-官网项目\02_产品中心\fit\Barbed connector\图纸_pdf\443-02-00035-C.pdf","PDF 已复制，详情图纸字段已写入"
"倒刺接头","809459","BT-32D-64T-64T-PA-W","BT-32D-64T-64T","443-02-00036","443-02-00036-C.pdf","matched","productCode","/documents/products/fittings/barbed-fittings/drawings/443-02-00036-C.pdf","H:\01-官网项目\02_产品中心\fit\Barbed connector\图纸_pdf\443-02-00036-C.pdf","PDF 已复制，详情图纸字段已写入"
"倒刺接头","809460","BT-64V-95V-95V-PP-N","BT-64V-95V-95V","443-02-00037","443-02-00037-C.pdf","matched","productCode","/documents/products/fittings/barbed-fittings/drawings/443-02-00037-C.pdf","H:\01-官网项目\02_产品中心\fit\Barbed connector\图纸_pdf\443-02-00037-C.pdf","PDF 已复制，详情图纸字段已写入"
"倒刺接头","809461","BT-64V-95V-95V-PA-W","BT-64V-95V-95V","443-02-00038","443-02-00038-C.pdf","matched","productCode","/documents/products/fittings/barbed-fittings/drawings/443-02-00038-C.pdf","H:\01-官网项目\02_产品中心\fit\Barbed connector\图纸_pdf\443-02-00038-C.pdf","PDF 已复制，详情图纸字段已写入"
"倒刺接头","809521","BT-16D-PP-N","BT-16D","443-02-00100","443-02-00100-C.pdf","matched","productCode","/documents/products/fittings/barbed-fittings/drawings/443-02-00100-C.pdf","H:\01-官网项目\02_产品中心\fit\Barbed connector\图纸_pdf\443-02-00100-C.pdf","PDF 已复制，详情图纸字段已写入"
"倒刺接头","809545","BT-16D-PA-W","BT-16D","443-02-00130","443-02-00130-C.pdf","matched","productCode","/documents/products/fittings/barbed-fittings/drawings/443-02-00130-C.pdf","H:\01-官网项目\02_产品中心\fit\Barbed connector\图纸_pdf\443-02-00130-C.pdf","PDF 已复制，详情图纸字段已写入"
"倒刺接头","809610","BT-24D-PP-N","BT-24D","443-02-00193","443-02-00193-C.pdf","matched","productCode","/documents/products/fittings/barbed-fittings/drawings/443-02-00193-C.pdf","H:\01-官网项目\02_产品中心\fit\Barbed connector\图纸_pdf\443-02-00193-C.pdf","PDF 已复制，详情图纸字段已写入"
"倒刺接头","809611","BT-24D-PA-W","BT-24D","443-02-00194","443-02-00194-C.pdf","matched","productCode","/documents/products/fittings/barbed-fittings/drawings/443-02-00194-C.pdf","H:\01-官网项目\02_产品中心\fit\Barbed connector\图纸_pdf\443-02-00194-C.pdf","PDF 已复制，详情图纸字段已写入"
"倒刺接头","809621","BT-32D-PP-N","BT-32D","443-02-00200","443-02-00200-C.pdf","matched","productCode","/documents/products/fittings/barbed-fittings/drawings/443-02-00200-C.pdf","H:\01-官网项目\02_产品中心\fit\Barbed connector\图纸_pdf\443-02-00200-C.pdf","PDF 已复制，详情图纸字段已写入"
"倒刺接头","809622","BT-32D-PA-W","BT-32D","443-02-00201","443-02-00201-C.pdf","matched","productCode","/documents/products/fittings/barbed-fittings/drawings/443-02-00201-C.pdf","H:\01-官网项目\02_产品中心\fit\Barbed connector\图纸_pdf\443-02-00201-C.pdf","PDF 已复制，详情图纸字段已写入"
"倒刺接头","809644","BT-127V-PP-N","BT-127V","443-02-00223","443-02-00223-C.pdf","matched","productCode","/documents/products/fittings/barbed-fittings/drawings/443-02-00223-C.pdf","H:\01-官网项目\02_产品中心\fit\Barbed connector\图纸_pdf\443-02-00223-C.pdf","PDF 已复制，详情图纸字段已写入"
"倒刺接头","809287","BT-16D-24D-24D-PP-N","BT-16D-24D-24D","443-02-00315","443-02-00315-C.pdf","matched","productCode","/documents/products/fittings/barbed-fittings/drawings/443-02-00315-C.pdf","H:\01-官网项目\02_产品中心\fit\Barbed connector\图纸_pdf\443-02-00315-C.pdf","PDF 已复制，详情图纸字段已写入"
"倒刺接头","809842","BT-16D-32D-32D-PA-W","BT-16D-32D-32D","443-02-00601","443-02-00601-C.pdf","matched","productCode","/documents/products/fittings/barbed-fittings/drawings/443-02-00601-C.pdf","H:\01-官网项目\02_产品中心\fit\Barbed connector\图纸_pdf\443-02-00601-C.pdf","PDF 已复制，详情图纸字段已写入"
"倒刺接头","809294","BY-16F-PP-N","BY-16F","443-01-00048","443-01-00048-C.pdf","matched","productCode","/documents/products/fittings/barbed-fittings/drawings/443-01-00048-C.pdf","H:\01-官网项目\02_产品中心\fit\Barbed connector\图纸_pdf\443-01-00048-C.pdf","PDF 已复制，详情图纸字段已写入"
"倒刺接头","809295","BY-24F-PP-N","BY-24F","443-01-00049","443-01-00049-C.pdf","matched","productCode","/documents/products/fittings/barbed-fittings/drawings/443-01-00049-C.pdf","H:\01-官网项目\02_产品中心\fit\Barbed connector\图纸_pdf\443-01-00049-C.pdf","PDF 已复制，详情图纸字段已写入"
"倒刺接头","809296","BY-32F-PP-N","BY-32F","443-01-00050","443-01-00050-C.pdf","matched","productCode","/documents/products/fittings/barbed-fittings/drawings/443-01-00050-C.pdf","H:\01-官网项目\02_产品中心\fit\Barbed connector\图纸_pdf\443-01-00050-C.pdf","PDF 已复制，详情图纸字段已写入"
"倒刺接头","809297","BY-40D-PP-N","BY-40D","443-01-00051","443-01-00051-C.pdf","matched","productCode","/documents/products/fittings/barbed-fittings/drawings/443-01-00051-C.pdf","H:\01-官网项目\02_产品中心\fit\Barbed connector\图纸_pdf\443-01-00051-C.pdf","PDF 已复制，详情图纸字段已写入"
"倒刺接头","809298","BY-64F-PP-N","BY-64F","443-01-00052","443-01-00052-C.pdf","matched","productCode","/documents/products/fittings/barbed-fittings/drawings/443-01-00052-C.pdf","H:\01-官网项目\02_产品中心\fit\Barbed connector\图纸_pdf\443-01-00052-C.pdf","PDF 已复制，详情图纸字段已写入"
"倒刺接头","809326","BY-24F-PA-W","BY-24F","443-01-00081","443-01-00081-C.pdf","matched","productCode","/documents/products/fittings/barbed-fittings/drawings/443-01-00081-C.pdf","H:\01-官网项目\02_产品中心\fit\Barbed connector\图纸_pdf\443-01-00081-C.pdf","PDF 已复制，详情图纸字段已写入"
"倒刺接头","809334","BY-16F-PA-W","BY-16F","443-01-00089","443-01-00089-C.pdf","matched","productCode","/documents/products/fittings/barbed-fittings/drawings/443-01-00089-C.pdf","H:\01-官网项目\02_产品中心\fit\Barbed connector\图纸_pdf\443-01-00089-C.pdf","PDF 已复制，详情图纸字段已写入"
"倒刺接头","809335","BY-32F-PA-W","BY-32F","443-01-00091","443-01-00091-C.pdf","matched","productCode","/documents/products/fittings/barbed-fittings/drawings/443-01-00091-C.pdf","H:\01-官网项目\02_产品中心\fit\Barbed connector\图纸_pdf\443-01-00091-C.pdf","PDF 已复制，详情图纸字段已写入"
"倒刺接头","809336","BY-64F-PA-W","BY-64F","443-01-00092","443-01-00092-C.pdf","matched","productCode","/documents/products/fittings/barbed-fittings/drawings/443-01-00092-C.pdf","H:\01-官网项目\02_产品中心\fit\Barbed connector\图纸_pdf\443-01-00092-C.pdf","PDF 已复制，详情图纸字段已写入"
"倒刺接头","809341","BY-48F-PP-N","BY-48F","443-01-00097","443-01-00097-C.pdf","matched","productCode","/documents/products/fittings/barbed-fittings/drawings/443-01-00097-C.pdf","H:\01-官网项目\02_产品中心\fit\Barbed connector\图纸_pdf\443-01-00097-C.pdf","PDF 已复制，详情图纸字段已写入"
"倒刺接头","809343","BY-48F-PA-W","BY-48F","443-01-00099","443-01-00099-C.pdf","matched","productCode","/documents/products/fittings/barbed-fittings/drawings/443-01-00099-C.pdf","H:\01-官网项目\02_产品中心\fit\Barbed connector\图纸_pdf\443-01-00099-C.pdf","PDF 已复制，详情图纸字段已写入"
"倒刺接头","809369","BY-40D-PA-W","BY-40D","443-01-00125","443-01-00125-C.pdf","matched","productCode","/documents/products/fittings/barbed-fittings/drawings/443-01-00125-C.pdf","H:\01-官网项目\02_产品中心\fit\Barbed connector\图纸_pdf\443-01-00125-C.pdf","PDF 已复制，详情图纸字段已写入"
"倒刺接头","809380","BY-24D-16D-16D-PP-N","BY-24D-16D-16D","443-01-00136","443-01-00136-C.pdf","matched","productCode","/documents/products/fittings/barbed-fittings/drawings/443-01-00136-C.pdf","H:\01-官网项目\02_产品中心\fit\Barbed connector\图纸_pdf\443-01-00136-C.pdf","PDF 已复制，详情图纸字段已写入"
"倒刺接头","809381","BY-24D-16D-16D-PA-W","BY-24D-16D-16D","443-01-00137","443-01-00137-C.pdf","matched","productCode","/documents/products/fittings/barbed-fittings/drawings/443-01-00137-C.pdf","H:\01-官网项目\02_产品中心\fit\Barbed connector\图纸_pdf\443-01-00137-C.pdf","PDF 已复制，详情图纸字段已写入"
"倒刺接头","809430","BY-32D-PP-N","BY-32D","443-02-00007","443-02-00007-C.pdf","matched","productCode","/documents/products/fittings/barbed-fittings/drawings/443-02-00007-C.pdf","H:\01-官网项目\02_产品中心\fit\Barbed connector\图纸_pdf\443-02-00007-C.pdf","PDF 已复制，详情图纸字段已写入"
"倒刺接头","809431","BY-32D-PA-W","BY-32D","443-02-00008","443-02-00008-C.pdf","matched","productCode","/documents/products/fittings/barbed-fittings/drawings/443-02-00008-C.pdf","H:\01-官网项目\02_产品中心\fit\Barbed connector\图纸_pdf\443-02-00008-C.pdf","PDF 已复制，详情图纸字段已写入"
"倒刺接头","809432","BY-95X-PP-N","BY-95X","443-02-00009","443-02-00009-C.pdf","matched","productCode","/documents/products/fittings/barbed-fittings/drawings/443-02-00009-C.pdf","H:\01-官网项目\02_产品中心\fit\Barbed connector\图纸_pdf\443-02-00009-C.pdf","PDF 已复制，详情图纸字段已写入"
"倒刺接头","809433","BY-95X-PA-W","BY-95X","443-02-00010","443-02-00010-C.pdf","matched","productCode","/documents/products/fittings/barbed-fittings/drawings/443-02-00010-C.pdf","H:\01-官网项目\02_产品中心\fit\Barbed connector\图纸_pdf\443-02-00010-C.pdf","PDF 已复制，详情图纸字段已写入"
"倒刺接头","809434","BY-32D-16D-16D-PP-N","BY-32D-16D-16D","443-02-00011","443-02-00011-C.pdf","matched","productCode","/documents/products/fittings/barbed-fittings/drawings/443-02-00011-C.pdf","H:\01-官网项目\02_产品中心\fit\Barbed connector\图纸_pdf\443-02-00011-C.pdf","PDF 已复制，详情图纸字段已写入"
"倒刺接头","809435","BY-32D-16D-16D-PA-W","BY-32D-16D-16D","443-02-00012","443-02-00012-C.pdf","matched","productCode","/documents/products/fittings/barbed-fittings/drawings/443-02-00012-C.pdf","H:\01-官网项目\02_产品中心\fit\Barbed connector\图纸_pdf\443-02-00012-C.pdf","PDF 已复制，详情图纸字段已写入"
"倒刺接头","809436","BY-64D-32D-32D-PP-N","BY-64D-32D-32D","443-02-00013","443-02-00013-C.pdf","matched","productCode","/documents/products/fittings/barbed-fittings/drawings/443-02-00013-C.pdf","H:\01-官网项目\02_产品中心\fit\Barbed connector\图纸_pdf\443-02-00013-C.pdf","PDF 已复制，详情图纸字段已写入"
"倒刺接头","809608","BY-24D-PP-N","BY-24D","443-02-00191","443-02-00191-C.pdf","matched","productCode","/documents/products/fittings/barbed-fittings/drawings/443-02-00191-C.pdf","H:\01-官网项目\02_产品中心\fit\Barbed connector\图纸_pdf\443-02-00191-C.pdf","PDF 已复制，详情图纸字段已写入"
"倒刺接头","809609","BY-24D-PA-W","BY-24D","443-02-00192","443-02-00192-C.pdf","matched","productCode","/documents/products/fittings/barbed-fittings/drawings/443-02-00192-C.pdf","H:\01-官网项目\02_产品中心\fit\Barbed connector\图纸_pdf\443-02-00192-C.pdf","PDF 已复制，详情图纸字段已写入"
"倒刺接头","809623","BY-16D-PP-N","BY-16D","443-02-00202","443-02-00202-C.pdf","matched","productCode","/documents/products/fittings/barbed-fittings/drawings/443-02-00202-C.pdf","H:\01-官网项目\02_产品中心\fit\Barbed connector\图纸_pdf\443-02-00202-C.pdf","PDF 已复制，详情图纸字段已写入"
"倒刺接头","809624","BY-16D-PA-W","BY-16D","443-02-00203","443-02-00203-C.pdf","matched","productCode","/documents/products/fittings/barbed-fittings/drawings/443-02-00203-C.pdf","H:\01-官网项目\02_产品中心\fit\Barbed connector\图纸_pdf\443-02-00203-C.pdf","PDF 已复制，详情图纸字段已写入"
"倒刺接头","809646","BY-127V-PP-N","BY-127V","443-02-00225","443-02-00225-C.pdf","matched","productCode","/documents/products/fittings/barbed-fittings/drawings/443-02-00225-C.pdf","H:\01-官网项目\02_产品中心\fit\Barbed connector\图纸_pdf\443-02-00225-C.pdf","PDF 已复制，详情图纸字段已写入"
"倒刺接头","809345","BL-16F-PA-W","BL-16F","443-01-00101","443-01-00101-C.pdf","matched","productCode","/documents/products/fittings/barbed-fittings/drawings/443-01-00101-C.pdf","H:\01-官网项目\02_产品中心\fit\Barbed connector\图纸_pdf\443-01-00101-C.pdf","PDF 已复制，详情图纸字段已写入"
"倒刺接头","809346","BL-24F-PA-W","BL-24F","443-01-00102","443-01-00102-C.pdf","matched","productCode","/documents/products/fittings/barbed-fittings/drawings/443-01-00102-C.pdf","H:\01-官网项目\02_产品中心\fit\Barbed connector\图纸_pdf\443-01-00102-C.pdf","PDF 已复制，详情图纸字段已写入"
"倒刺接头","809348","BL-40F-PA-W","BL-40F","443-01-00104","443-01-00104-C.pdf","matched","productCode","/documents/products/fittings/barbed-fittings/drawings/443-01-00104-C.pdf","H:\01-官网项目\02_产品中心\fit\Barbed connector\图纸_pdf\443-01-00104-C.pdf","PDF 已复制，详情图纸字段已写入"
"倒刺接头","809349","BL-64F-PA-W","BL-64F","443-01-00105","443-01-00105-C.pdf","matched","productCode","/documents/products/fittings/barbed-fittings/drawings/443-01-00105-C.pdf","H:\01-官网项目\02_产品中心\fit\Barbed connector\图纸_pdf\443-01-00105-C.pdf","PDF 已复制，详情图纸字段已写入"
"倒刺接头","809350","BL-95D-PA-W","BL-95D","443-01-00106","443-01-00106-C.pdf","matched","productCode","/documents/products/fittings/barbed-fittings/drawings/443-01-00106-C.pdf","H:\01-官网项目\02_产品中心\fit\Barbed connector\图纸_pdf\443-01-00106-C.pdf","PDF 已复制，详情图纸字段已写入"
"倒刺接头","809357","BL-16F-PP-N","BL-16F","443-01-00113","443-01-00113-C.pdf","matched","productCode","/documents/products/fittings/barbed-fittings/drawings/443-01-00113-C.pdf","H:\01-官网项目\02_产品中心\fit\Barbed connector\图纸_pdf\443-01-00113-C.pdf","PDF 已复制，详情图纸字段已写入"
"倒刺接头","809358","BL-24F-PP-N","BL-24F","443-01-00114","443-01-00114-C.pdf","matched","productCode","/documents/products/fittings/barbed-fittings/drawings/443-01-00114-C.pdf","H:\01-官网项目\02_产品中心\fit\Barbed connector\图纸_pdf\443-01-00114-C.pdf","PDF 已复制，详情图纸字段已写入"
"倒刺接头","809360","BL-40F-PP-N","BL-40F","443-01-00116","443-01-00116-C.pdf","matched","productCode","/documents/products/fittings/barbed-fittings/drawings/443-01-00116-C.pdf","H:\01-官网项目\02_产品中心\fit\Barbed connector\图纸_pdf\443-01-00116-C.pdf","PDF 已复制，详情图纸字段已写入"
"倒刺接头","809361","BL-64F-PP-N","BL-64F","443-01-00117","443-01-00117-C.pdf","matched","productCode","/documents/products/fittings/barbed-fittings/drawings/443-01-00117-C.pdf","H:\01-官网项目\02_产品中心\fit\Barbed connector\图纸_pdf\443-01-00117-C.pdf","PDF 已复制，详情图纸字段已写入"
"倒刺接头","809362","BL-95D-PP-N","BL-95D","443-01-00118","443-01-00118-C.pdf","matched","productCode","/documents/products/fittings/barbed-fittings/drawings/443-01-00118-C.pdf","H:\01-官网项目\02_产品中心\fit\Barbed connector\图纸_pdf\443-01-00118-C.pdf","PDF 已复制，详情图纸字段已写入"
"倒刺接头","809632","BL-16D-PP-N","BL-16D","443-02-00211","443-02-00211-C.pdf","matched","productCode","/documents/products/fittings/barbed-fittings/drawings/443-02-00211-C.pdf","H:\01-官网项目\02_产品中心\fit\Barbed connector\图纸_pdf\443-02-00211-C.pdf","PDF 已复制，详情图纸字段已写入"
"倒刺接头","809633","BL-16D-PA-W","BL-16D","443-02-00212","443-02-00212-C.pdf","matched","productCode","/documents/products/fittings/barbed-fittings/drawings/443-02-00212-C.pdf","H:\01-官网项目\02_产品中心\fit\Barbed connector\图纸_pdf\443-02-00212-C.pdf","PDF 已复制，详情图纸字段已写入"
"倒刺接头","809634","BL-24D-PP-N","BL-24D","443-02-00213","443-02-00213-C.pdf","matched","productCode","/documents/products/fittings/barbed-fittings/drawings/443-02-00213-C.pdf","H:\01-官网项目\02_产品中心\fit\Barbed connector\图纸_pdf\443-02-00213-C.pdf","PDF 已复制，详情图纸字段已写入"
"倒刺接头","809635","BL-24D-PA-W","BL-24D","443-02-00214","443-02-00214-C.pdf","matched","productCode","/documents/products/fittings/barbed-fittings/drawings/443-02-00214-C.pdf","H:\01-官网项目\02_产品中心\fit\Barbed connector\图纸_pdf\443-02-00214-C.pdf","PDF 已复制，详情图纸字段已写入"
"倒刺接头","809636","BL-32D-PP-N","BL-32D","443-02-00215","443-02-00215-C.pdf","matched","productCode","/documents/products/fittings/barbed-fittings/drawings/443-02-00215-C.pdf","H:\01-官网项目\02_产品中心\fit\Barbed connector\图纸_pdf\443-02-00215-C.pdf","PDF 已复制，详情图纸字段已写入"
"倒刺接头","809637","BL-32D-PA-W","BL-32D","443-02-00216","443-02-00216-C.pdf","matched","productCode","/documents/products/fittings/barbed-fittings/drawings/443-02-00216-C.pdf","H:\01-官网项目\02_产品中心\fit\Barbed connector\图纸_pdf\443-02-00216-C.pdf","PDF 已复制，详情图纸字段已写入"
"倒刺接头","809638","BL-16D-24D-PP-N","BL-16D-24D","443-02-00217","443-02-00217-C.pdf","matched","productCode","/documents/products/fittings/barbed-fittings/drawings/443-02-00217-C.pdf","H:\01-官网项目\02_产品中心\fit\Barbed connector\图纸_pdf\443-02-00217-C.pdf","PDF 已复制，详情图纸字段已写入"
"倒刺接头","809639","BL-16D-24D-PA-W","BL-16D-24D","443-02-00218","443-02-00218-C.pdf","matched","productCode","/documents/products/fittings/barbed-fittings/drawings/443-02-00218-C.pdf","H:\01-官网项目\02_产品中心\fit\Barbed connector\图纸_pdf\443-02-00218-C.pdf","PDF 已复制，详情图纸字段已写入"
"倒刺接头","809640","BL-24D-32D-PP-N","BL-24D-32D","443-02-00219","443-02-00219-C.pdf","matched","productCode","/documents/products/fittings/barbed-fittings/drawings/443-02-00219-C.pdf","H:\01-官网项目\02_产品中心\fit\Barbed connector\图纸_pdf\443-02-00219-C.pdf","PDF 已复制，详情图纸字段已写入"
"倒刺接头","809641","BL-24D-32D-PA-W","BL-24D-32D","443-02-00220","443-02-00220-C.pdf","matched","productCode","/documents/products/fittings/barbed-fittings/drawings/443-02-00220-C.pdf","H:\01-官网项目\02_产品中心\fit\Barbed connector\图纸_pdf\443-02-00220-C.pdf","PDF 已复制，详情图纸字段已写入"
"倒刺接头","809642","BL-16D-32D-PP-N","BL-16D-32D","443-02-00221","443-02-00221-C.pdf","matched","productCode","/documents/products/fittings/barbed-fittings/drawings/443-02-00221-C.pdf","H:\01-官网项目\02_产品中心\fit\Barbed connector\图纸_pdf\443-02-00221-C.pdf","PDF 已复制，详情图纸字段已写入"
"倒刺接头","809643","BL-16D-32D-PA-W","BL-16D-32D","443-02-00222","443-02-00222-C.pdf","matched","productCode","/documents/products/fittings/barbed-fittings/drawings/443-02-00222-C.pdf","H:\01-官网项目\02_产品中心\fit\Barbed connector\图纸_pdf\443-02-00222-C.pdf","PDF 已复制，详情图纸字段已写入"
"倒刺接头","809645","BL-127V-PP-N","BL-127V","443-02-00224","443-02-00224-C.pdf","matched","productCode","/documents/products/fittings/barbed-fittings/drawings/443-02-00224-C.pdf","H:\01-官网项目\02_产品中心\fit\Barbed connector\图纸_pdf\443-02-00224-C.pdf","PDF 已复制，详情图纸字段已写入"
"倒刺接头","809283","BBL-16D-PP-N","BBL-16D","443-02-00311","443-02-00311-C.pdf","matched","productCode","/documents/products/fittings/barbed-fittings/drawings/443-02-00311-C.pdf","H:\01-官网项目\02_产品中心\fit\Barbed connector\图纸_pdf\443-02-00311-C.pdf","PDF 已复制，详情图纸字段已写入"
"倒刺接头","809284","BBL-24D-PP-N","BBL-24D","443-02-00312","443-02-00312-C.pdf","matched","productCode","/documents/products/fittings/barbed-fittings/drawings/443-02-00312-C.pdf","H:\01-官网项目\02_产品中心\fit\Barbed connector\图纸_pdf\443-02-00312-C.pdf","PDF 已复制，详情图纸字段已写入"
"倒刺接头","809285","BBL-32D-PP-N","BBL-32D","443-02-00313","443-02-00313-C.pdf","matched","productCode","/documents/products/fittings/barbed-fittings/drawings/443-02-00313-C.pdf","H:\01-官网项目\02_产品中心\fit\Barbed connector\图纸_pdf\443-02-00313-C.pdf","PDF 已复制，详情图纸字段已写入"
"倒刺接头","809407","BBL-24D-PA-W","BBL-24D","443-02-00353","443-02-00353-C.pdf","matched","productCode","/documents/products/fittings/barbed-fittings/drawings/443-02-00353-C.pdf","H:\01-官网项目\02_产品中心\fit\Barbed connector\图纸_pdf\443-02-00353-C.pdf","PDF 已复制，详情图纸字段已写入"
"螺纹转倒刺接头","809268","SA-U32-24F-PP-N","SA-U32-24F","443-01-00022","443-01-00022-C.pdf","matched","productCode","/documents/products/fittings/thread-to-barbed-fittings/drawings/443-01-00022-C.pdf","H:\01-官网项目\02_产品中心\fit\Thread with barb\螺纹转倒刺2D图纸_PDF\443-01-00022-C.pdf","PDF 已复制，详情图纸字段已写入"
"螺纹转倒刺接头","809269","SA-U32-32F-PP-N","SA-U32-32F","443-01-00023","443-01-00023-C.pdf","matched","productCode","/documents/products/fittings/thread-to-barbed-fittings/drawings/443-01-00023-C.pdf","H:\01-官网项目\02_产品中心\fit\Thread with barb\螺纹转倒刺2D图纸_PDF\443-01-00023-C.pdf","PDF 已复制，详情图纸字段已写入"
"螺纹转倒刺接头","809323","SA-U32-24F-PA-W","SA-U32-24F","443-01-00077","443-01-00077-C.pdf","matched","productCode","/documents/products/fittings/thread-to-barbed-fittings/drawings/443-01-00077-C.pdf","H:\01-官网项目\02_产品中心\fit\Thread with barb\螺纹转倒刺2D图纸_PDF\443-01-00077-C.pdf","PDF 已复制，详情图纸字段已写入"
"螺纹转倒刺接头","809339","SA-U32-16F-PA-W","SA-U32-16F","443-01-00095","443-01-00095-C.pdf","matched","productCode","/documents/products/fittings/thread-to-barbed-fittings/drawings/443-01-00095-C.pdf","H:\01-官网项目\02_产品中心\fit\Thread with barb\螺纹转倒刺2D图纸_PDF\443-01-00095-C.pdf","PDF 已复制，详情图纸字段已写入"
"螺纹转倒刺接头","809340","SA-U32-32F-PA-W","SA-U32-32F","443-01-00096","443-01-00096-C.pdf","matched","productCode","/documents/products/fittings/thread-to-barbed-fittings/drawings/443-01-00096-C.pdf","H:\01-官网项目\02_产品中心\fit\Thread with barb\螺纹转倒刺2D图纸_PDF\443-01-00096-C.pdf","PDF 已复制，详情图纸字段已写入"
"螺纹转倒刺接头","809382","SAL-U32-16D-PP-N","SAL-U32-16D","443-01-00138","443-01-00138-C.pdf","matched","productCode","/documents/products/fittings/thread-to-barbed-fittings/drawings/443-01-00138-C.pdf","H:\01-官网项目\02_产品中心\fit\Thread with barb\螺纹转倒刺2D图纸_PDF\443-01-00138-C.pdf","PDF 已复制，详情图纸字段已写入"
"螺纹转倒刺接头","809383","SAL-U32-16D-PA-W","SAL-U32-16D","443-01-00139","443-01-00139-C.pdf","matched","productCode","/documents/products/fittings/thread-to-barbed-fittings/drawings/443-01-00139-C.pdf","H:\01-官网项目\02_产品中心\fit\Thread with barb\螺纹转倒刺2D图纸_PDF\443-01-00139-C.pdf","PDF 已复制，详情图纸字段已写入"
"螺纹转倒刺接头","809384","SAL-U32-32D-PP-N","SAL-U32-32D","443-01-00140","443-01-00140-C.pdf","matched","productCode","/documents/products/fittings/thread-to-barbed-fittings/drawings/443-01-00140-C.pdf","H:\01-官网项目\02_产品中心\fit\Thread with barb\螺纹转倒刺2D图纸_PDF\443-01-00140-C.pdf","PDF 已复制，详情图纸字段已写入"
"螺纹转倒刺接头","809386","SAL-U28-16D-PP-N","SAL-U28-16D","443-01-00142","443-01-00142-C.pdf","matched","productCode","/documents/products/fittings/thread-to-barbed-fittings/drawings/443-01-00142-C.pdf","H:\01-官网项目\02_产品中心\fit\Thread with barb\螺纹转倒刺2D图纸_PDF\443-01-00142-C.pdf","PDF 已复制，详情图纸字段已写入"
"螺纹转倒刺接头","809387","SAL-U28-16D-PA-W","SAL-U28-16D","443-01-00143","443-01-00143-C.pdf","matched","productCode","/documents/products/fittings/thread-to-barbed-fittings/drawings/443-01-00143-C.pdf","H:\01-官网项目\02_产品中心\fit\Thread with barb\螺纹转倒刺2D图纸_PDF\443-01-00143-C.pdf","PDF 已复制，详情图纸字段已写入"
"螺纹转倒刺接头","809388","SAL-U28-32D-PP-N","SAL-U28-32D","443-01-00144","443-01-00144-C.pdf","matched","productCode","/documents/products/fittings/thread-to-barbed-fittings/drawings/443-01-00144-C.pdf","H:\01-官网项目\02_产品中心\fit\Thread with barb\螺纹转倒刺2D图纸_PDF\443-01-00144-C.pdf","PDF 已复制，详情图纸字段已写入"
"螺纹转倒刺接头","809389","SAL-U28-32D-PA-W","SAL-U28-32D","443-01-00145","443-01-00145-C.pdf","matched","productCode","/documents/products/fittings/thread-to-barbed-fittings/drawings/443-01-00145-C.pdf","H:\01-官网项目\02_产品中心\fit\Thread with barb\螺纹转倒刺2D图纸_PDF\443-01-00145-C.pdf","PDF 已复制，详情图纸字段已写入"
"螺纹转倒刺接头","809465","SA-U28-16D-PP-N","SA-U28-16D","443-02-00042","443-02-00042-C.pdf","matched","productCode","/documents/products/fittings/thread-to-barbed-fittings/drawings/443-02-00042-C.pdf","H:\01-官网项目\02_产品中心\fit\Thread with barb\螺纹转倒刺2D图纸_PDF\443-02-00042-C.pdf","PDF 已复制，详情图纸字段已写入"
"螺纹转倒刺接头","809466","SA-U28-24D-PP-N","SA-U28-24D","443-02-00043","443-02-00043-C.pdf","matched","productCode","/documents/products/fittings/thread-to-barbed-fittings/drawings/443-02-00043-C.pdf","H:\01-官网项目\02_产品中心\fit\Thread with barb\螺纹转倒刺2D图纸_PDF\443-02-00043-C.pdf","PDF 已复制，详情图纸字段已写入"
"螺纹转倒刺接头","809467","SA-U28-32D-PP-N","SA-U28-32D","443-02-00044","443-02-00044-C.pdf","matched","productCode","/documents/products/fittings/thread-to-barbed-fittings/drawings/443-02-00044-C.pdf","H:\01-官网项目\02_产品中心\fit\Thread with barb\螺纹转倒刺2D图纸_PDF\443-02-00044-C.pdf","PDF 已复制，详情图纸字段已写入"
"螺纹转倒刺接头","809468","SA-U28-40D-PP-N","SA-U28-40D","443-02-00045","443-02-00045-C.pdf","matched","productCode","/documents/products/fittings/thread-to-barbed-fittings/drawings/443-02-00045-C.pdf","H:\01-官网项目\02_产品中心\fit\Thread with barb\螺纹转倒刺2D图纸_PDF\443-02-00045-C.pdf","PDF 已复制，详情图纸字段已写入"
"螺纹转倒刺接头","809469","SA-U28-48D-PP-N","SA-U28-48D","443-02-00046","443-02-00046-C.pdf","matched","productCode","/documents/products/fittings/thread-to-barbed-fittings/drawings/443-02-00046-C.pdf","H:\01-官网项目\02_产品中心\fit\Thread with barb\螺纹转倒刺2D图纸_PDF\443-02-00046-C.pdf","PDF 已复制，详情图纸字段已写入"
"螺纹转倒刺接头","809470","SA-1/8NPT-24C-PP-N","SA-1-8NPT-24C","443-02-00047","443-02-00047-C.pdf","matched","productCode","/documents/products/fittings/thread-to-barbed-fittings/drawings/443-02-00047-C.pdf","H:\01-官网项目\02_产品中心\fit\Thread with barb\螺纹转倒刺2D图纸_PDF\443-02-00047-C.pdf","PDF 已复制，详情图纸字段已写入"
"螺纹转倒刺接头","809471","SA-1/8NPT-32C-PP-N","SA-1-8NPT-32C","443-02-00048","443-02-00048-C.pdf","matched","productCode","/documents/products/fittings/thread-to-barbed-fittings/drawings/443-02-00048-C.pdf","H:\01-官网项目\02_产品中心\fit\Thread with barb\螺纹转倒刺2D图纸_PDF\443-02-00048-C.pdf","PDF 已复制，详情图纸字段已写入"
"螺纹转倒刺接头","809472","SA-1/8NPT-40C-PP-N","SA-1-8NPT-40C","443-02-00049","443-02-00049-C.pdf","matched","productCode","/documents/products/fittings/thread-to-barbed-fittings/drawings/443-02-00049-C.pdf","H:\01-官网项目\02_产品中心\fit\Thread with barb\螺纹转倒刺2D图纸_PDF\443-02-00049-C.pdf","PDF 已复制，详情图纸字段已写入"
"螺纹转倒刺接头","809473","SA-1/8NPT-48C-PP-N","SA-1-8NPT-48C","443-02-00050","443-02-00050-C.pdf","matched","productCode","/documents/products/fittings/thread-to-barbed-fittings/drawings/443-02-00050-C.pdf","H:\01-官网项目\02_产品中心\fit\Thread with barb\螺纹转倒刺2D图纸_PDF\443-02-00050-C.pdf","PDF 已复制，详情图纸字段已写入"
"螺纹转倒刺接头","809474","SA-1/8NPT-64C-PP-N","SA-1-8NPT-64C","443-02-00051","443-02-00051-C.pdf","matched","productCode","/documents/products/fittings/thread-to-barbed-fittings/drawings/443-02-00051-C.pdf","H:\01-官网项目\02_产品中心\fit\Thread with barb\螺纹转倒刺2D图纸_PDF\443-02-00051-C.pdf","PDF 已复制，详情图纸字段已写入"
"螺纹转倒刺接头","809475","SAL-1/8NPT-64D-PP-N","SAL-1-8NPT-64D","443-02-00052","443-02-00052-C.pdf","matched","productCode","/documents/products/fittings/thread-to-barbed-fittings/drawings/443-02-00052-C.pdf","H:\01-官网项目\02_产品中心\fit\Thread with barb\螺纹转倒刺2D图纸_PDF\443-02-00052-C.pdf","PDF 已复制，详情图纸字段已写入"
"螺纹转倒刺接头","809476","SA-1/4NPT-32D-PP-N","SA-1-4NPT-32D","443-02-00053","443-02-00053-C.pdf","matched","productCode","/documents/products/fittings/thread-to-barbed-fittings/drawings/443-02-00053-C.pdf","H:\01-官网项目\02_产品中心\fit\Thread with barb\螺纹转倒刺2D图纸_PDF\443-02-00053-C.pdf","PDF 已复制，详情图纸字段已写入"
"螺纹转倒刺接头","809477","SA-1/4NPT-64D-PP-N","SA-1-4NPT-64D","443-02-00054","443-02-00054-C.pdf","matched","productCode","/documents/products/fittings/thread-to-barbed-fittings/drawings/443-02-00054-C.pdf","H:\01-官网项目\02_产品中心\fit\Thread with barb\螺纹转倒刺2D图纸_PDF\443-02-00054-C.pdf","PDF 已复制，详情图纸字段已写入"
"螺纹转倒刺接头","809478","SA-1/4NPT-95D-PP-N","SA-1-4NPT-95D","443-02-00055","443-02-00055-C.pdf","matched","productCode","/documents/products/fittings/thread-to-barbed-fittings/drawings/443-02-00055-C.pdf","H:\01-官网项目\02_产品中心\fit\Thread with barb\螺纹转倒刺2D图纸_PDF\443-02-00055-C.pdf","PDF 已复制，详情图纸字段已写入"
"螺纹转倒刺接头","809495","SA-U28-40D-PA-W","SA-U28-40D","443-02-00072","443-02-00072-C.pdf","matched","productCode","/documents/products/fittings/thread-to-barbed-fittings/drawings/443-02-00072-C.pdf","H:\01-官网项目\02_产品中心\fit\Thread with barb\螺纹转倒刺2D图纸_PDF\443-02-00072-C.pdf","PDF 已复制，详情图纸字段已写入"
"螺纹转倒刺接头","809500","SA-U28-32D-PA-W","SA-U28-32D","443-02-00077","443-02-00077-C.pdf","matched","productCode","/documents/products/fittings/thread-to-barbed-fittings/drawings/443-02-00077-C.pdf","H:\01-官网项目\02_产品中心\fit\Thread with barb\螺纹转倒刺2D图纸_PDF\443-02-00077-C.pdf","PDF 已复制，详情图纸字段已写入"
"螺纹转倒刺接头","809501","SA-U28-48D-PA-W","SA-U28-48D","443-02-00078","443-02-00078-C.pdf","matched","productCode","/documents/products/fittings/thread-to-barbed-fittings/drawings/443-02-00078-C.pdf","H:\01-官网项目\02_产品中心\fit\Thread with barb\螺纹转倒刺2D图纸_PDF\443-02-00078-C.pdf","PDF 已复制，详情图纸字段已写入"
"螺纹转倒刺接头","809502","SA-1/8NPT-24C-PA-W","SA-1-8NPT-24C","443-02-00079","443-02-00079-C.pdf","matched","productCode","/documents/products/fittings/thread-to-barbed-fittings/drawings/443-02-00079-C.pdf","H:\01-官网项目\02_产品中心\fit\Thread with barb\螺纹转倒刺2D图纸_PDF\443-02-00079-C.pdf","PDF 已复制，详情图纸字段已写入"
"螺纹转倒刺接头","809503","SA-1/8NPT-32C-PA-W","SA-1-8NPT-32C","443-02-00080","443-02-00080-C.pdf","matched","productCode","/documents/products/fittings/thread-to-barbed-fittings/drawings/443-02-00080-C.pdf","H:\01-官网项目\02_产品中心\fit\Thread with barb\螺纹转倒刺2D图纸_PDF\443-02-00080-C.pdf","PDF 已复制，详情图纸字段已写入"
"螺纹转倒刺接头","809504","SA-1/8NPT-40C-PA-W","SA-1-8NPT-40C","443-02-00081","443-02-00081-C.pdf","matched","productCode","/documents/products/fittings/thread-to-barbed-fittings/drawings/443-02-00081-C.pdf","H:\01-官网项目\02_产品中心\fit\Thread with barb\螺纹转倒刺2D图纸_PDF\443-02-00081-C.pdf","PDF 已复制，详情图纸字段已写入"
"螺纹转倒刺接头","809507","SAL-1/8NPT-64D-PA-W","SAL-1-8NPT-64D","443-02-00084","443-02-00084-C.pdf","matched","productCode","/documents/products/fittings/thread-to-barbed-fittings/drawings/443-02-00084-C.pdf","H:\01-官网项目\02_产品中心\fit\Thread with barb\螺纹转倒刺2D图纸_PDF\443-02-00084-C.pdf","PDF 已复制，详情图纸字段已写入"
"螺纹转倒刺接头","809509","SA-1/4NPT-64D-PA-W","SA-1-4NPT-64D","443-02-00086","443-02-00086-C.pdf","matched","productCode","/documents/products/fittings/thread-to-barbed-fittings/drawings/443-02-00086-C.pdf","H:\01-官网项目\02_产品中心\fit\Thread with barb\螺纹转倒刺2D图纸_PDF\443-02-00086-C.pdf","PDF 已复制，详情图纸字段已写入"
"螺纹转倒刺接头","809510","SA-1/4NPT-95D-PA-W","SA-1-4NPT-95D","443-02-00087","443-02-00087-C.pdf","matched","productCode","/documents/products/fittings/thread-to-barbed-fittings/drawings/443-02-00087-C.pdf","H:\01-官网项目\02_产品中心\fit\Thread with barb\螺纹转倒刺2D图纸_PDF\443-02-00087-C.pdf","PDF 已复制，详情图纸字段已写入"
"螺纹转倒刺接头","809835","SA-X32-32D-PA-W","SA-X32-32D","443-02-00588","443-02-00588-C.pdf","matched","productCode","/documents/products/fittings/thread-to-barbed-fittings/drawings/443-02-00588-C.pdf","H:\01-官网项目\02_产品中心\fit\Thread with barb\螺纹转倒刺2D图纸_PDF\443-02-00588-C.pdf","PDF 已复制，详情图纸字段已写入"
"螺纹转倒刺接头","809836","SA-X32-24D-PP-N","SA-X32-24D","443-02-00589","443-02-00589-C.pdf","matched","productCode","/documents/products/fittings/thread-to-barbed-fittings/drawings/443-02-00589-C.pdf","H:\01-官网项目\02_产品中心\fit\Thread with barb\螺纹转倒刺2D图纸_PDF\443-02-00589-C.pdf","PDF 已复制，详情图纸字段已写入"
"螺纹转倒刺接头","809003","SB-U28-16-PP-N","SB-U28-16","443-00-00304","443-00-00304-C.pdf","matched","productCode","/documents/products/fittings/thread-to-barbed-fittings/drawings/443-00-00304-C.pdf","H:\01-官网项目\02_产品中心\fit\Thread with barb\螺纹转倒刺2D图纸_PDF\443-00-00304-C.pdf","PDF 已复制，详情图纸字段已写入"
"螺纹转倒刺接头","809010","SB-U28-32-PP-N","SB-U28-32","443-00-00306","443-00-00306-C.pdf","matched","productCode","/documents/products/fittings/thread-to-barbed-fittings/drawings/443-00-00306-C.pdf","H:\01-官网项目\02_产品中心\fit\Thread with barb\螺纹转倒刺2D图纸_PDF\443-00-00306-C.pdf","PDF 已复制，详情图纸字段已写入"
"螺纹转倒刺接头","809014","SB-U28-40-PP-N","SB-U28-40","443-00-00307","443-00-00307-C.pdf","matched","productCode","/documents/products/fittings/thread-to-barbed-fittings/drawings/443-00-00307-C.pdf","H:\01-官网项目\02_产品中心\fit\Thread with barb\螺纹转倒刺2D图纸_PDF\443-00-00307-C.pdf","PDF 已复制，详情图纸字段已写入"
"螺纹转倒刺接头","809017","SB-M6-16-PP-N","SB-M6-16","443-00-00308","443-00-00308-C.pdf","matched","productCode","/documents/products/fittings/thread-to-barbed-fittings/drawings/443-00-00308-C.pdf","H:\01-官网项目\02_产品中心\fit\Thread with barb\螺纹转倒刺2D图纸_PDF\443-00-00308-C.pdf","PDF 已复制，详情图纸字段已写入"
"螺纹转倒刺接头","809021","SB-M6-24-PP-N","SB-M6-24","443-00-00309","443-00-00309-C.pdf","matched","productCode","/documents/products/fittings/thread-to-barbed-fittings/drawings/443-00-00309-C.pdf","H:\01-官网项目\02_产品中心\fit\Thread with barb\螺纹转倒刺2D图纸_PDF\443-00-00309-C.pdf","PDF 已复制，详情图纸字段已写入"
"螺纹转倒刺接头","809024","SB-M6-32-PP-N","SB-M6-32","443-00-00310","443-00-00310-C.pdf","matched","productCode","/documents/products/fittings/thread-to-barbed-fittings/drawings/443-00-00310-C.pdf","H:\01-官网项目\02_产品中心\fit\Thread with barb\螺纹转倒刺2D图纸_PDF\443-00-00310-C.pdf","PDF 已复制，详情图纸字段已写入"
"螺纹转倒刺接头","809028","SB-M6-40-PP-N","SB-M6-40","443-00-00311","443-00-00311-C.pdf","matched","productCode","/documents/products/fittings/thread-to-barbed-fittings/drawings/443-00-00311-C.pdf","H:\01-官网项目\02_产品中心\fit\Thread with barb\螺纹转倒刺2D图纸_PDF\443-00-00311-C.pdf","PDF 已复制，详情图纸字段已写入"
"螺纹转倒刺接头","809006","SB-U28-24-AC-B","SB-U28-24-AC","443-00-00328","443-00-00328-C.pdf","matched","productCode","/documents/products/fittings/thread-to-barbed-fittings/drawings/443-00-00328-C.pdf","H:\01-官网项目\02_产品中心\fit\Thread with barb\螺纹转倒刺2D图纸_PDF\443-00-00328-C.pdf","PDF 已复制，详情图纸字段已写入"
"螺纹转倒刺接头","809001","SB-U28-16-PV-N","SB-U28-16-PV","443-00-00335","443-00-00335-C.pdf","matched","productCode","/documents/products/fittings/thread-to-barbed-fittings/drawings/443-00-00335-C.pdf","H:\01-官网项目\02_产品中心\fit\Thread with barb\螺纹转倒刺2D图纸_PDF\443-00-00335-C.pdf","PDF 已复制，详情图纸字段已写入"
"螺纹转倒刺接头","809005","SB-U28-24-PV-N","SB-U28-24-PV","443-00-00336","443-00-00336-C.pdf","matched","productCode","/documents/products/fittings/thread-to-barbed-fittings/drawings/443-00-00336-C.pdf","H:\01-官网项目\02_产品中心\fit\Thread with barb\螺纹转倒刺2D图纸_PDF\443-00-00336-C.pdf","PDF 已复制，详情图纸字段已写入"
"螺纹转倒刺接头","809008","SB-U28-32-PV-N","SB-U28-32-PV","443-00-00337","443-00-00337-C.pdf","matched","productCode","/documents/products/fittings/thread-to-barbed-fittings/drawings/443-00-00337-C.pdf","H:\01-官网项目\02_产品中心\fit\Thread with barb\螺纹转倒刺2D图纸_PDF\443-00-00337-C.pdf","PDF 已复制，详情图纸字段已写入"
"螺纹转倒刺接头","809012","SB-U28-40-PV-N","SB-U28-40-PV","443-00-00338","443-00-00338-C.pdf","matched","productCode","/documents/products/fittings/thread-to-barbed-fittings/drawings/443-00-00338-C.pdf","H:\01-官网项目\02_产品中心\fit\Thread with barb\螺纹转倒刺2D图纸_PDF\443-00-00338-C.pdf","PDF 已复制，详情图纸字段已写入"
"螺纹转倒刺接头","809015","SB-M6-16-PV-N","SB-M6-16-PV","443-00-00339","443-00-00339-C.pdf","matched","productCode","/documents/products/fittings/thread-to-barbed-fittings/drawings/443-00-00339-C.pdf","H:\01-官网项目\02_产品中心\fit\Thread with barb\螺纹转倒刺2D图纸_PDF\443-00-00339-C.pdf","PDF 已复制，详情图纸字段已写入"
"螺纹转倒刺接头","809019","SB-M6-24-PV-N","SB-M6-24-PV","443-00-00340","443-00-00340-C.pdf","matched","productCode","/documents/products/fittings/thread-to-barbed-fittings/drawings/443-00-00340-C.pdf","H:\01-官网项目\02_产品中心\fit\Thread with barb\螺纹转倒刺2D图纸_PDF\443-00-00340-C.pdf","PDF 已复制，详情图纸字段已写入"
"螺纹转倒刺接头","809022","SB-M6-32-PV-N","SB-M6-32-PV","443-00-00341","443-00-00341-C.pdf","matched","productCode","/documents/products/fittings/thread-to-barbed-fittings/drawings/443-00-00341-C.pdf","H:\01-官网项目\02_产品中心\fit\Thread with barb\螺纹转倒刺2D图纸_PDF\443-00-00341-C.pdf","PDF 已复制，详情图纸字段已写入"
"螺纹转倒刺接头","809026","SB-M6-40-PV-N","SB-M6-40-PV","443-00-00342","443-00-00342-C.pdf","matched","productCode","/documents/products/fittings/thread-to-barbed-fittings/drawings/443-00-00342-C.pdf","H:\01-官网项目\02_产品中心\fit\Thread with barb\螺纹转倒刺2D图纸_PDF\443-00-00342-C.pdf","PDF 已复制，详情图纸字段已写入"
"螺纹转倒刺接头","809480","SB-M5-32D-PP-N","SB-M5-32D","443-02-00057","443-02-00057-C.pdf","matched","productCode","/documents/products/fittings/thread-to-barbed-fittings/drawings/443-02-00057-C.pdf","H:\01-官网项目\02_产品中心\fit\Thread with barb\螺纹转倒刺2D图纸_PDF\443-02-00057-C.pdf","PDF 已复制，详情图纸字段已写入"
"螺纹转倒刺接头","809481","SB-M5-40D-PP-N","SB-M5-40D","443-02-00058","443-02-00058-C.pdf","matched","productCode","/documents/products/fittings/thread-to-barbed-fittings/drawings/443-02-00058-C.pdf","H:\01-官网项目\02_产品中心\fit\Thread with barb\螺纹转倒刺2D图纸_PDF\443-02-00058-C.pdf","PDF 已复制，详情图纸字段已写入"
"螺纹转倒刺接头","809511","SB-M5-24D-PA-W","SB-M5-24D","443-02-00088","443-02-00088-C.pdf","matched","productCode","/documents/products/fittings/thread-to-barbed-fittings/drawings/443-02-00088-C.pdf","H:\01-官网项目\02_产品中心\fit\Thread with barb\螺纹转倒刺2D图纸_PDF\443-02-00088-C.pdf","PDF 已复制，详情图纸字段已写入"
"螺纹转倒刺接头","809512","SB-M5-32D-PA-W","SB-M5-32D","443-02-00089","443-02-00089-C.pdf","matched","productCode","/documents/products/fittings/thread-to-barbed-fittings/drawings/443-02-00089-C.pdf","H:\01-官网项目\02_产品中心\fit\Thread with barb\螺纹转倒刺2D图纸_PDF\443-02-00089-C.pdf","PDF 已复制，详情图纸字段已写入"
"螺纹转倒刺接头","809513","SB-M5-40D-PA-W","SB-M5-40D","443-02-00090","443-02-00090-C.pdf","matched","productCode","/documents/products/fittings/thread-to-barbed-fittings/drawings/443-02-00090-C.pdf","H:\01-官网项目\02_产品中心\fit\Thread with barb\螺纹转倒刺2D图纸_PDF\443-02-00090-C.pdf","PDF 已复制，详情图纸字段已写入"
