"序号","产品名称","产品编码","型号","Slug","产品类别/系列","检查结果","主图字段","主图引用路径","实际匹配路径","数据文件","数据位置","建议动作"
"1","100 μL PEEK 泵头常规柱塞泵","","","","","主图字段为空","images[0]","","","data/products/generated/pumps/pump-series.detail.generated.ts","data/products/generated/pumps/pump-series.detail.generated.ts 第 900 行","补充主图路径；补图前暂不发布"
"2","100 μL PEEK 泵头微型柱塞泵","","","","","主图字段为空","images[0]","","","data/products/generated/pumps/pump-series.detail.generated.ts","data/products/generated/pumps/pump-series.detail.generated.ts 第 13993 行","补充主图路径；补图前暂不发布"
"3","100 µL PEEK Pump Head Miniature Plunger Pump","","","","","主图字段为空","images[0]","","","data/products/generated/pumps/pump-series.detail.generated.ts","data/products/generated/pumps/pump-series.detail.generated.ts 第 14376 行","补充主图路径；补图前暂不发布"
"4","100 µL PEEK Pump Head Standard Plunger Pump","","","","","主图字段为空","images[0]","","","data/products/generated/pumps/pump-series.detail.generated.ts","data/products/generated/pumps/pump-series.detail.generated.ts 第 1291 行","补充主图路径；补图前暂不发布"
"5","100 μL PMMA 泵头常规柱塞泵","","","","","主图字段为空","images[0]","","","data/products/generated/pumps/pump-series.detail.generated.ts","data/products/generated/pumps/pump-series.detail.generated.ts 第 25 行","补充主图路径；补图前暂不发布"
"6","100 μL PMMA 泵头超紧凑柱塞泵","","","","","主图字段为空","images[0]","","","data/products/generated/pumps/pump-series.detail.generated.ts","data/products/generated/pumps/pump-series.detail.generated.ts 第 19147 行","补充主图路径；补图前暂不发布"
"7","100 μL PMMA 泵头微型柱塞泵","","","","","主图字段为空","images[0]","","","data/products/generated/pumps/pump-series.detail.generated.ts","data/products/generated/pumps/pump-series.detail.generated.ts 第 13134 行","补充主图路径；补图前暂不发布"
"8","100 µL PMMA Pump Head Miniature Plunger Pump","","","","","主图字段为空","images[0]","","","data/products/generated/pumps/pump-series.detail.generated.ts","data/products/generated/pumps/pump-series.detail.generated.ts 第 13517 行","补充主图路径；补图前暂不发布"
"9","100 µL PMMA Pump Head Standard Plunger Pump","","","","","主图字段为空","images[0]","","","data/products/generated/pumps/pump-series.detail.generated.ts","data/products/generated/pumps/pump-series.detail.generated.ts 第 416 行","补充主图路径；补图前暂不发布"
"10","100 µL PMMA Pump Head Ultra-Compact Plunger Pump","","","","","主图字段为空","images[0]","","","data/products/generated/pumps/pump-series.detail.generated.ts","data/products/generated/pumps/pump-series.detail.generated.ts 第 19530 行","补充主图路径；补图前暂不发布"
"11","1000 μL PEEK 泵头常规柱塞泵","","","","","主图字段为空","images[0]","","","data/products/generated/pumps/pump-series.detail.generated.ts","data/products/generated/pumps/pump-series.detail.generated.ts 第 6150 行","补充主图路径；补图前暂不发布"
"12","1000 µL PEEK Pump Head Standard Plunger Pump","","","","","主图字段为空","images[0]","","","data/products/generated/pumps/pump-series.detail.generated.ts","data/products/generated/pumps/pump-series.detail.generated.ts 第 6541 行","补充主图路径；补图前暂不发布"
"13","1000 μL PMMA 泵头常规柱塞泵","","","","","主图字段为空","images[0]","","","data/products/generated/pumps/pump-series.detail.generated.ts","data/products/generated/pumps/pump-series.detail.generated.ts 第 5275 行","补充主图路径；补图前暂不发布"
"14","1000 μL PMMA 泵头微型柱塞泵","","","","","主图字段为空","images[0]","","","data/products/generated/pumps/pump-series.detail.generated.ts","data/products/generated/pumps/pump-series.detail.generated.ts 第 17429 行","补充主图路径；补图前暂不发布"
"15","1000 µL PMMA Pump Head Miniature Plunger Pump","","","","","主图字段为空","images[0]","","","data/products/generated/pumps/pump-series.detail.generated.ts","data/products/generated/pumps/pump-series.detail.generated.ts 第 17812 行","补充主图路径；补图前暂不发布"
"16","1000 µL PMMA Pump Head Standard Plunger Pump","","","","","主图字段为空","images[0]","","","data/products/generated/pumps/pump-series.detail.generated.ts","data/products/generated/pumps/pump-series.detail.generated.ts 第 5666 行","补充主图路径；补图前暂不发布"
"17","10000 μL PEEK 泵头常规柱塞泵","","","","","主图字段为空","images[0]","","","data/products/generated/pumps/pump-series.detail.generated.ts","data/products/generated/pumps/pump-series.detail.generated.ts 第 11400 行","补充主图路径；补图前暂不发布"
"18","10000 µL PEEK Pump Head Standard Plunger Pump","","","","","主图字段为空","images[0]","","","data/products/generated/pumps/pump-series.detail.generated.ts","data/products/generated/pumps/pump-series.detail.generated.ts 第 11791 行","补充主图路径；补图前暂不发布"
"19","10000 μL PMMA 泵头常规柱塞泵","","","","","主图字段为空","images[0]","","","data/products/generated/pumps/pump-series.detail.generated.ts","data/products/generated/pumps/pump-series.detail.generated.ts 第 10525 行","补充主图路径；补图前暂不发布"
"20","10000 µL PMMA Pump Head Standard Plunger Pump","","","","","主图字段为空","images[0]","","","data/products/generated/pumps/pump-series.detail.generated.ts","data/products/generated/pumps/pump-series.detail.generated.ts 第 10916 行","补充主图路径；补图前暂不发布"
"21","250 μL PEEK 泵头常规柱塞泵","","","","","主图字段为空","images[0]","","","data/products/generated/pumps/pump-series.detail.generated.ts","data/products/generated/pumps/pump-series.detail.generated.ts 第 2650 行","补充主图路径；补图前暂不发布"
"22","250 μL PEEK 泵头微型柱塞泵","","","","","主图字段为空","images[0]","","","data/products/generated/pumps/pump-series.detail.generated.ts","data/products/generated/pumps/pump-series.detail.generated.ts 第 15711 行","补充主图路径；补图前暂不发布"
"23","250 µL PEEK Pump Head Miniature Plunger Pump","","","","","主图字段为空","images[0]","","","data/products/generated/pumps/pump-series.detail.generated.ts","data/products/generated/pumps/pump-series.detail.generated.ts 第 16094 行","补充主图路径；补图前暂不发布"
"24","250 µL PEEK Pump Head Standard Plunger Pump","","","","","主图字段为空","images[0]","","","data/products/generated/pumps/pump-series.detail.generated.ts","data/products/generated/pumps/pump-series.detail.generated.ts 第 3041 行","补充主图路径；补图前暂不发布"
"25","250 μL PMMA 泵头常规柱塞泵","","","","","主图字段为空","images[0]","","","data/products/generated/pumps/pump-series.detail.generated.ts","data/products/generated/pumps/pump-series.detail.generated.ts 第 1775 行","补充主图路径；补图前暂不发布"
"26","250 μL PMMA 泵头超紧凑柱塞泵","","","","","主图字段为空","images[0]","","","data/products/generated/pumps/pump-series.detail.generated.ts","data/products/generated/pumps/pump-series.detail.generated.ts 第 20006 行","补充主图路径；补图前暂不发布"
"27","250 μL PMMA 泵头微型柱塞泵","","","","","主图字段为空","images[0]","","","data/products/generated/pumps/pump-series.detail.generated.ts","data/products/generated/pumps/pump-series.detail.generated.ts 第 14852 行","补充主图路径；补图前暂不发布"
"28","250 µL PMMA Pump Head Miniature Plunger Pump","","","","","主图字段为空","images[0]","","","data/products/generated/pumps/pump-series.detail.generated.ts","data/products/generated/pumps/pump-series.detail.generated.ts 第 15235 行","补充主图路径；补图前暂不发布"
"29","250 µL PMMA Pump Head Standard Plunger Pump","","","","","主图字段为空","images[0]","","","data/products/generated/pumps/pump-series.detail.generated.ts","data/products/generated/pumps/pump-series.detail.generated.ts 第 2166 行","补充主图路径；补图前暂不发布"
"30","250 µL PMMA Pump Head Ultra-Compact Plunger Pump","","","","","主图字段为空","images[0]","","","data/products/generated/pumps/pump-series.detail.generated.ts","data/products/generated/pumps/pump-series.detail.generated.ts 第 20389 行","补充主图路径；补图前暂不发布"
"31","2500 μL PEEK 泵头常规柱塞泵","","","","","主图字段为空","images[0]","","","data/products/generated/pumps/pump-series.detail.generated.ts","data/products/generated/pumps/pump-series.detail.generated.ts 第 7900 行","补充主图路径；补图前暂不发布"
"32","2500 µL PEEK Pump Head Standard Plunger Pump","","","","","主图字段为空","images[0]","","","data/products/generated/pumps/pump-series.detail.generated.ts","data/products/generated/pumps/pump-series.detail.generated.ts 第 8291 行","补充主图路径；补图前暂不发布"
"33","2500 μL PMMA 泵头常规柱塞泵","","","","","主图字段为空","images[0]","","","data/products/generated/pumps/pump-series.detail.generated.ts","data/products/generated/pumps/pump-series.detail.generated.ts 第 7025 行","补充主图路径；补图前暂不发布"
"34","2500 µL PMMA Pump Head Standard Plunger Pump","","","","","主图字段为空","images[0]","","","data/products/generated/pumps/pump-series.detail.generated.ts","data/products/generated/pumps/pump-series.detail.generated.ts 第 7416 行","补充主图路径；补图前暂不发布"
"35","50 μL PMMA 泵头超紧凑柱塞泵","","","","","主图字段为空","images[0]","","","data/products/generated/pumps/pump-series.detail.generated.ts","data/products/generated/pumps/pump-series.detail.generated.ts 第 18288 行","补充主图路径；补图前暂不发布"
"36","50 μL PMMA 泵头微型柱塞泵","","","","","主图字段为空","images[0]","","","data/products/generated/pumps/pump-series.detail.generated.ts","data/products/generated/pumps/pump-series.detail.generated.ts 第 12275 行","补充主图路径；补图前暂不发布"
"37","50 µL PMMA Pump Head Miniature Plunger Pump","","","","","主图字段为空","images[0]","","","data/products/generated/pumps/pump-series.detail.generated.ts","data/products/generated/pumps/pump-series.detail.generated.ts 第 12658 行","补充主图路径；补图前暂不发布"
"38","50 µL PMMA Pump Head Ultra-Compact Plunger Pump","","","","","主图字段为空","images[0]","","","data/products/generated/pumps/pump-series.detail.generated.ts","data/products/generated/pumps/pump-series.detail.generated.ts 第 18671 行","补充主图路径；补图前暂不发布"
"39","500 μL PEEK 泵头常规柱塞泵","","","","","主图字段为空","images[0]","","","data/products/generated/pumps/pump-series.detail.generated.ts","data/products/generated/pumps/pump-series.detail.generated.ts 第 4400 行","补充主图路径；补图前暂不发布"
"40","500 µL PEEK Pump Head Standard Plunger Pump","","","","","主图字段为空","images[0]","","","data/products/generated/pumps/pump-series.detail.generated.ts","data/products/generated/pumps/pump-series.detail.generated.ts 第 4791 行","补充主图路径；补图前暂不发布"
"41","500 μL PMMA 泵头常规柱塞泵","","","","","主图字段为空","images[0]","","","data/products/generated/pumps/pump-series.detail.generated.ts","data/products/generated/pumps/pump-series.detail.generated.ts 第 3525 行","补充主图路径；补图前暂不发布"
"42","500 μL PMMA 泵头超紧凑柱塞泵","","","","","主图字段为空","images[0]","","","data/products/generated/pumps/pump-series.detail.generated.ts","data/products/generated/pumps/pump-series.detail.generated.ts 第 20865 行","补充主图路径；补图前暂不发布"
"43","500 μL PMMA 泵头微型柱塞泵","","","","","主图字段为空","images[0]","","","data/products/generated/pumps/pump-series.detail.generated.ts","data/products/generated/pumps/pump-series.detail.generated.ts 第 16570 行","补充主图路径；补图前暂不发布"
"44","500 µL PMMA Pump Head Miniature Plunger Pump","","","","","主图字段为空","images[0]","","","data/products/generated/pumps/pump-series.detail.generated.ts","data/products/generated/pumps/pump-series.detail.generated.ts 第 16953 行","补充主图路径；补图前暂不发布"
"45","500 µL PMMA Pump Head Standard Plunger Pump","","","","","主图字段为空","images[0]","","","data/products/generated/pumps/pump-series.detail.generated.ts","data/products/generated/pumps/pump-series.detail.generated.ts 第 3916 行","补充主图路径；补图前暂不发布"
"46","500 µL PMMA Pump Head Ultra-Compact Plunger Pump","","","","","主图字段为空","images[0]","","","data/products/generated/pumps/pump-series.detail.generated.ts","data/products/generated/pumps/pump-series.detail.generated.ts 第 21248 行","补充主图路径；补图前暂不发布"
"47","5000 μL PEEK 泵头常规柱塞泵","","","","","主图字段为空","images[0]","","","data/products/generated/pumps/pump-series.detail.generated.ts","data/products/generated/pumps/pump-series.detail.generated.ts 第 9650 行","补充主图路径；补图前暂不发布"
"48","5000 µL PEEK Pump Head Standard Plunger Pump","","","","","主图字段为空","images[0]","","","data/products/generated/pumps/pump-series.detail.generated.ts","data/products/generated/pumps/pump-series.detail.generated.ts 第 10041 行","补充主图路径；补图前暂不发布"
"49","5000 μL PMMA 泵头常规柱塞泵","","","","","主图字段为空","images[0]","","","data/products/generated/pumps/pump-series.detail.generated.ts","data/products/generated/pumps/pump-series.detail.generated.ts 第 8775 行","补充主图路径；补图前暂不发布"
"50","5000 µL PMMA Pump Head Standard Plunger Pump","","","","","主图字段为空","images[0]","","","data/products/generated/pumps/pump-series.detail.generated.ts","data/products/generated/pumps/pump-series.detail.generated.ts 第 9166 行","补充主图路径；补图前暂不发布"
"51","","839099","","","","图片文件不存在","imagePath","/images/resources/selection-support/fitting-replacement/q20/products/Q2002-PNX-SACE.webp","F:\WebsiteProjects\foreach-website-2026\public\images\resources\selection-support\fitting-replacement\q20\products\Q2002-PNX-SACE.webp | F:\images\resources\selection-support\fitting-replacement\q20\products\Q2002-PNX-SACE.webp | F:\WebsiteProjects\foreach-website-2026\public\images\resources\selection-support\fitting-replacement\q20\products\Q2002-PNX-SACE.webp | F:\WebsiteProjects\foreach-website-2026\images\resources\selection-support\fitting-replacement\q20\products\Q2002-PNX-SACE.webp","data/resources/fitting-replacement/fittings/quick-connect/q20/q20.zh.ts","data/resources/fitting-replacement/fittings/quick-connect/q20/q20.zh.ts 第 389 行","确认图片是否漏传、路径是否写错；无图产品暂不发布"
"52","","839119","","","","图片文件不存在","imagePath","/images/resources/selection-support/fitting-replacement/q20/products/Q2002-PMX-SACE.webp","F:\WebsiteProjects\foreach-website-2026\public\images\resources\selection-support\fitting-replacement\q20\products\Q2002-PMX-SACE.webp | F:\images\resources\selection-support\fitting-replacement\q20\products\Q2002-PMX-SACE.webp | F:\WebsiteProjects\foreach-website-2026\public\images\resources\selection-support\fitting-replacement\q20\products\Q2002-PMX-SACE.webp | F:\WebsiteProjects\foreach-website-2026\images\resources\selection-support\fitting-replacement\q20\products\Q2002-PMX-SACE.webp","data/resources/fitting-replacement/fittings/quick-connect/q20/q20.zh.ts","data/resources/fitting-replacement/fittings/quick-connect/q20/q20.zh.ts 第 347 行","确认图片是否漏传、路径是否写错；无图产品暂不发布"
"53","","839120","","","","图片文件不存在","imagePath","/images/resources/selection-support/fitting-replacement/q20/products/Q2001-PNX-SACE.webp","F:\WebsiteProjects\foreach-website-2026\public\images\resources\selection-support\fitting-replacement\q20\products\Q2001-PNX-SACE.webp | F:\images\resources\selection-support\fitting-replacement\q20\products\Q2001-PNX-SACE.webp | F:\WebsiteProjects\foreach-website-2026\public\images\resources\selection-support\fitting-replacement\q20\products\Q2001-PNX-SACE.webp | F:\WebsiteProjects\foreach-website-2026\images\resources\selection-support\fitting-replacement\q20\products\Q2001-PNX-SACE.webp","data/resources/fitting-replacement/fittings/quick-connect/q20/q20.zh.ts","data/resources/fitting-replacement/fittings/quick-connect/q20/q20.zh.ts 第 109 行","确认图片是否漏传、路径是否写错；无图产品暂不发布"
"54","","商品编码","型号：","","","图片文件不存在","gallery[0]","产品图片区域","F:\WebsiteProjects\foreach-website-2026\.local-backups\fep-configurator-integration-2026-07-17T22-48-50-300Z\产品图片区域 | F:\WebsiteProjects\foreach-website-2026\.local-backups\fep-configurator-integration-2026-07-17T22-48-50-300Z\产品图片区域.webp | F:\WebsiteProjects\foreach-website-2026\.local-backups\fep-configurator-integration-2026-07-17T22-48-50-300Z\产品图片区域.png | F:\WebsiteProjects\foreach-website-2026\.local-backups\fep-configurator-integration-2026-07-17T22-48-50-300Z\产品图片区域.jpg | F:\WebsiteProjects\foreach-website-2026\.local-backups\fep-configurator-integration-2026-07-17T22-48-50-300Z\产品图片区域.jpeg",".local-backups/fep-configurator-integration-2026-07-17T22-48-50-300Z/ProductDetailClient.tsx | .local-backups/peek-configurator-integration-2026-07-17T23-07-54-632Z/ProductDetailClient.tsx | .local-backups/peek-integration-final-2026-07-17T23-14-30-217Z/ProductDetailClient.tsx | .local-backups/pfa-configurator-integration-2026-07-17T23-21-32-469Z/ProductDetailClient.tsx | .local-backups/ptfe-configurator-integration-2026-07-17T23-01-28-207Z/ProductDetailClient.tsx | .local-backups/pvc-configurator-en-2026-07-17T13-20-39-973Z/ProductDetailClient.tsx | .local-backups/pvc-configurator-integration-2026-07-17T09-52-02-481Z/ProductDetailClient.tsx | .local-backups/pvc-multi-cart-2026-07-17T12-56-06-536Z/ProductDetailClient.tsx | .local-backups/tpu-configurator-integration-2026-07-17T14-02-50-448Z/ProductDetailClient.tsx | .local-backups/tpu-configurator-safe-2026-07-17T14-06-42-823Z/ProductDetailClient.tsx | .local-backups/tpu-configurator-safe-v2-2026-07-17T14-08-54-303Z/ProductDetailClient.tsx | components/products/detail/ProductDetailClient.tsx",".local-backups/fep-configurator-integration-2026-07-17T22-48-50-300Z/ProductDetailClient.tsx 第 996 行 | .local-backups/peek-configurator-integration-2026-07-17T23-07-54-632Z/ProductDetailClient.tsx 第 1044 行 | .local-backups/peek-integration-final-2026-07-17T23-14-30-217Z/ProductDetailClient.tsx 第 1044 行 | .local-backups/pfa-configurator-integration-2026-07-17T23-21-32-469Z/ProductDetailClient.tsx 第 1068 行 | .local-backups/ptfe-configurator-integration-2026-07-17T23-01-28-207Z/ProductDetailClient.tsx 第 1020 行 | .local-backups/pvc-configurator-en-2026-07-17T13-20-39-973Z/ProductDetailClient.tsx 第 969 行 | .local-backups/pvc-configurator-integration-2026-07-17T09-52-02-481Z/ProductDetailClient.tsx 第 937 行 | .local-backups/pvc-multi-cart-2026-07-17T12-56-06-536Z/ProductDetailClient.tsx 第 969 行 | .local-backups/tpu-configurator-integration-2026-07-17T14-02-50-448Z/ProductDetailClient.tsx 第 972 行 | .local-backups/tpu-configurator-safe-2026-07-17T14-06-42-823Z/ProductDetailClient.tsx 第 972 行 | .local-backups/tpu-configurator-safe-v2-2026-07-17T14-08-54-303Z/ProductDetailClient.tsx 第 972 行 | components/products/detail/ProductDetailClient.tsx 第 1156 行","确认图片是否漏传、路径是否写错；无图产品暂不发布"
"55","Q20 快插接头","商品编码：","","","","未配置主图字段","","","","data/resources/fitting-replacement/fittings/quick-connect/q20/q20.page.intl.ts","data/resources/fitting-replacement/fittings/quick-connect/q20/q20.page.intl.ts 第 85 行","确认该产品数据是否缺少主图字段；补图前暂不发布"
"56","直通异径倒刺接头","","BA-16F-24F-PP-N","","","未配置主图字段","","","","reports/barbed-fitting-detail-setup-report.json","reports/barbed-fitting-detail-setup-report.json $.examples[4]","确认该产品数据是否缺少主图字段；补图前暂不发布"
"57","直通等径倒刺接头","","BA-16F-PP-N","","","未配置主图字段","","","","reports/barbed-fitting-detail-setup-report.json","reports/barbed-fitting-detail-setup-report.json $.examples[0]","确认该产品数据是否缺少主图字段；补图前暂不发布"
"58","直通等径倒刺接头","","BA-24F-PP-N","","","未配置主图字段","","","","reports/barbed-fitting-detail-setup-report.json","reports/barbed-fitting-detail-setup-report.json $.examples[1]","确认该产品数据是否缺少主图字段；补图前暂不发布"
"59","直通等径倒刺接头","","BA-32F-PP-N","","","未配置主图字段","","","","reports/barbed-fitting-detail-setup-report.json","reports/barbed-fitting-detail-setup-report.json $.examples[2]","确认该产品数据是否缺少主图字段；补图前暂不发布"
"60","直通等径倒刺接头","","BA-40F-PP-N","","","未配置主图字段","","","","reports/barbed-fitting-detail-setup-report.json","reports/barbed-fitting-detail-setup-report.json $.examples[3]","确认该产品数据是否缺少主图字段；补图前暂不发布"
"61","Raccord Q20","Code :","","","","未配置主图字段","","","","data/resources/fitting-replacement/fittings/quick-connect/q20/q20.page.intl.ts","data/resources/fitting-replacement/fittings/quick-connect/q20/q20.page.intl.ts 第 328 行","确认该产品数据是否缺少主图字段；补图前暂不发布"
"62","","Code produit","Modèle :","","","图片文件不存在；未配置主图字段","gallery[0]","Galerie du produit","F:\WebsiteProjects\foreach-website-2026\data\products\detail\Galerie du produit | F:\WebsiteProjects\foreach-website-2026\data\products\detail\Galerie du produit.webp | F:\WebsiteProjects\foreach-website-2026\data\products\detail\Galerie du produit.png | F:\WebsiteProjects\foreach-website-2026\data\products\detail\Galerie du produit.jpg | F:\WebsiteProjects\foreach-website-2026\data\products\detail\Galerie du produit.jpeg","components/selection-cart/SelectionCartProvider.tsx | data/products/detail/hard-tube-fitting-detail.intl.ts | data/products/detail/product-detail.target.intl.ts","components/selection-cart/SelectionCartProvider.tsx 第 67 行 | data/products/detail/hard-tube-fitting-detail.intl.ts 第 101 行 | data/products/detail/product-detail.target.intl.ts 第 49 行 | data/products/detail/product-detail.target.intl.ts 第 77 行","确认图片是否漏传、路径是否写错；无图产品暂不发布"
"63","","Código de producto","Modelo:","","","图片文件不存在；未配置主图字段","gallery[0]","Galería del producto","F:\WebsiteProjects\foreach-website-2026\data\products\detail\Galería del producto | F:\WebsiteProjects\foreach-website-2026\data\products\detail\Galería del producto.webp | F:\WebsiteProjects\foreach-website-2026\data\products\detail\Galería del producto.png | F:\WebsiteProjects\foreach-website-2026\data\products\detail\Galería del producto.jpg | F:\WebsiteProjects\foreach-website-2026\data\products\detail\Galería del producto.jpeg","components/selection-cart/SelectionCartProvider.tsx | data/products/detail/hard-tube-fitting-detail.intl.ts | data/products/detail/product-detail.target.intl.ts","components/selection-cart/SelectionCartProvider.tsx 第 48 行 | data/products/detail/hard-tube-fitting-detail.intl.ts 第 56 行 | data/products/detail/product-detail.target.intl.ts 第 48 行 | data/products/detail/product-detail.target.intl.ts 第 76 行","确认图片是否漏传、路径是否写错；无图产品暂不发布"
"64","Conector Q20","Código:","","","","未配置主图字段","","","","data/resources/fitting-replacement/fittings/quick-connect/q20/q20.page.intl.ts","data/resources/fitting-replacement/fittings/quick-connect/q20/q20.page.intl.ts 第 247 行","确认该产品数据是否缺少主图字段；补图前暂不发布"
"65","DRPL 1:9–1:19 双头比例输送无阀泵","DRPL","DRPL 1:9–1:19 双头比例输送无阀泵","drpl","","未配置主图字段","","","","scripts/products/generate-valveless-pump-detail-data.js","scripts/products/generate-valveless-pump-detail-data.js 第 337 行","确认该产品数据是否缺少主图字段；补图前暂不发布"
"66","FEP Tubing","","","","","未配置主图字段","","","","data/products/configurator/fep-tubing.ts","data/products/configurator/fep-tubing.ts 第 177 行","确认该产品数据是否缺少主图字段；补图前暂不发布"
"67","FEP管","","","","","未配置主图字段","","","","data/products/configurator/fep-tubing.ts","data/products/configurator/fep-tubing.ts 第 113 行","确认该产品数据是否缺少主图字段；补图前暂不发布"
"68","固定公鲁尔芯子","","LSL-16-PA-W","","","未配置主图字段","","","","reports/luer-female-thread-detail-generation-report.json","reports/luer-female-thread-detail-generation-report.json $.targets[0].samples[1]","确认该产品数据是否缺少主图字段；补图前暂不发布"
"69","固定公鲁尔芯子","","LSL-16-PP-N","","","未配置主图字段","","","","reports/luer-female-thread-detail-generation-report.json","reports/luer-female-thread-detail-generation-report.json $.targets[0].samples[0]","确认该产品数据是否缺少主图字段；补图前暂不发布"
"70","固定公鲁尔芯子","","LSL-24-PP-N","","","未配置主图字段","","","","reports/luer-female-thread-detail-generation-report.json","reports/luer-female-thread-detail-generation-report.json $.targets[0].samples[2]","确认该产品数据是否缺少主图字段；补图前暂不发布"
"71","PEEK Tubing","","","","","未配置主图字段","","","",".local-backups/peek-tubing-data-20260718-070557/peek-tubing.ts | data/products/configurator/peek-tubing.ts",".local-backups/peek-tubing-data-20260718-070557/peek-tubing.ts 第 105 行 | data/products/configurator/peek-tubing.ts 第 105 行","确认该产品数据是否缺少主图字段；补图前暂不发布"
"72","PEEK管","","","","","未配置主图字段","","","",".local-backups/peek-tubing-data-20260718-070557/peek-tubing.ts | data/products/configurator/peek-tubing.ts",".local-backups/peek-tubing-data-20260718-070557/peek-tubing.ts 第 41 行 | data/products/configurator/peek-tubing.ts 第 41 行","确认该产品数据是否缺少主图字段；补图前暂不发布"
"73","PFA Tubing","","","","","未配置主图字段","","","","data/products/configurator/pfa-tubing.ts","data/products/configurator/pfa-tubing.ts 第 122 行","确认该产品数据是否缺少主图字段；补图前暂不发布"
"74","PFA管","","","","","未配置主图字段","","","","data/products/configurator/pfa-tubing.ts","data/products/configurator/pfa-tubing.ts 第 58 行","确认该产品数据是否缺少主图字段；补图前暂不发布"
"75","","Product Code","Model:","","","图片文件不存在；未配置主图字段","gallery[0]","Product gallery","F:\WebsiteProjects\foreach-website-2026\.local-backups\fep-configurator-integration-2026-07-17T22-48-50-300Z\Product gallery | F:\WebsiteProjects\foreach-website-2026\.local-backups\fep-configurator-integration-2026-07-17T22-48-50-300Z\Product gallery.webp | F:\WebsiteProjects\foreach-website-2026\.local-backups\fep-configurator-integration-2026-07-17T22-48-50-300Z\Product gallery.png | F:\WebsiteProjects\foreach-website-2026\.local-backups\fep-configurator-integration-2026-07-17T22-48-50-300Z\Product gallery.jpg | F:\WebsiteProjects\foreach-website-2026\.local-backups\fep-configurator-integration-2026-07-17T22-48-50-300Z\Product gallery.jpeg",".local-backups/fep-configurator-integration-2026-07-17T22-48-50-300Z/ProductDetailClient.tsx | .local-backups/peek-configurator-integration-2026-07-17T23-07-54-632Z/ProductDetailClient.tsx | .local-backups/peek-integration-final-2026-07-17T23-14-30-217Z/ProductDetailClient.tsx | .local-backups/pfa-configurator-integration-2026-07-17T23-21-32-469Z/ProductDetailClient.tsx | .local-backups/ptfe-configurator-integration-2026-07-17T23-01-28-207Z/ProductDetailClient.tsx | .local-backups/pvc-configurator-en-2026-07-17T13-20-39-973Z/ProductDetailClient.tsx | .local-backups/pvc-configurator-integration-2026-07-17T09-52-02-481Z/ProductDetailClient.tsx | .local-backups/pvc-multi-cart-2026-07-17T12-56-06-536Z/ProductDetailClient.tsx | .local-backups/tpu-configurator-integration-2026-07-17T14-02-50-448Z/ProductDetailClient.tsx | .local-backups/tpu-configurator-safe-2026-07-17T14-06-42-823Z/ProductDetailClient.tsx | .local-backups/tpu-configurator-safe-v2-2026-07-17T14-08-54-303Z/ProductDetailClient.tsx | components/products/detail/ProductDetailClient.tsx | data/products/detail/product-detail.intl.ts",".local-backups/fep-configurator-integration-2026-07-17T22-48-50-300Z/ProductDetailClient.tsx 第 960 行 | .local-backups/peek-configurator-integration-2026-07-17T23-07-54-632Z/ProductDetailClient.tsx 第 1008 行 | .local-backups/peek-integration-final-2026-07-17T23-14-30-217Z/ProductDetailClient.tsx 第 1008 行 | .local-backups/pfa-configurator-integration-2026-07-17T23-21-32-469Z/ProductDetailClient.tsx 第 1032 行 | .local-backups/ptfe-configurator-integration-2026-07-17T23-01-28-207Z/ProductDetailClient.tsx 第 984 行 | .local-backups/pvc-configurator-en-2026-07-17T13-20-39-973Z/ProductDetailClient.tsx 第 933 行 | .local-backups/pvc-configurator-integration-2026-07-17T09-52-02-481Z/ProductDetailClient.tsx 第 901 行 | .local-backups/pvc-multi-cart-2026-07-17T12-56-06-536Z/ProductDetailClient.tsx 第 933 行 | .local-backups/tpu-configurator-integration-2026-07-17T14-02-50-448Z/ProductDetailClient.tsx 第 936 行 | .local-backups/tpu-configurator-safe-2026-07-17T14-06-42-823Z/ProductDetailClient.tsx 第 936 行 | .local-backups/tpu-configurator-safe-v2-2026-07-17T14-08-54-303Z/ProductDetailClient.tsx 第 936 行 | components/products/detail/ProductDetailClient.tsx 第 1111 行 | data/products/detail/product-detail.intl.ts 第 6 行","确认图片是否漏传、路径是否写错；无图产品暂不发布"
"76","Q20 Quick-connect Fitting","Product Code:","","","","未配置主图字段","","","","data/resources/fitting-replacement/fittings/quick-connect/q20/q20.page.intl.ts","data/resources/fitting-replacement/fittings/quick-connect/q20/q20.page.intl.ts 第 166 行","确认该产品数据是否缺少主图字段；补图前暂不发布"
"77","PTFE Tubing","","","","","未配置主图字段","","","","data/products/configurator/ptfe-tubing.ts","data/products/configurator/ptfe-tubing.ts 第 435 行","确认该产品数据是否缺少主图字段；补图前暂不发布"
"78","PTFE管","","","","","未配置主图字段","","","","data/products/configurator/ptfe-tubing.ts","data/products/configurator/ptfe-tubing.ts 第 348 行","确认该产品数据是否缺少主图字段；补图前暂不发布"
"79","PVC Tubing","","","","","未配置主图字段","","","","data/products/configurator/pvc-tubing.ts","data/products/configurator/pvc-tubing.ts 第 501 行","确认该产品数据是否缺少主图字段；补图前暂不发布"
"80","PVC管","","","","","未配置主图字段","","","",".local-backups/pvc-configurator-en-2026-07-17T13-20-39-973Z/pvc-tubing.ts | .local-backups/pvc-empty-initial-state-2026-07-17T13-03-44-886Z/pvc-tubing.ts | .local-backups/pvc-hide-product-name-2026-07-17T13-00-29-019Z/pvc-tubing.ts | data/products/configurator/pvc-tubing.ts",".local-backups/pvc-configurator-en-2026-07-17T13-20-39-973Z/pvc-tubing.ts 第 440 行 | .local-backups/pvc-empty-initial-state-2026-07-17T13-03-44-886Z/pvc-tubing.ts 第 440 行 | .local-backups/pvc-hide-product-name-2026-07-17T13-00-29-019Z/pvc-tubing.ts 第 440 行 | data/products/configurator/pvc-tubing.ts 第 440 行","确认该产品数据是否缺少主图字段；补图前暂不发布"
"81","Q20公端直通带阀快插接头","","Q2001-PMV-SACN","","","未配置主图字段","","","","reports/quick-connect-model-detail-setup-report.json","reports/quick-connect-model-detail-setup-report.json $.examples[0]","确认该产品数据是否缺少主图字段；补图前暂不发布"
"82","Q20公端直通带阀快插接头","","Q2001-PMV-SPPE","","","未配置主图字段","","","","reports/quick-connect-model-detail-setup-report.json","reports/quick-connect-model-detail-setup-report.json $.examples[1]","确认该产品数据是否缺少主图字段；补图前暂不发布"
"83","Q20公端直通不带阀快插接头","","Q2001-PMX-SACN","","","未配置主图字段","","","","reports/quick-connect-model-detail-setup-report.json","reports/quick-connect-model-detail-setup-report.json $.examples[2]","确认该产品数据是否缺少主图字段；补图前暂不发布"
"84","Q20公端直通不带阀快插接头","","Q2001-PMX-SPPE","","","未配置主图字段","","","","reports/quick-connect-model-detail-setup-report.json","reports/quick-connect-model-detail-setup-report.json $.examples[3]","确认该产品数据是否缺少主图字段；补图前暂不发布"
"85","Q20公端直通带阀快插接头","","Q2001-PNV-SACN","","","未配置主图字段","","","","reports/quick-connect-model-detail-setup-report.json","reports/quick-connect-model-detail-setup-report.json $.examples[4]","确认该产品数据是否缺少主图字段；补图前暂不发布"
"86","","","SA-U32-16F-PA-W","sa-u32-16f-pa-w","","主图字段为空","mainImage","","","reports/thread-to-barbed-detail-generation-report.json","reports/thread-to-barbed-detail-generation-report.json $.examples[3]","补充主图路径；补图前暂不发布"
"87","","","SA-U32-24F-PA-W","sa-u32-24f-pa-w","","主图字段为空","mainImage","","","reports/thread-to-barbed-detail-generation-report.json","reports/thread-to-barbed-detail-generation-report.json $.examples[2]","补充主图路径；补图前暂不发布"
"88","","","SA-U32-24F-PP-N","sa-u32-24f-pp-n","","主图字段为空","mainImage","","","reports/thread-to-barbed-detail-generation-report.json","reports/thread-to-barbed-detail-generation-report.json $.examples[0]","补充主图路径；补图前暂不发布"
"89","TPU Tubing","","","","","未配置主图字段","","","",".local-backups/remove-tpu-436075-2026-07-17T16-05-27-549Z/tpu-tubing.ts | .local-backups/remove-tpu-436075-20260718-001046/tpu-tubing.ts | .local-backups/remove-tpu-bu9b02004-2026-07-17T16-03-34-522Z/tpu-tubing.ts | .local-backups/tpu-align-pvc-2026-07-17T15-59-08-481Z/tpu-tubing.ts | .local-backups/tpu-column-flow-2026-07-17T15-46-53-884Z/tpu-tubing.ts | .local-backups/tpu-column-flow-v2-2026-07-17T15-48-49-068Z/tpu-tubing.ts | .local-backups/tpu-simplified-selection-2026-07-17T15-40-00-748Z/tpu-tubing.ts | .local-backups/tpu-simplified-v2-2026-07-17T15-43-35-079Z/tpu-tubing.ts | data/products/configurator/tpu-tubing.ts",".local-backups/remove-tpu-436075-2026-07-17T16-05-27-549Z/tpu-tubing.ts 第 308 行 | .local-backups/remove-tpu-436075-20260718-001046/tpu-tubing.ts 第 308 行 | .local-backups/remove-tpu-bu9b02004-2026-07-17T16-03-34-522Z/tpu-tubing.ts 第 308 行 | .local-backups/tpu-align-pvc-2026-07-17T15-59-08-481Z/tpu-tubing.ts 第 345 行 | .local-backups/tpu-column-flow-2026-07-17T15-46-53-884Z/tpu-tubing.ts 第 345 行 | .local-backups/tpu-column-flow-v2-2026-07-17T15-48-49-068Z/tpu-tubing.ts 第 345 行 | .local-backups/tpu-simplified-selection-2026-07-17T15-40-00-748Z/tpu-tubing.ts 第 319 行 | .local-backups/tpu-simplified-v2-2026-07-17T15-43-35-079Z/tpu-tubing.ts 第 319 行 | data/products/configurator/tpu-tubing.ts 第 293 行","确认该产品数据是否缺少主图字段；补图前暂不发布"
"90","TPU管","","","","","未配置主图字段","","","",".local-backups/remove-tpu-436075-2026-07-17T16-05-27-549Z/tpu-tubing.ts | .local-backups/remove-tpu-436075-20260718-001046/tpu-tubing.ts | .local-backups/remove-tpu-bu9b02004-2026-07-17T16-03-34-522Z/tpu-tubing.ts | .local-backups/tpu-align-pvc-2026-07-17T15-59-08-481Z/tpu-tubing.ts | .local-backups/tpu-column-flow-2026-07-17T15-46-53-884Z/tpu-tubing.ts | .local-backups/tpu-column-flow-v2-2026-07-17T15-48-49-068Z/tpu-tubing.ts | .local-backups/tpu-simplified-selection-2026-07-17T15-40-00-748Z/tpu-tubing.ts | .local-backups/tpu-simplified-v2-2026-07-17T15-43-35-079Z/tpu-tubing.ts | data/products/configurator/tpu-tubing.ts",".local-backups/remove-tpu-436075-2026-07-17T16-05-27-549Z/tpu-tubing.ts 第 216 行 | .local-backups/remove-tpu-436075-20260718-001046/tpu-tubing.ts 第 216 行 | .local-backups/remove-tpu-bu9b02004-2026-07-17T16-03-34-522Z/tpu-tubing.ts 第 216 行 | .local-backups/tpu-align-pvc-2026-07-17T15-59-08-481Z/tpu-tubing.ts 第 242 行 | .local-backups/tpu-column-flow-2026-07-17T15-46-53-884Z/tpu-tubing.ts 第 242 行 | .local-backups/tpu-column-flow-v2-2026-07-17T15-48-49-068Z/tpu-tubing.ts 第 242 行 | .local-backups/tpu-simplified-selection-2026-07-17T15-40-00-748Z/tpu-tubing.ts 第 227 行 | .local-backups/tpu-simplified-v2-2026-07-17T15-43-35-079Z/tpu-tubing.ts 第 227 行 | data/products/configurator/tpu-tubing.ts 第 201 行","确认该产品数据是否缺少主图字段；补图前暂不发布"
"91","方形二通内螺纹互转接头","","US-M6-05-AC-B","","","未配置主图字段","","","","reports/luer-female-thread-detail-generation-report.json","reports/luer-female-thread-detail-generation-report.json $.targets[1].samples[0]","确认该产品数据是否缺少主图字段；补图前暂不发布"
"92","方形二通内螺纹互转接头","","US-M6-10-AC-B","","","未配置主图字段","","","","reports/luer-female-thread-detail-generation-report.json","reports/luer-female-thread-detail-generation-report.json $.targets[1].samples[1]","确认该产品数据是否缺少主图字段；补图前暂不发布"
"93","方形二通内螺纹互转接头","","US-M6-15-AC-B","","","未配置主图字段","","","","reports/luer-female-thread-detail-generation-report.json","reports/luer-female-thread-detail-generation-report.json $.targets[1].samples[2]","确认该产品数据是否缺少主图字段；补图前暂不发布"
"94","","Код продукта","Модель:","","","图片文件不存在；未配置主图字段","gallery[0]","Галерея продукта","F:\WebsiteProjects\foreach-website-2026\data\products\detail\Галерея продукта | F:\WebsiteProjects\foreach-website-2026\data\products\detail\Галерея продукта.webp | F:\WebsiteProjects\foreach-website-2026\data\products\detail\Галерея продукта.png | F:\WebsiteProjects\foreach-website-2026\data\products\detail\Галерея продукта.jpg | F:\WebsiteProjects\foreach-website-2026\data\products\detail\Галерея продукта.jpeg","data/products/detail/hard-tube-fitting-detail.intl.ts | data/products/detail/product-detail.target.intl.ts","data/products/detail/hard-tube-fitting-detail.intl.ts 第 191 行 | data/products/detail/product-detail.target.intl.ts 第 51 行 | data/products/detail/product-detail.target.intl.ts 第 79 行","确认图片是否漏传、路径是否写错；无图产品暂不发布"
"95","Фитинг Q20","Код:","","","","未配置主图字段","","","","data/resources/fitting-replacement/fittings/quick-connect/q20/q20.page.intl.ts","data/resources/fitting-replacement/fittings/quick-connect/q20/q20.page.intl.ts 第 489 行","确认该产品数据是否缺少主图字段；补图前暂不发布"
"96","","제품 코드","모델:","","","图片文件不存在；未配置主图字段","gallery[0]","제품 이미지","F:\WebsiteProjects\foreach-website-2026\data\products\detail\제품 이미지 | F:\WebsiteProjects\foreach-website-2026\data\products\detail\제품 이미지.webp | F:\WebsiteProjects\foreach-website-2026\data\products\detail\제품 이미지.png | F:\WebsiteProjects\foreach-website-2026\data\products\detail\제품 이미지.jpg | F:\WebsiteProjects\foreach-website-2026\data\products\detail\제품 이미지.jpeg","components/selection-cart/SelectionCartProvider.tsx | data/products/detail/hard-tube-fitting-detail.intl.ts | data/products/detail/product-detail.target.intl.ts","components/selection-cart/SelectionCartProvider.tsx 第 86 行 | data/products/detail/hard-tube-fitting-detail.intl.ts 第 146 行 | data/products/detail/product-detail.target.intl.ts 第 50 行 | data/products/detail/product-detail.target.intl.ts 第 78 行","确认图片是否漏传、路径是否写错；无图产品暂不发布"
"97","Q20 퀵 커넥트 피팅","제품 코드:","","","","未配置主图字段","","","","data/resources/fitting-replacement/fittings/quick-connect/q20/q20.page.intl.ts","data/resources/fitting-replacement/fittings/quick-connect/q20/q20.page.intl.ts 第 409 行","确认该产品数据是否缺少主图字段；补图前暂不发布"
"98","SM-100-PEEK 微型柱塞泵","","SM-100-PEEK","sm-100-peek","泵类 / Pumps","未配置主图字段","","","","data/products/detail/plunger-pump-detail.generated.ts","data/products/detail/plunger-pump-detail.generated.ts 第 2010 行","确认该产品数据是否缺少主图字段；补图前暂不发布"
"99","SM-100-PMMA 微型柱塞泵","","SM-100-PMMA","sm-100-pmma","泵类 / Pumps","未配置主图字段","","","","data/products/detail/plunger-pump-detail.generated.ts","data/products/detail/plunger-pump-detail.generated.ts 第 1889 行","确认该产品数据是否缺少主图字段；补图前暂不发布"
"100","SM-1000-PMMA 微型柱塞泵","","SM-1000-PMMA","sm-1000-pmma","泵类 / Pumps","未配置主图字段","","","","data/products/detail/plunger-pump-detail.generated.ts","data/products/detail/plunger-pump-detail.generated.ts 第 2494 行","确认该产品数据是否缺少主图字段；补图前暂不发布"
"101","SM-250-PEEK 微型柱塞泵","","SM-250-PEEK","sm-250-peek","泵类 / Pumps","未配置主图字段","","","","data/products/detail/plunger-pump-detail.generated.ts","data/products/detail/plunger-pump-detail.generated.ts 第 2252 行","确认该产品数据是否缺少主图字段；补图前暂不发布"
"102","SM-250-PMMA 微型柱塞泵","","SM-250-PMMA","sm-250-pmma","泵类 / Pumps","未配置主图字段","","","","data/products/detail/plunger-pump-detail.generated.ts","data/products/detail/plunger-pump-detail.generated.ts 第 2131 行","确认该产品数据是否缺少主图字段；补图前暂不发布"
"103","SM-50-PMMA 微型柱塞泵","","SM-50-PMMA","sm-50-pmma","泵类 / Pumps","未配置主图字段","","","","data/products/detail/plunger-pump-detail.generated.ts","data/products/detail/plunger-pump-detail.generated.ts 第 1768 行","确认该产品数据是否缺少主图字段；补图前暂不发布"
"104","SM-500-PMMA 微型柱塞泵","","SM-500-PMMA","sm-500-pmma","泵类 / Pumps","未配置主图字段","","","","data/products/detail/plunger-pump-detail.generated.ts","data/products/detail/plunger-pump-detail.generated.ts 第 2373 行","确认该产品数据是否缺少主图字段；补图前暂不发布"
"105","TM-100-PMMA 超微型柱塞泵","","TM-100-PMMA","tm-100-pmma","泵类 / Pumps","未配置主图字段","","","","data/products/detail/plunger-pump-detail.generated.ts","data/products/detail/plunger-pump-detail.generated.ts 第 2736 行","确认该产品数据是否缺少主图字段；补图前暂不发布"
"106","TM-250-PMMA 超微型柱塞泵","","TM-250-PMMA","tm-250-pmma","泵类 / Pumps","未配置主图字段","","","","data/products/detail/plunger-pump-detail.generated.ts","data/products/detail/plunger-pump-detail.generated.ts 第 2857 行","确认该产品数据是否缺少主图字段；补图前暂不发布"
"107","TM-50-PMMA 超微型柱塞泵","","TM-50-PMMA","tm-50-pmma","泵类 / Pumps","未配置主图字段","","","","data/products/detail/plunger-pump-detail.generated.ts","data/products/detail/plunger-pump-detail.generated.ts 第 2615 行","确认该产品数据是否缺少主图字段；补图前暂不发布"
"108","TM-500-PMMA 超微型柱塞泵","","TM-500-PMMA","tm-500-pmma","泵类 / Pumps","未配置主图字段","","","","data/products/detail/plunger-pump-detail.generated.ts","data/products/detail/plunger-pump-detail.generated.ts 第 2978 行","确认该产品数据是否缺少主图字段；补图前暂不发布"
"109","单向阀 膜片式 CV-BE-24-PP-N 129004","","CV-BE-24-PP-N","","单向阀","未配置主图字段","","","","reports/filter-check-valve-authoritative-data-audit.json","reports/filter-check-valve-authoritative-data-audit.json $.products[36]","确认该产品数据是否缺少主图字段；补图前暂不发布"
"110","单向阀 膜片式 CV-BE-32-PP-N 129001","","CV-BE-32-PP-N","","单向阀","未配置主图字段","","","","reports/filter-check-valve-authoritative-data-audit.json","reports/filter-check-valve-authoritative-data-audit.json $.products[33]","确认该产品数据是否缺少主图字段；补图前暂不发布"
"111","单向阀 膜片式 CV-BE-32-PV-N 129002","","CV-BE-32-PV-N","","单向阀","未配置主图字段","","","","reports/filter-check-valve-authoritative-data-audit.json","reports/filter-check-valve-authoritative-data-audit.json $.products[34]","确认该产品数据是否缺少主图字段；补图前暂不发布"
"112","单向阀 膜片式 CV-BE-64-PP-N 126012","","CV-BE-64-PP-N","","单向阀","未配置主图字段","","","","reports/filter-check-valve-authoritative-data-audit.json","reports/filter-check-valve-authoritative-data-audit.json $.products[25]","确认该产品数据是否缺少主图字段；补图前暂不发布"
"113","单向阀 膜片式 CV-BE-79-PP-N 126014","","CV-BE-79-PP-N","","单向阀","未配置主图字段","","","","reports/filter-check-valve-authoritative-data-audit.json","reports/filter-check-valve-authoritative-data-audit.json $.products[27]","确认该产品数据是否缺少主图字段；补图前暂不发布"
"114","单向阀 膜片式 CV-BE-95-PP-N 126016","","CV-BE-95-PP-N","","单向阀","未配置主图字段","","","","reports/filter-check-valve-authoritative-data-audit.json","reports/filter-check-valve-authoritative-data-audit.json $.products[28]","确认该产品数据是否缺少主图字段；补图前暂不发布"
"115","单向阀 膜片式 CV-BF-16-PV-N 126025","","CV-BF-16-PV-N","","单向阀","未配置主图字段","","","","reports/filter-check-valve-authoritative-data-audit.json","reports/filter-check-valve-authoritative-data-audit.json $.products[29]","确认该产品数据是否缺少主图字段；补图前暂不发布"
"116","单向阀 膜片式 CV-BF-32-PP-B 129005","","CV-BF-32-PP-B","","单向阀","未配置主图字段","","","","reports/filter-check-valve-authoritative-data-audit.json","reports/filter-check-valve-authoritative-data-audit.json $.products[37]","确认该产品数据是否缺少主图字段；补图前暂不发布"
"117","单向阀 膜片式 CV-BF-32-PP-N 129003","","CV-BF-32-PP-N","","单向阀","未配置主图字段","","","","reports/filter-check-valve-authoritative-data-audit.json","reports/filter-check-valve-authoritative-data-audit.json $.products[35]","确认该产品数据是否缺少主图字段；补图前暂不发布"
"118","单向阀 膜片式 CV-BV-32-PP-N 126007","","CV-BV-32-PP-N","","单向阀","未配置主图字段","","","","reports/filter-check-valve-authoritative-data-audit.json","reports/filter-check-valve-authoritative-data-audit.json $.products[22]","确认该产品数据是否缺少主图字段；补图前暂不发布"
"119","单向阀 膜片式 CV-BV-48-PP-N 126009","","CV-BV-48-PP-N","","单向阀","未配置主图字段","","","","reports/filter-check-valve-authoritative-data-audit.json","reports/filter-check-valve-authoritative-data-audit.json $.duplicateModels[3][0] | reports/filter-check-valve-authoritative-data-audit.json $.duplicateModels[3][1] | reports/filter-check-valve-authoritative-data-audit.json $.products[23] | reports/filter-check-valve-authoritative-data-audit.json $.products[32]","确认该产品数据是否缺少主图字段；补图前暂不发布"
"120","单向阀 膜片式 CV-BV-64-PP-N 126011","","CV-BV-64-PP-N","","单向阀","未配置主图字段","","","","reports/filter-check-valve-authoritative-data-audit.json","reports/filter-check-valve-authoritative-data-audit.json $.products[24]","确认该产品数据是否缺少主图字段；补图前暂不发布"
"121","单向阀 膜片式 CV-BV-79-PP-N 126013","","CV-BV-79-PP-N","","单向阀","未配置主图字段","","","","reports/filter-check-valve-authoritative-data-audit.json","reports/filter-check-valve-authoritative-data-audit.json $.products[26]","确认该产品数据是否缺少主图字段；补图前暂不发布"
"122","单向阀 鸭嘴式 CV-DE-16-PV-N 126006","","CV-DE-16-PV-N","","单向阀","未配置主图字段","","","","reports/filter-check-valve-authoritative-data-audit.json","reports/filter-check-valve-authoritative-data-audit.json $.products[21]","确认该产品数据是否缺少主图字段；补图前暂不发布"
"123","单向阀 鸭嘴式 CV-DE-24-PV-N 126026","","CV-DE-24-PV-N","","单向阀","未配置主图字段","","","","reports/filter-check-valve-authoritative-data-audit.json","reports/filter-check-valve-authoritative-data-audit.json $.products[30]","确认该产品数据是否缺少主图字段；补图前暂不发布"
"124","单向阀 鸭嘴式 CV-DE-32-PV-N 126027","","CV-DE-32-PV-N","","单向阀","未配置主图字段","","","","reports/filter-check-valve-authoritative-data-audit.json","reports/filter-check-valve-authoritative-data-audit.json $.products[31]","确认该产品数据是否缺少主图字段；补图前暂不发布"
"125","水循环过滤器组件 78x46 PP 本色 139010","","","","过滤器","未配置主图字段","","","","reports/filter-check-valve-authoritative-data-audit.json","reports/filter-check-valve-authoritative-data-audit.json $.missingModels[1] | reports/filter-check-valve-authoritative-data-audit.json $.products[20]","确认该产品数据是否缺少主图字段；补图前暂不发布"
"126","水循环过滤器组件 86x48.8 POM 139009","","","","过滤器","未配置主图字段","","","","reports/filter-check-valve-authoritative-data-audit.json","reports/filter-check-valve-authoritative-data-audit.json $.missingModels[0] | reports/filter-check-valve-authoritative-data-audit.json $.products[19]","确认该产品数据是否缺少主图字段；补图前暂不发布"
"127","过滤器 F-PA-150-32-PP-N 139012","","F-PA-150-32-PP-N","","过滤器","未配置主图字段","","","","reports/filter-check-valve-authoritative-data-audit.json","reports/filter-check-valve-authoritative-data-audit.json $.products[8]","确认该产品数据是否缺少主图字段；补图前暂不发布"
"128","过滤器 F-PA-250-32D-PA-N 139014","","F-PA-250-32D-PA-N","","过滤器","未配置主图字段","","","","reports/filter-check-valve-authoritative-data-audit.json","reports/filter-check-valve-authoritative-data-audit.json $.products[9]","确认该产品数据是否缺少主图字段；补图前暂不发布"
"129","过滤器 F-PE-10-24-PP-N 136009","","F-PE-10-24-PP-N","","过滤器","未配置主图字段","","","","reports/filter-check-valve-authoritative-data-audit.json","reports/filter-check-valve-authoritative-data-audit.json $.products[3]","确认该产品数据是否缺少主图字段；补图前暂不发布"
"130","过滤器 F-PE-100-32-PP-N 139001","","F-PE-100-32-PP-N","","过滤器","未配置主图字段","","","","reports/filter-check-valve-authoritative-data-audit.json","reports/filter-check-valve-authoritative-data-audit.json $.products[5]","确认该产品数据是否缺少主图字段；补图前暂不发布"
"131","过滤器 F-PE-100-32-PV-N 139002","","F-PE-100-32-PV-N","","过滤器","未配置主图字段","","","","reports/filter-check-valve-authoritative-data-audit.json","reports/filter-check-valve-authoritative-data-audit.json $.products[6]","确认该产品数据是否缺少主图字段；补图前暂不发布"
"132","过滤器 F-PE-60-32-PP-N 139003","","F-PE-60-32-PP-N","","过滤器","未配置主图字段","","","","reports/filter-check-valve-authoritative-data-audit.json","reports/filter-check-valve-authoritative-data-audit.json $.products[7]","确认该产品数据是否缺少主图字段；补图前暂不发布"
"133","水循环过滤器 F-SS-150-127-AC-N 139005","","F-SS-150-127-AC-N","","过滤器","未配置主图字段","","","","reports/filter-check-valve-authoritative-data-audit.json","reports/filter-check-valve-authoritative-data-audit.json $.products[10]","确认该产品数据是否缺少主图字段；补图前暂不发布"
"134","水循环过滤器 F-SS-150-127-PP-N 139007","","F-SS-150-127-PP-N","","过滤器","未配置主图字段","","","","reports/filter-check-valve-authoritative-data-audit.json","reports/filter-check-valve-authoritative-data-audit.json $.products[12]","确认该产品数据是否缺少主图字段；补图前暂不发布"
"135","水循环过滤器 F-SS-150-127D-AC-N 139006","","F-SS-150-127D-AC-N","","过滤器","未配置主图字段","","","","reports/filter-check-valve-authoritative-data-audit.json","reports/filter-check-valve-authoritative-data-audit.json $.products[11]","确认该产品数据是否缺少主图字段；补图前暂不发布"
"136","水循环过滤器 F-SS-150-127D-PP-N 139008","","F-SS-150-127D-PP-N","","过滤器","未配置主图字段","","","","reports/filter-check-valve-authoritative-data-audit.json","reports/filter-check-valve-authoritative-data-audit.json $.duplicateModels[1][0] | reports/filter-check-valve-authoritative-data-audit.json $.duplicateModels[1][1] | reports/filter-check-valve-authoritative-data-audit.json $.duplicateProductIds[1][0] | reports/filter-check-valve-authoritative-data-audit.json $.duplicateProductIds[1][1] | reports/filter-check-valve-authoritative-data-audit.json $.products[13] | reports/filter-check-valve-authoritative-data-audit.json $.products[17]","确认该产品数据是否缺少主图字段；补图前暂不发布"
"137","水循环过滤器 F-SS-150-191-PP-N 139015","","F-SS-150-191-PP-N","","过滤器","未配置主图字段","","","","reports/filter-check-valve-authoritative-data-audit.json","reports/filter-check-valve-authoritative-data-audit.json $.products[16]","确认该产品数据是否缺少主图字段；补图前暂不发布"
"138","水循环过滤器 F-SS-150-79D-PP-N 139011","","F-SS-150-79D-PP-N","","过滤器","未配置主图字段","","","","reports/filter-check-valve-authoritative-data-audit.json","reports/filter-check-valve-authoritative-data-audit.json $.products[14]","确认该产品数据是否缺少主图字段；补图前暂不发布"
"139","水循环过滤器 F-SS-150-95D-PP-N 139013","","F-SS-150-95D-PP-N","","过滤器","未配置主图字段","","","","reports/filter-check-valve-authoritative-data-audit.json","reports/filter-check-valve-authoritative-data-audit.json $.duplicateModels[2][0] | reports/filter-check-valve-authoritative-data-audit.json $.duplicateModels[2][1] | reports/filter-check-valve-authoritative-data-audit.json $.products[15] | reports/filter-check-valve-authoritative-data-audit.json $.products[18]","确认该产品数据是否缺少主图字段；补图前暂不发布"
"140","过滤器 G-178-32-PA-V 136005","","G-178-32-PA-V","","过滤器","未配置主图字段","","","","reports/filter-check-valve-authoritative-data-audit.json","reports/filter-check-valve-authoritative-data-audit.json $.products[2]","确认该产品数据是否缺少主图字段；补图前暂不发布"
"141","过滤器 G-178-48-PA-V 136004","","G-178-48-PA-V","","过滤器","未配置主图字段","","","","reports/filter-check-valve-authoritative-data-audit.json","reports/filter-check-valve-authoritative-data-audit.json $.products[1]","确认该产品数据是否缺少主图字段；补图前暂不发布"
"142","过滤器 G-178-64-PA-V 136003","","G-178-64-PA-V","","过滤器","未配置主图字段","","","","reports/filter-check-valve-authoritative-data-audit.json","reports/filter-check-valve-authoritative-data-audit.json $.duplicateModels[0][0] | reports/filter-check-valve-authoritative-data-audit.json $.duplicateModels[0][1] | reports/filter-check-valve-authoritative-data-audit.json $.duplicateProductIds[0][0] | reports/filter-check-valve-authoritative-data-audit.json $.duplicateProductIds[0][1] | reports/filter-check-valve-authoritative-data-audit.json $.products[0] | reports/filter-check-valve-authoritative-data-audit.json $.products[4]","确认该产品数据是否缺少主图字段；补图前暂不发布"
"143","DPGL800 无刷气液混合隔膜泵｜6 L/min｜FOREACH","","","dpgl800-brushless-gas-liquid-diaphragm-pump","配置预留页","未配置主图字段","","","","data/products/generated/pumps/diaphragm-pumps/detail/dpgl800-gas-liquid-diaphragm-pump.json | data/products/generated/pumps/diaphragm-pumps/detail/index.json","data/products/generated/pumps/diaphragm-pumps/detail/dpgl800-gas-liquid-diaphragm-pump.json $.seo | data/products/generated/pumps/diaphragm-pumps/detail/index.json $[3].seo | data/products/generated/pumps/diaphragm-pumps/detail/index.json $[10].seo | data/products/generated/pumps/diaphragm-pumps/detail/index.json $[11].seo","确认该产品数据是否缺少主图字段；补图前暂不发布"
"144","DPL30 无刷液体隔膜泵｜300 mL/min 100 kPa｜FOREACH","","","dpl30-brushless-liquid-diaphragm-pump","配置预留页","未配置主图字段","","","","data/products/generated/pumps/diaphragm-pumps/detail/dpl30-liquid-diaphragm-pump.json | data/products/generated/pumps/diaphragm-pumps/detail/index.json","data/products/generated/pumps/diaphragm-pumps/detail/dpl30-liquid-diaphragm-pump.json $.seo | data/products/generated/pumps/diaphragm-pumps/detail/index.json $[0].seo | data/products/generated/pumps/diaphragm-pumps/detail/index.json $[4].seo | data/products/generated/pumps/diaphragm-pumps/detail/index.json $[5].seo","确认该产品数据是否缺少主图字段；补图前暂不发布"
"145","DPL30H 无刷液体隔膜泵｜300 mL/min 600 kPa｜FOREACH","","","dpl30h-brushless-liquid-diaphragm-pump","配置预留页","未配置主图字段","","","","data/products/generated/pumps/diaphragm-pumps/detail/dpl30h-liquid-diaphragm-pump.json | data/products/generated/pumps/diaphragm-pumps/detail/index.json","data/products/generated/pumps/diaphragm-pumps/detail/dpl30h-liquid-diaphragm-pump.json $.seo | data/products/generated/pumps/diaphragm-pumps/detail/index.json $[2].seo | data/products/generated/pumps/diaphragm-pumps/detail/index.json $[8].seo | data/products/generated/pumps/diaphragm-pumps/detail/index.json $[9].seo","确认该产品数据是否缺少主图字段；补图前暂不发布"
"146","DPL60 无刷液体隔膜泵｜600 mL/min 100 kPa｜FOREACH","","","dpl60-brushless-liquid-diaphragm-pump","配置预留页","未配置主图字段","","","","data/products/generated/pumps/diaphragm-pumps/detail/dpl60-liquid-diaphragm-pump.json | data/products/generated/pumps/diaphragm-pumps/detail/index.json","data/products/generated/pumps/diaphragm-pumps/detail/dpl60-liquid-diaphragm-pump.json $.seo | data/products/generated/pumps/diaphragm-pumps/detail/index.json $[1].seo | data/products/generated/pumps/diaphragm-pumps/detail/index.json $[6].seo | data/products/generated/pumps/diaphragm-pumps/detail/index.json $[7].seo","确认该产品数据是否缺少主图字段；补图前暂不发布"
"147","DPGL800-24BS6-EP/PS 气液混合隔膜泵","","","dpgl800-24bs6-ep-ps-gas-liquid-diaphragm-pump","气液混合隔膜泵","未配置主图字段","","","","data/products/generated/pumps/diaphragm-pumps/detail/index.json","data/products/generated/pumps/diaphragm-pumps/detail/index.json $[10]","确认该产品数据是否缺少主图字段；补图前暂不发布"
"148","","","DPGL800-24BS6-EP/PS","","气液混合隔膜泵","未配置主图字段","","","","data/products/generated/pumps/diaphragm-pumps/detail/dpgl800-gas-liquid-diaphragm-pump.json | data/products/generated/pumps/diaphragm-pumps/detail/index.json","data/products/generated/pumps/diaphragm-pumps/detail/dpgl800-gas-liquid-diaphragm-pump.json $.modelConfigurations[0] | data/products/generated/pumps/diaphragm-pumps/detail/index.json $[3].modelConfigurations[0] | data/products/generated/pumps/diaphragm-pumps/detail/index.json $[10].modelConfigurations[0]","确认该产品数据是否缺少主图字段；补图前暂不发布"
"149","DPGL800-24BS6-EP/PS","","","","气液混合隔膜泵","未配置主图字段","","","","data/products/generated/pumps/diaphragm-pumps/selection/cards.json","data/products/generated/pumps/diaphragm-pumps/selection/cards.json $[6]","确认该产品数据是否缺少主图字段；补图前暂不发布"
"150","DPGL800-24BS6-FF/PS 气液混合隔膜泵","","","dpgl800-24bs6-ff-ps-gas-liquid-diaphragm-pump","气液混合隔膜泵","未配置主图字段","","","","data/products/generated/pumps/diaphragm-pumps/detail/index.json","data/products/generated/pumps/diaphragm-pumps/detail/index.json $[11]","确认该产品数据是否缺少主图字段；补图前暂不发布"
"151","","","DPGL800-24BS6-FF/PS","","气液混合隔膜泵","未配置主图字段","","","","data/products/generated/pumps/diaphragm-pumps/detail/dpgl800-gas-liquid-diaphragm-pump.json | data/products/generated/pumps/diaphragm-pumps/detail/index.json","data/products/generated/pumps/diaphragm-pumps/detail/dpgl800-gas-liquid-diaphragm-pump.json $.modelConfigurations[1] | data/products/generated/pumps/diaphragm-pumps/detail/index.json $[3].modelConfigurations[1] | data/products/generated/pumps/diaphragm-pumps/detail/index.json $[11].modelConfigurations[0]","确认该产品数据是否缺少主图字段；补图前暂不发布"
"152","DPGL800-24BS6-FF/PS","","","","气液混合隔膜泵","未配置主图字段","","","","data/products/generated/pumps/diaphragm-pumps/selection/cards.json","data/products/generated/pumps/diaphragm-pumps/selection/cards.json $[7]","确认该产品数据是否缺少主图字段；补图前暂不发布"
"153","","","DPGL800-24BSC-EP/PS","","气液混合隔膜泵","未配置主图字段","","","","data/products/generated/pumps/diaphragm-pumps/detail/dpgl800-gas-liquid-diaphragm-pump.json | data/products/generated/pumps/diaphragm-pumps/detail/index.json","data/products/generated/pumps/diaphragm-pumps/detail/dpgl800-gas-liquid-diaphragm-pump.json $.modelConfigurations[2] | data/products/generated/pumps/diaphragm-pumps/detail/index.json $[3].modelConfigurations[2]","确认该产品数据是否缺少主图字段；补图前暂不发布"
"154","DPGL800 气液混合隔膜泵","","","dpgl800-gas-liquid-diaphragm-pump","气液混合隔膜泵","未配置主图字段","","","","data/products/generated/pumps/diaphragm-pumps/detail/dpgl800-gas-liquid-diaphragm-pump.json | data/products/generated/pumps/diaphragm-pumps/detail/index.json | data/products/generated/pumps/diaphragm-pumps/summary/summary.json","data/products/generated/pumps/diaphragm-pumps/detail/dpgl800-gas-liquid-diaphragm-pump.json $ | data/products/generated/pumps/diaphragm-pumps/detail/index.json $[3] | data/products/generated/pumps/diaphragm-pumps/summary/summary.json $.series[3]","确认该产品数据是否缺少主图字段；补图前暂不发布"
"155","","","DPL30-12BB-EP/PS","","液体隔膜泵","未配置主图字段","","","","data/products/generated/pumps/diaphragm-pumps/detail/dpl30-liquid-diaphragm-pump.json | data/products/generated/pumps/diaphragm-pumps/detail/index.json","data/products/generated/pumps/diaphragm-pumps/detail/dpl30-liquid-diaphragm-pump.json $.modelConfigurations[3] | data/products/generated/pumps/diaphragm-pumps/detail/index.json $[0].modelConfigurations[3]","确认该产品数据是否缺少主图字段；补图前暂不发布"
"156","","","DPL30-12BB-FF/PS","","液体隔膜泵","未配置主图字段","","","","data/products/generated/pumps/diaphragm-pumps/detail/dpl30-liquid-diaphragm-pump.json | data/products/generated/pumps/diaphragm-pumps/detail/index.json","data/products/generated/pumps/diaphragm-pumps/detail/dpl30-liquid-diaphragm-pump.json $.modelConfigurations[7] | data/products/generated/pumps/diaphragm-pumps/detail/index.json $[0].modelConfigurations[7]","确认该产品数据是否缺少主图字段；补图前暂不发布"
"157","","","DPL30-12DB-EP/PS","","液体隔膜泵","未配置主图字段","","","","data/products/generated/pumps/diaphragm-pumps/detail/dpl30-liquid-diaphragm-pump.json | data/products/generated/pumps/diaphragm-pumps/detail/index.json","data/products/generated/pumps/diaphragm-pumps/detail/dpl30-liquid-diaphragm-pump.json $.modelConfigurations[2] | data/products/generated/pumps/diaphragm-pumps/detail/index.json $[0].modelConfigurations[2]","确认该产品数据是否缺少主图字段；补图前暂不发布"
"158","","","DPL30-12DB-FF/PS","","液体隔膜泵","未配置主图字段","","","","data/products/generated/pumps/diaphragm-pumps/detail/dpl30-liquid-diaphragm-pump.json | data/products/generated/pumps/diaphragm-pumps/detail/index.json","data/products/generated/pumps/diaphragm-pumps/detail/dpl30-liquid-diaphragm-pump.json $.modelConfigurations[6] | data/products/generated/pumps/diaphragm-pumps/detail/index.json $[0].modelConfigurations[6]","确认该产品数据是否缺少主图字段；补图前暂不发布"
"159","DPL30-24BB-EP/PS 液体隔膜泵","","","dpl30-24bb-ep-ps-liquid-diaphragm-pump","液体隔膜泵","未配置主图字段","","","","data/products/generated/pumps/diaphragm-pumps/detail/index.json","data/products/generated/pumps/diaphragm-pumps/detail/index.json $[5]","确认该产品数据是否缺少主图字段；补图前暂不发布"
"160","","","DPL30-24BB-EP/PS","","液体隔膜泵","未配置主图字段","","","","data/products/generated/pumps/diaphragm-pumps/detail/dpl30-liquid-diaphragm-pump.json | data/products/generated/pumps/diaphragm-pumps/detail/index.json","data/products/generated/pumps/diaphragm-pumps/detail/dpl30-liquid-diaphragm-pump.json $.modelConfigurations[1] | data/products/generated/pumps/diaphragm-pumps/detail/index.json $[0].modelConfigurations[1] | data/products/generated/pumps/diaphragm-pumps/detail/index.json $[5].modelConfigurations[0]","确认该产品数据是否缺少主图字段；补图前暂不发布"
"161","DPL30-24BB-EP/PS","","","","液体隔膜泵","未配置主图字段","","","","data/products/generated/pumps/diaphragm-pumps/selection/cards.json","data/products/generated/pumps/diaphragm-pumps/selection/cards.json $[1]","确认该产品数据是否缺少主图字段；补图前暂不发布"
"162","","","DPL30-24BB-FF/PS","","液体隔膜泵","未配置主图字段","","","","data/products/generated/pumps/diaphragm-pumps/detail/dpl30-liquid-diaphragm-pump.json | data/products/generated/pumps/diaphragm-pumps/detail/index.json","data/products/generated/pumps/diaphragm-pumps/detail/dpl30-liquid-diaphragm-pump.json $.modelConfigurations[5] | data/products/generated/pumps/diaphragm-pumps/detail/index.json $[0].modelConfigurations[5]","确认该产品数据是否缺少主图字段；补图前暂不发布"
"163","DPL30-24DB-EP/PS 液体隔膜泵","","","dpl30-24db-ep-ps-liquid-diaphragm-pump","液体隔膜泵","未配置主图字段","","","","data/products/generated/pumps/diaphragm-pumps/detail/index.json","data/products/generated/pumps/diaphragm-pumps/detail/index.json $[4]","确认该产品数据是否缺少主图字段；补图前暂不发布"
"164","","","DPL30-24DB-EP/PS","","液体隔膜泵","未配置主图字段","","","","data/products/generated/pumps/diaphragm-pumps/detail/dpl30-liquid-diaphragm-pump.json | data/products/generated/pumps/diaphragm-pumps/detail/index.json","data/products/generated/pumps/diaphragm-pumps/detail/dpl30-liquid-diaphragm-pump.json $.modelConfigurations[0] | data/products/generated/pumps/diaphragm-pumps/detail/index.json $[0].modelConfigurations[0] | data/products/generated/pumps/diaphragm-pumps/detail/index.json $[4].modelConfigurations[0]","确认该产品数据是否缺少主图字段；补图前暂不发布"
"165","DPL30-24DB-EP/PS","","","","液体隔膜泵","未配置主图字段","","","","data/products/generated/pumps/diaphragm-pumps/selection/cards.json","data/products/generated/pumps/diaphragm-pumps/selection/cards.json $[0]","确认该产品数据是否缺少主图字段；补图前暂不发布"
"166","","","DPL30-24DB-FF/PS","","液体隔膜泵","未配置主图字段","","","","data/products/generated/pumps/diaphragm-pumps/detail/dpl30-liquid-diaphragm-pump.json | data/products/generated/pumps/diaphragm-pumps/detail/index.json","data/products/generated/pumps/diaphragm-pumps/detail/dpl30-liquid-diaphragm-pump.json $.modelConfigurations[4] | data/products/generated/pumps/diaphragm-pumps/detail/index.json $[0].modelConfigurations[4]","确认该产品数据是否缺少主图字段；补图前暂不发布"
"167","DPL30 液体隔膜泵","","","dpl30-liquid-diaphragm-pump","液体隔膜泵","未配置主图字段","","","","data/products/generated/pumps/diaphragm-pumps/detail/dpl30-liquid-diaphragm-pump.json | data/products/generated/pumps/diaphragm-pumps/detail/index.json | data/products/generated/pumps/diaphragm-pumps/summary/summary.json","data/products/generated/pumps/diaphragm-pumps/detail/dpl30-liquid-diaphragm-pump.json $ | data/products/generated/pumps/diaphragm-pumps/detail/index.json $[0] | data/products/generated/pumps/diaphragm-pumps/summary/summary.json $.series[0]","确认该产品数据是否缺少主图字段；补图前暂不发布"
"168","","","DPL30H-12BS-EP/PS","","液体隔膜泵","未配置主图字段","","","","data/products/generated/pumps/diaphragm-pumps/detail/dpl30h-liquid-diaphragm-pump.json | data/products/generated/pumps/diaphragm-pumps/detail/index.json","data/products/generated/pumps/diaphragm-pumps/detail/dpl30h-liquid-diaphragm-pump.json $.modelConfigurations[3] | data/products/generated/pumps/diaphragm-pumps/detail/index.json $[2].modelConfigurations[3]","确认该产品数据是否缺少主图字段；补图前暂不发布"
"169","","","DPL30H-12BS-FF/PS","","液体隔膜泵","未配置主图字段","","","","data/products/generated/pumps/diaphragm-pumps/detail/dpl30h-liquid-diaphragm-pump.json | data/products/generated/pumps/diaphragm-pumps/detail/index.json","data/products/generated/pumps/diaphragm-pumps/detail/dpl30h-liquid-diaphragm-pump.json $.modelConfigurations[7] | data/products/generated/pumps/diaphragm-pumps/detail/index.json $[2].modelConfigurations[7]","确认该产品数据是否缺少主图字段；补图前暂不发布"
"170","","","DPL30H-12DS-EP/PS","","液体隔膜泵","未配置主图字段","","","","data/products/generated/pumps/diaphragm-pumps/detail/dpl30h-liquid-diaphragm-pump.json | data/products/generated/pumps/diaphragm-pumps/detail/index.json","data/products/generated/pumps/diaphragm-pumps/detail/dpl30h-liquid-diaphragm-pump.json $.modelConfigurations[2] | data/products/generated/pumps/diaphragm-pumps/detail/index.json $[2].modelConfigurations[2]","确认该产品数据是否缺少主图字段；补图前暂不发布"
"171","","","DPL30H-12DS-FF/PS","","液体隔膜泵","未配置主图字段","","","","data/products/generated/pumps/diaphragm-pumps/detail/dpl30h-liquid-diaphragm-pump.json | data/products/generated/pumps/diaphragm-pumps/detail/index.json","data/products/generated/pumps/diaphragm-pumps/detail/dpl30h-liquid-diaphragm-pump.json $.modelConfigurations[6] | data/products/generated/pumps/diaphragm-pumps/detail/index.json $[2].modelConfigurations[6]","确认该产品数据是否缺少主图字段；补图前暂不发布"
"172","DPL30H-24BS-EP/PS 液体隔膜泵","","","dpl30h-24bs-ep-ps-liquid-diaphragm-pump","液体隔膜泵","未配置主图字段","","","","data/products/generated/pumps/diaphragm-pumps/detail/index.json","data/products/generated/pumps/diaphragm-pumps/detail/index.json $[9]","确认该产品数据是否缺少主图字段；补图前暂不发布"
"173","","","DPL30H-24BS-EP/PS","","液体隔膜泵","未配置主图字段","","","","data/products/generated/pumps/diaphragm-pumps/detail/dpl30h-liquid-diaphragm-pump.json | data/products/generated/pumps/diaphragm-pumps/detail/index.json","data/products/generated/pumps/diaphragm-pumps/detail/dpl30h-liquid-diaphragm-pump.json $.modelConfigurations[1] | data/products/generated/pumps/diaphragm-pumps/detail/index.json $[2].modelConfigurations[1] | data/products/generated/pumps/diaphragm-pumps/detail/index.json $[9].modelConfigurations[0]","确认该产品数据是否缺少主图字段；补图前暂不发布"
"174","DPL30H-24BS-EP/PS","","","","液体隔膜泵","未配置主图字段","","","","data/products/generated/pumps/diaphragm-pumps/selection/cards.json","data/products/generated/pumps/diaphragm-pumps/selection/cards.json $[5]","确认该产品数据是否缺少主图字段；补图前暂不发布"
"175","","","DPL30H-24BS-FF/PS","","液体隔膜泵","未配置主图字段","","","","data/products/generated/pumps/diaphragm-pumps/detail/dpl30h-liquid-diaphragm-pump.json | data/products/generated/pumps/diaphragm-pumps/detail/index.json","data/products/generated/pumps/diaphragm-pumps/detail/dpl30h-liquid-diaphragm-pump.json $.modelConfigurations[5] | data/products/generated/pumps/diaphragm-pumps/detail/index.json $[2].modelConfigurations[5]","确认该产品数据是否缺少主图字段；补图前暂不发布"
"176","DPL30H-24DS-EP/PS 液体隔膜泵","","","dpl30h-24ds-ep-ps-liquid-diaphragm-pump","液体隔膜泵","未配置主图字段","","","","data/products/generated/pumps/diaphragm-pumps/detail/index.json","data/products/generated/pumps/diaphragm-pumps/detail/index.json $[8]","确认该产品数据是否缺少主图字段；补图前暂不发布"
"177","","","DPL30H-24DS-EP/PS","","液体隔膜泵","未配置主图字段","","","","data/products/generated/pumps/diaphragm-pumps/detail/dpl30h-liquid-diaphragm-pump.json | data/products/generated/pumps/diaphragm-pumps/detail/index.json","data/products/generated/pumps/diaphragm-pumps/detail/dpl30h-liquid-diaphragm-pump.json $.modelConfigurations[0] | data/products/generated/pumps/diaphragm-pumps/detail/index.json $[2].modelConfigurations[0] | data/products/generated/pumps/diaphragm-pumps/detail/index.json $[8].modelConfigurations[0]","确认该产品数据是否缺少主图字段；补图前暂不发布"
"178","DPL30H-24DS-EP/PS","","","","液体隔膜泵","未配置主图字段","","","","data/products/generated/pumps/diaphragm-pumps/selection/cards.json","data/products/generated/pumps/diaphragm-pumps/selection/cards.json $[4]","确认该产品数据是否缺少主图字段；补图前暂不发布"
"179","","","DPL30H-24DS-FF/PS","","液体隔膜泵","未配置主图字段","","","","data/products/generated/pumps/diaphragm-pumps/detail/dpl30h-liquid-diaphragm-pump.json | data/products/generated/pumps/diaphragm-pumps/detail/index.json","data/products/generated/pumps/diaphragm-pumps/detail/dpl30h-liquid-diaphragm-pump.json $.modelConfigurations[4] | data/products/generated/pumps/diaphragm-pumps/detail/index.json $[2].modelConfigurations[4]","确认该产品数据是否缺少主图字段；补图前暂不发布"
"180","DPL30H 液体隔膜泵","","","dpl30h-liquid-diaphragm-pump","液体隔膜泵","未配置主图字段","","","","data/products/generated/pumps/diaphragm-pumps/detail/dpl30h-liquid-diaphragm-pump.json | data/products/generated/pumps/diaphragm-pumps/detail/index.json | data/products/generated/pumps/diaphragm-pumps/summary/summary.json","data/products/generated/pumps/diaphragm-pumps/detail/dpl30h-liquid-diaphragm-pump.json $ | data/products/generated/pumps/diaphragm-pumps/detail/index.json $[2] | data/products/generated/pumps/diaphragm-pumps/summary/summary.json $.series[2]","确认该产品数据是否缺少主图字段；补图前暂不发布"
"181","","","DPL60-12BB-EP/PS","","液体隔膜泵","未配置主图字段","","","","data/products/generated/pumps/diaphragm-pumps/detail/dpl60-liquid-diaphragm-pump.json | data/products/generated/pumps/diaphragm-pumps/detail/index.json","data/products/generated/pumps/diaphragm-pumps/detail/dpl60-liquid-diaphragm-pump.json $.modelConfigurations[3] | data/products/generated/pumps/diaphragm-pumps/detail/index.json $[1].modelConfigurations[3]","确认该产品数据是否缺少主图字段；补图前暂不发布"
"182","","","DPL60-12BB-FF/PS","","液体隔膜泵","未配置主图字段","","","","data/products/generated/pumps/diaphragm-pumps/detail/dpl60-liquid-diaphragm-pump.json | data/products/generated/pumps/diaphragm-pumps/detail/index.json","data/products/generated/pumps/diaphragm-pumps/detail/dpl60-liquid-diaphragm-pump.json $.modelConfigurations[7] | data/products/generated/pumps/diaphragm-pumps/detail/index.json $[1].modelConfigurations[7]","确认该产品数据是否缺少主图字段；补图前暂不发布"
"183","","","DPL60-12DB-EP/PS","","液体隔膜泵","未配置主图字段","","","","data/products/generated/pumps/diaphragm-pumps/detail/dpl60-liquid-diaphragm-pump.json | data/products/generated/pumps/diaphragm-pumps/detail/index.json","data/products/generated/pumps/diaphragm-pumps/detail/dpl60-liquid-diaphragm-pump.json $.modelConfigurations[2] | data/products/generated/pumps/diaphragm-pumps/detail/index.json $[1].modelConfigurations[2]","确认该产品数据是否缺少主图字段；补图前暂不发布"
"184","","","DPL60-12DB-FF/PS","","液体隔膜泵","未配置主图字段","","","","data/products/generated/pumps/diaphragm-pumps/detail/dpl60-liquid-diaphragm-pump.json | data/products/generated/pumps/diaphragm-pumps/detail/index.json","data/products/generated/pumps/diaphragm-pumps/detail/dpl60-liquid-diaphragm-pump.json $.modelConfigurations[6] | data/products/generated/pumps/diaphragm-pumps/detail/index.json $[1].modelConfigurations[6]","确认该产品数据是否缺少主图字段；补图前暂不发布"
"185","DPL60-24BB-EP/PS 液体隔膜泵","","","dpl60-24bb-ep-ps-liquid-diaphragm-pump","液体隔膜泵","未配置主图字段","","","","data/products/generated/pumps/diaphragm-pumps/detail/index.json","data/products/generated/pumps/diaphragm-pumps/detail/index.json $[7]","确认该产品数据是否缺少主图字段；补图前暂不发布"
"186","","","DPL60-24BB-EP/PS","","液体隔膜泵","未配置主图字段","","","","data/products/generated/pumps/diaphragm-pumps/detail/dpl60-liquid-diaphragm-pump.json | data/products/generated/pumps/diaphragm-pumps/detail/index.json","data/products/generated/pumps/diaphragm-pumps/detail/dpl60-liquid-diaphragm-pump.json $.modelConfigurations[1] | data/products/generated/pumps/diaphragm-pumps/detail/index.json $[1].modelConfigurations[1] | data/products/generated/pumps/diaphragm-pumps/detail/index.json $[7].modelConfigurations[0]","确认该产品数据是否缺少主图字段；补图前暂不发布"
"187","DPL60-24BB-EP/PS","","","","液体隔膜泵","未配置主图字段","","","","data/products/generated/pumps/diaphragm-pumps/selection/cards.json","data/products/generated/pumps/diaphragm-pumps/selection/cards.json $[3]","确认该产品数据是否缺少主图字段；补图前暂不发布"
"188","","","DPL60-24BB-FF/PS","","液体隔膜泵","未配置主图字段","","","","data/products/generated/pumps/diaphragm-pumps/detail/dpl60-liquid-diaphragm-pump.json | data/products/generated/pumps/diaphragm-pumps/detail/index.json","data/products/generated/pumps/diaphragm-pumps/detail/dpl60-liquid-diaphragm-pump.json $.modelConfigurations[5] | data/products/generated/pumps/diaphragm-pumps/detail/index.json $[1].modelConfigurations[5]","确认该产品数据是否缺少主图字段；补图前暂不发布"
"189","DPL60-24DB-EP/PS 液体隔膜泵","","","dpl60-24db-ep-ps-liquid-diaphragm-pump","液体隔膜泵","未配置主图字段","","","","data/products/generated/pumps/diaphragm-pumps/detail/index.json","data/products/generated/pumps/diaphragm-pumps/detail/index.json $[6]","确认该产品数据是否缺少主图字段；补图前暂不发布"
"190","","","DPL60-24DB-EP/PS","","液体隔膜泵","未配置主图字段","","","","data/products/generated/pumps/diaphragm-pumps/detail/dpl60-liquid-diaphragm-pump.json | data/products/generated/pumps/diaphragm-pumps/detail/index.json","data/products/generated/pumps/diaphragm-pumps/detail/dpl60-liquid-diaphragm-pump.json $.modelConfigurations[0] | data/products/generated/pumps/diaphragm-pumps/detail/index.json $[1].modelConfigurations[0] | data/products/generated/pumps/diaphragm-pumps/detail/index.json $[6].modelConfigurations[0]","确认该产品数据是否缺少主图字段；补图前暂不发布"
"191","DPL60-24DB-EP/PS","","","","液体隔膜泵","未配置主图字段","","","","data/products/generated/pumps/diaphragm-pumps/selection/cards.json","data/products/generated/pumps/diaphragm-pumps/selection/cards.json $[2]","确认该产品数据是否缺少主图字段；补图前暂不发布"
"192","","","DPL60-24DB-FF/PS","","液体隔膜泵","未配置主图字段","","","","data/products/generated/pumps/diaphragm-pumps/detail/dpl60-liquid-diaphragm-pump.json | data/products/generated/pumps/diaphragm-pumps/detail/index.json","data/products/generated/pumps/diaphragm-pumps/detail/dpl60-liquid-diaphragm-pump.json $.modelConfigurations[4] | data/products/generated/pumps/diaphragm-pumps/detail/index.json $[1].modelConfigurations[4]","确认该产品数据是否缺少主图字段；补图前暂不发布"
"193","DPL60 液体隔膜泵","","","dpl60-liquid-diaphragm-pump","液体隔膜泵","未配置主图字段","","","","data/products/generated/pumps/diaphragm-pumps/detail/dpl60-liquid-diaphragm-pump.json | data/products/generated/pumps/diaphragm-pumps/detail/index.json | data/products/generated/pumps/diaphragm-pumps/summary/summary.json","data/products/generated/pumps/diaphragm-pumps/detail/dpl60-liquid-diaphragm-pump.json $ | data/products/generated/pumps/diaphragm-pumps/detail/index.json $[1] | data/products/generated/pumps/diaphragm-pumps/summary/summary.json $.series[1]","确认该产品数据是否缺少主图字段；补图前暂不发布"
"194","直通底面密封螺纹转倒刺接头","809004","SB-U28-16-PP-W","sb-u28-16-pp-w","fittings","主图字段为空；未配置主图字段","mainImage","","","data/products/generated/fittings/thread-to-barbed-fittings/detail/index.json | data/products/selection/thread-to-barbed-fitting-selection.generated.ts","data/products/generated/fittings/thread-to-barbed-fittings/detail/index.json $[77] | data/products/selection/thread-to-barbed-fitting-selection.generated.ts 第 5021 行","补充主图路径；补图前暂不发布"
"195","直通底面密封螺纹转倒刺接头","809011","SB-U28-32-PP-W","sb-u28-32-pp-w","fittings","主图字段为空；未配置主图字段","mainImage","","","data/products/generated/fittings/thread-to-barbed-fittings/detail/index.json | data/products/selection/thread-to-barbed-fitting-selection.generated.ts","data/products/generated/fittings/thread-to-barbed-fittings/detail/index.json $[78] | data/products/selection/thread-to-barbed-fitting-selection.generated.ts 第 5086 行","补充主图路径；补图前暂不发布"
"196","直通底面密封螺纹转倒刺接头","809018","SB-M6-16-PP-W","sb-m6-16-pp-w","fittings","主图字段为空；未配置主图字段","mainImage","","","data/products/generated/fittings/thread-to-barbed-fittings/detail/index.json | data/products/selection/thread-to-barbed-fitting-selection.generated.ts","data/products/generated/fittings/thread-to-barbed-fittings/detail/index.json $[79] | data/products/selection/thread-to-barbed-fitting-selection.generated.ts 第 5151 行","补充主图路径；补图前暂不发布"
"197","直通底面密封螺纹转倒刺接头","809025","SB-M6-32-PP-W","sb-m6-32-pp-w","fittings","主图字段为空；未配置主图字段","mainImage","","","data/products/generated/fittings/thread-to-barbed-fittings/detail/index.json | data/products/selection/thread-to-barbed-fitting-selection.generated.ts","data/products/generated/fittings/thread-to-barbed-fittings/detail/index.json $[80] | data/products/selection/thread-to-barbed-fitting-selection.generated.ts 第 5216 行","补充主图路径；补图前暂不发布"
"198","内螺纹六角螺母","809033","PMBSN-M12-PA-B","pmbsn-m12-pa-b","fittings","主图字段为空","mainImage","","","data/products/generated/fittings/female-thread-adapters/detail/index.json","data/products/generated/fittings/female-thread-adapters/detail/index.json $[20]","补充主图路径；补图前暂不发布"
"199","直通螺纹密封螺纹转倒刺接头","809034","SA-G1/8-64C-PP-N（带O圈）","sa-g1-8-64c-pp-n-o-ring-809034","fittings","主图字段为空；未配置主图字段","mainImage","","","data/products/generated/fittings/thread-to-barbed-fittings/detail/index.json | data/products/selection/thread-to-barbed-fitting-selection.generated.ts","data/products/generated/fittings/thread-to-barbed-fittings/detail/index.json $[49] | data/products/selection/thread-to-barbed-fitting-selection.generated.ts 第 3201 行","补充主图路径；补图前暂不发布"
"200","直通螺纹密封螺纹转倒刺接头","809268","SA-U32-24F-PP-N","sa-u32-24f-pp-n","fittings","主图字段为空；未配置主图字段","mainImage","","","data/products/generated/fittings/thread-to-barbed-fittings/detail/index.json | data/products/selection/thread-to-barbed-fitting-selection.generated.ts","data/products/generated/fittings/thread-to-barbed-fittings/detail/index.json $[0] | data/products/selection/thread-to-barbed-fitting-selection.generated.ts 第 16 行","补充主图路径；补图前暂不发布"
"201","高压二通内螺纹互转接头","809317","PU-U32-08-SS-N","pu-u32-08-ss-n","fittings","主图字段为空","mainImage","","","data/products/generated/fittings/female-thread-adapters/detail/index.json","data/products/generated/fittings/female-thread-adapters/detail/index.json $[21]","补充主图路径；补图前暂不发布"
"202","直通螺纹密封螺纹转倒刺接头","809323","SA-U32-24F-PA-W","sa-u32-24f-pa-w","fittings","主图字段为空；未配置主图字段","mainImage","","","data/products/generated/fittings/thread-to-barbed-fittings/detail/index.json | data/products/selection/thread-to-barbed-fitting-selection.generated.ts","data/products/generated/fittings/thread-to-barbed-fittings/detail/index.json $[2] | data/products/selection/thread-to-barbed-fitting-selection.generated.ts 第 146 行","补充主图路径；补图前暂不发布"
"203","直通螺纹密封螺纹转倒刺接头","809339","SA-U32-16F-PA-W","sa-u32-16f-pa-w","fittings","主图字段为空；未配置主图字段","mainImage","","","data/products/generated/fittings/thread-to-barbed-fittings/detail/index.json | data/products/selection/thread-to-barbed-fitting-selection.generated.ts","data/products/generated/fittings/thread-to-barbed-fittings/detail/index.json $[3] | data/products/selection/thread-to-barbed-fitting-selection.generated.ts 第 211 行","补充主图路径；补图前暂不发布"
"204","直通螺纹密封螺纹转倒刺接头","809490","SA-G1/8-40C-PV-N","sa-g1-8-40c-pv-n","fittings","主图字段为空；未配置主图字段","mainImage","","","data/products/generated/fittings/thread-to-barbed-fittings/detail/index.json | data/products/selection/thread-to-barbed-fitting-selection.generated.ts","data/products/generated/fittings/thread-to-barbed-fittings/detail/index.json $[47] | data/products/selection/thread-to-barbed-fitting-selection.generated.ts 第 3071 行","补充主图路径；补图前暂不发布"
"205","直通螺纹密封螺纹转倒刺接头","809546","SA-G1/8-40C-PV-N(O圈FKM)","sa-g1-8-40c-pv-n-o-ringfkm","fittings","主图字段为空；未配置主图字段","mainImage","","","data/products/generated/fittings/thread-to-barbed-fittings/detail/index.json | data/products/selection/thread-to-barbed-fitting-selection.generated.ts","data/products/generated/fittings/thread-to-barbed-fittings/detail/index.json $[48] | data/products/selection/thread-to-barbed-fitting-selection.generated.ts 第 3136 行","补充主图路径；补图前暂不发布"
"206","高压二通内螺纹互转接头","809659","PU-U32-U28-08-SS-N","pu-u32-u28-08-ss-n","fittings","主图字段为空","mainImage","","","data/products/generated/fittings/female-thread-adapters/detail/index.json","data/products/generated/fittings/female-thread-adapters/detail/index.json $[22]","补充主图路径；补图前暂不发布"
"207","高压T型三通内螺纹互转接头","809664","PUT-U32-05-SS-N","put-u32-05-ss-n","fittings","主图字段为空","mainImage","","","data/products/generated/fittings/female-thread-adapters/detail/index.json","data/products/generated/fittings/female-thread-adapters/detail/index.json $[23]","补充主图路径；补图前暂不发布"
"208","直通螺纹密封螺纹转倒刺接头","809826","SA-U32-24F-PV-N","sa-u32-24f-pv-n","fittings","主图字段为空；未配置主图字段","mainImage","","","data/products/generated/fittings/thread-to-barbed-fittings/detail/index.json | data/products/selection/thread-to-barbed-fitting-selection.generated.ts","data/products/generated/fittings/thread-to-barbed-fittings/detail/index.json $[39] | data/products/selection/thread-to-barbed-fitting-selection.generated.ts 第 2551 行","补充主图路径；补图前暂不发布"
"209","直通螺纹密封螺纹转倒刺接头","809867","SA-G1/8-40C-PV-N（带O圈）","sa-g1-8-40c-pv-n-o-ring","fittings","主图字段为空；未配置主图字段","mainImage","","","data/products/generated/fittings/thread-to-barbed-fittings/detail/index.json | data/products/selection/thread-to-barbed-fitting-selection.generated.ts","data/products/generated/fittings/thread-to-barbed-fittings/detail/index.json $[50] | data/products/selection/thread-to-barbed-fitting-selection.generated.ts 第 3266 行","补充主图路径；补图前暂不发布"
"210","直通螺纹密封螺纹转倒刺接头","809868","SA-G1/8-40C-PP-N（带O圈）","sa-g1-8-40c-pp-n-o-ring","fittings","主图字段为空；未配置主图字段","mainImage","","","data/products/generated/fittings/thread-to-barbed-fittings/detail/index.json | data/products/selection/thread-to-barbed-fitting-selection.generated.ts","data/products/generated/fittings/thread-to-barbed-fittings/detail/index.json $[51] | data/products/selection/thread-to-barbed-fitting-selection.generated.ts 第 3331 行","补充主图路径；补图前暂不发布"
"211","直通螺纹密封螺纹转倒刺接头","809873","SA-G1/8-64C-PV-N（带O圈）","sa-g1-8-64c-pv-n-o-ring","fittings","主图字段为空；未配置主图字段","mainImage","","","data/products/generated/fittings/thread-to-barbed-fittings/detail/index.json | data/products/selection/thread-to-barbed-fitting-selection.generated.ts","data/products/generated/fittings/thread-to-barbed-fittings/detail/index.json $[52] | data/products/selection/thread-to-barbed-fitting-selection.generated.ts 第 3396 行","补充主图路径；补图前暂不发布"
"212","直通螺纹密封螺纹转倒刺接头","809924","SA-G1/8-64C-PP-N（带O圈）","sa-g1-8-64c-pp-n-o-ring-809924","fittings","主图字段为空；未配置主图字段","mainImage","","","data/products/generated/fittings/thread-to-barbed-fittings/detail/index.json | data/products/selection/thread-to-barbed-fitting-selection.generated.ts","data/products/generated/fittings/thread-to-barbed-fittings/detail/index.json $[53] | data/products/selection/thread-to-barbed-fitting-selection.generated.ts 第 3461 行","补充主图路径；补图前暂不发布"
"213","旋转锁圈公鲁尔接头","809932","LPR-32-PV-N","lpr-32-pv-n","fittings","主图字段为空；未配置主图字段","mainImage","","","data/products/generated/fittings/luer-fittings/detail/index.json | data/products/selection/luer-fitting-asset-map.generated.json","data/products/generated/fittings/luer-fittings/detail/index.json $[61] | data/products/selection/luer-fitting-asset-map.generated.json $.809932","补充主图路径；补图前暂不发布"
"214","T型三通内螺纹互转接头","809939","UT-M6-20-PP-N","ut-m6-20-pp-n","fittings","主图字段为空","mainImage","","","data/products/generated/fittings/female-thread-adapters/detail/index.json","data/products/generated/fittings/female-thread-adapters/detail/index.json $[16]","补充主图路径；补图前暂不发布"
"215","直通螺纹密封螺纹转倒刺接头","809948","SA-U32-16D-PP-N","sa-u32-16d-pp-n","fittings","主图字段为空；未配置主图字段","mainImage","","","data/products/generated/fittings/thread-to-barbed-fittings/detail/index.json | data/products/selection/thread-to-barbed-fitting-selection.generated.ts","data/products/generated/fittings/thread-to-barbed-fittings/detail/index.json $[45] | data/products/selection/thread-to-barbed-fitting-selection.generated.ts 第 2941 行","补充主图路径；补图前暂不发布"
"216","直通螺纹密封螺纹转倒刺接头","809952","SA-U32-16D-PA-W","sa-u32-16d-pa-w","fittings","主图字段为空；未配置主图字段","mainImage","","","data/products/generated/fittings/thread-to-barbed-fittings/detail/index.json | data/products/selection/thread-to-barbed-fitting-selection.generated.ts","data/products/generated/fittings/thread-to-barbed-fittings/detail/index.json $[46] | data/products/selection/thread-to-barbed-fitting-selection.generated.ts 第 3006 行","补充主图路径；补图前暂不发布"
"217","直通螺纹密封螺纹转倒刺接头","809953","SA-G1/8-64C-PK-N（带o圈）","sa-g1-8-64c-pk-n-o-ring","fittings","主图字段为空；未配置主图字段","mainImage","","","data/products/generated/fittings/thread-to-barbed-fittings/detail/index.json | data/products/selection/thread-to-barbed-fitting-selection.generated.ts","data/products/generated/fittings/thread-to-barbed-fittings/detail/index.json $[54] | data/products/selection/thread-to-barbed-fitting-selection.generated.ts 第 3526 行","补充主图路径；补图前暂不发布"
"218","直通螺纹密封螺纹转倒刺接头","839936","SA-3/8NPT-127-PP-N","sa-3-8npt-127-pp-n","fittings","主图字段为空；未配置主图字段","mainImage","","","data/products/generated/fittings/thread-to-barbed-fittings/detail/index.json | data/products/selection/thread-to-barbed-fitting-selection.generated.ts","data/products/generated/fittings/thread-to-barbed-fittings/detail/index.json $[44] | data/products/selection/thread-to-barbed-fitting-selection.generated.ts 第 2876 行","补充主图路径；补图前暂不发布"
"219","穿板倒刺接头","","","","fittings","主图字段为空","images[0]","","","scripts/products/build-bulkhead-barbed-fitting-series.cjs","scripts/products/build-bulkhead-barbed-fitting-series.cjs 第 194 行","补充主图路径；补图前暂不发布"
"220","穿板倒刺接头 | FOREACH","","","","fittings","未配置主图字段","","","","data/products/selection/product-route-map.ts","data/products/selection/product-route-map.ts 第 210 行","确认该产品数据是否缺少主图字段；补图前暂不发布"
"221","倒刺接头 | FOREACH","","","","fittings","未配置主图字段","","","","data/products/selection/product-route-map.ts","data/products/selection/product-route-map.ts 第 160 行","确认该产品数据是否缺少主图字段；补图前暂不发布"
"222","过滤器与单向阀 | FOREACH","","","","fittings","未配置主图字段","","","","data/products/selection/product-route-map.ts","data/products/selection/product-route-map.ts 第 220 行","确认该产品数据是否缺少主图字段；补图前暂不发布"
"223","快插接头 | FOREACH","","","","fittings","未配置主图字段","","","","data/products/selection/product-route-map.ts","data/products/selection/product-route-map.ts 第 190 行","确认该产品数据是否缺少主图字段；补图前暂不发布"
"224","鲁尔接头 | FOREACH","","","","fittings","未配置主图字段","","","","data/products/selection/product-route-map.ts","data/products/selection/product-route-map.ts 第 180 行","确认该产品数据是否缺少主图字段；补图前暂不发布"
"225","螺纹转倒刺接头 | FOREACH","","","","fittings","未配置主图字段","","","","data/products/selection/product-route-map.ts","data/products/selection/product-route-map.ts 第 170 行","确认该产品数据是否缺少主图字段；补图前暂不发布"
"226","内螺纹互转接头 | FOREACH","","","","fittings","未配置主图字段","","","","data/products/selection/product-route-map.ts","data/products/selection/product-route-map.ts 第 200 行","确认该产品数据是否缺少主图字段；补图前暂不发布"
"227","硬管接头 | FOREACH","","","","fittings","未配置主图字段","","","","data/products/selection/product-route-map.ts","data/products/selection/product-route-map.ts 第 150 行","确认该产品数据是否缺少主图字段；补图前暂不发布"
"228","","","","female-thread-adapters","fittings","未配置主图字段","","","","app/products/[category]/[slug]/[seriesSlug]/page.tsx","app/products/[category]/[slug]/[seriesSlug]/page.tsx 第 442 行","确认该产品数据是否缺少主图字段；补图前暂不发布"
"229","","","","hard-tube-fittings","fittings","未配置主图字段","","","","app/products/[category]/[slug]/[seriesSlug]/page.tsx","app/products/[category]/[slug]/[seriesSlug]/page.tsx 第 394 行","确认该产品数据是否缺少主图字段；补图前暂不发布"
"230","","","","luer-fittings","fittings","未配置主图字段","","","","app/products/[category]/[slug]/[seriesSlug]/page.tsx","app/products/[category]/[slug]/[seriesSlug]/page.tsx 第 426 行","确认该产品数据是否缺少主图字段；补图前暂不发布"
"231","","","","thread-to-barbed-fittings","fittings","未配置主图字段","","","","app/products/[category]/[slug]/[seriesSlug]/page.tsx","app/products/[category]/[slug]/[seriesSlug]/page.tsx 第 410 行","确认该产品数据是否缺少主图字段；补图前暂不发布"
"232","Product Name","","","","Product Category","未配置主图字段","","","","data/products/detail/product-detail.intl.ts","data/products/detail/product-detail.intl.ts 第 1303 行","确认该产品数据是否缺少主图字段；补图前暂不发布"
"233","隔膜泵 | FOREACH","","","","pumps","未配置主图字段","","","","data/products/selection/product-route-map.ts","data/products/selection/product-route-map.ts 第 109 行","确认该产品数据是否缺少主图字段；补图前暂不发布"
"234","无阀泵 | FOREACH","","","","pumps","未配置主图字段","","","","data/products/selection/product-route-map.ts","data/products/selection/product-route-map.ts 第 139 行","确认该产品数据是否缺少主图字段；补图前暂不发布"
"235","移液泵 | FOREACH","","","","pumps","未配置主图字段","","","","data/products/selection/product-route-map.ts","data/products/selection/product-route-map.ts 第 119 行","确认该产品数据是否缺少主图字段；补图前暂不发布"
"236","注射泵 | FOREACH","","","","pumps","未配置主图字段","","","","data/products/selection/product-route-map.ts","data/products/selection/product-route-map.ts 第 129 行","确认该产品数据是否缺少主图字段；补图前暂不发布"
"237","柱塞泵 | FOREACH","","","","pumps","未配置主图字段","","","","data/products/selection/product-route-map.ts","data/products/selection/product-route-map.ts 第 99 行","确认该产品数据是否缺少主图字段；补图前暂不发布"
"238","气体隔膜泵 | FOREACH","","","diaphragm-pumps","pumps","未配置主图字段","","","","data/products/selection/product-route-map.ts","data/products/selection/product-route-map.ts 第 282 行 | data/products/selection/product-route-map.ts 第 298 行 | data/products/selection/product-route-map.ts 第 314 行","确认该产品数据是否缺少主图字段；补图前暂不发布"
"239","常规柱塞泵","","EA-100-PMMA","ea-100ul-pmma","pumps","未配置主图字段","","","","data/products/detail/product-detail.zh.ts","data/products/detail/product-detail.zh.ts 第 14 行","确认该产品数据是否缺少主图字段；补图前暂不发布"
"240","EA 常规柱塞泵 | FOREACH","","","plunger-pumps","pumps","未配置主图字段","","","","data/products/selection/product-route-map.ts","data/products/selection/product-route-map.ts 第 234 行 | data/products/selection/product-route-map.ts 第 250 行 | data/products/selection/product-route-map.ts 第 266 行","确认该产品数据是否缺少主图字段；补图前暂不发布"
"241","","01","","","Q20","未配置主图字段","","","","data/resources/fitting-replacement/fittings/quick-connect/q20/q20.zh.ts","data/resources/fitting-replacement/fittings/quick-connect/q20/q20.zh.ts 第 569 行","确认该产品数据是否缺少主图字段；补图前暂不发布"
"242","","02","","","Q20","未配置主图字段","","","","data/resources/fitting-replacement/fittings/quick-connect/q20/q20.zh.ts","data/resources/fitting-replacement/fittings/quick-connect/q20/q20.zh.ts 第 592 行","确认该产品数据是否缺少主图字段；补图前暂不发布"
"243","","03","","","Q20","未配置主图字段","","","","data/resources/fitting-replacement/fittings/quick-connect/q20/q20.zh.ts","data/resources/fitting-replacement/fittings/quick-connect/q20/q20.zh.ts 第 615 行","确认该产品数据是否缺少主图字段；补图前暂不发布"
"244","","04","","","Q20","未配置主图字段","","","","data/resources/fitting-replacement/fittings/quick-connect/q20/q20.zh.ts","data/resources/fitting-replacement/fittings/quick-connect/q20/q20.zh.ts 第 638 行","确认该产品数据是否缺少主图字段；补图前暂不发布"
"245","","18N","","","Q20","未配置主图字段","","","","data/resources/fitting-replacement/fittings/quick-connect/q20/q20.zh.ts","data/resources/fitting-replacement/fittings/quick-connect/q20/q20.zh.ts 第 661 行","确认该产品数据是否缺少主图字段；补图前暂不发布"
"246","","AC","","","Q20","未配置主图字段","","","","data/resources/fitting-replacement/fittings/quick-connect/q20/q20.zh.ts","data/resources/fitting-replacement/fittings/quick-connect/q20/q20.zh.ts 第 868 行","确认该产品数据是否缺少主图字段；补图前暂不发布"
"247","","E","","","Q20","未配置主图字段","","","","data/resources/fitting-replacement/fittings/quick-connect/q20/q20.zh.ts","data/resources/fitting-replacement/fittings/quick-connect/q20/q20.zh.ts 第 937 行","确认该产品数据是否缺少主图字段；补图前暂不发布"
"248","","F","","","Q20","未配置主图字段","","","","data/resources/fitting-replacement/fittings/quick-connect/q20/q20.zh.ts","data/resources/fitting-replacement/fittings/quick-connect/q20/q20.zh.ts 第 960 行","确认该产品数据是否缺少主图字段；补图前暂不发布"
"249","","L","","","Q20","未配置主图字段","","","","data/resources/fitting-replacement/fittings/quick-connect/q20/q20.zh.ts","data/resources/fitting-replacement/fittings/quick-connect/q20/q20.zh.ts 第 845 行","确认该产品数据是否缺少主图字段；补图前暂不发布"
"250","","M","","","Q20","未配置主图字段","","","","data/resources/fitting-replacement/fittings/quick-connect/q20/q20.zh.ts","data/resources/fitting-replacement/fittings/quick-connect/q20/q20.zh.ts 第 730 行","确认该产品数据是否缺少主图字段；补图前暂不发布"
"251","","N","","","Q20","未配置主图字段","","","","data/resources/fitting-replacement/fittings/quick-connect/q20/q20.zh.ts","data/resources/fitting-replacement/fittings/quick-connect/q20/q20.zh.ts 第 753 行 | data/resources/fitting-replacement/fittings/quick-connect/q20/q20.zh.ts 第 914 行","确认该产品数据是否缺少主图字段；补图前暂不发布"
"252","","P","","","Q20","未配置主图字段","","","","data/resources/fitting-replacement/fittings/quick-connect/q20/q20.zh.ts","data/resources/fitting-replacement/fittings/quick-connect/q20/q20.zh.ts 第 684 行","确认该产品数据是否缺少主图字段；补图前暂不发布"
"253","","PP","","","Q20","未配置主图字段","","","","data/resources/fitting-replacement/fittings/quick-connect/q20/q20.zh.ts","data/resources/fitting-replacement/fittings/quick-connect/q20/q20.zh.ts 第 891 行","确认该产品数据是否缺少主图字段；补图前暂不发布"
"254","","Q20","","","Q20","未配置主图字段","","","","data/resources/fitting-replacement/fittings/quick-connect/q20/q20.zh.ts","data/resources/fitting-replacement/fittings/quick-connect/q20/q20.zh.ts 第 546 行","确认该产品数据是否缺少主图字段；补图前暂不发布"
"255","","S","","","Q20","未配置主图字段","","","","data/resources/fitting-replacement/fittings/quick-connect/q20/q20.zh.ts","data/resources/fitting-replacement/fittings/quick-connect/q20/q20.zh.ts 第 707 行 | data/resources/fitting-replacement/fittings/quick-connect/q20/q20.zh.ts 第 822 行","确认该产品数据是否缺少主图字段；补图前暂不发布"
"256","","V","","","Q20","未配置主图字段","","","","data/resources/fitting-replacement/fittings/quick-connect/q20/q20.zh.ts","data/resources/fitting-replacement/fittings/quick-connect/q20/q20.zh.ts 第 776 行","确认该产品数据是否缺少主图字段；补图前暂不发布"
"257","","X","","","Q20","未配置主图字段","","","","data/resources/fitting-replacement/fittings/quick-connect/q20/q20.zh.ts","data/resources/fitting-replacement/fittings/quick-connect/q20/q20.zh.ts 第 799 行","确认该产品数据是否缺少主图字段；补图前暂不发布"
"258","","Код продукции","","","Тип продукции","未配置主图字段","","","","components/selection-cart/SelectionCartProvider.tsx","components/selection-cart/SelectionCartProvider.tsx 第 105 行","确认该产品数据是否缺少主图字段；补图前暂不发布"