"序号","模块","产品编码","产品ID","型号","产品类型","产品系列","图片路径","下架原因","数据文件","行号"
"1","产品中心快插接头","839091","839091","Q2002-PNV-SACF","quick-connect-fittings","Q20","/images/products/FIT/Quick connector_200x200_01_v001.jpg","使用快插通用复用图","data/products/selection/quick-connect-fitting-selection.generated.ts","1233"
"2","产品中心快插接头","839092","839092","Q2002-SNV-SACF","quick-connect-fittings","Q20","/images/products/FIT/Quick connector_200x200_01_v001.jpg","使用快插通用复用图","data/products/selection/quick-connect-fitting-selection.generated.ts","1948"
"3","产品中心快插接头","839097","839097","Q2018T-SNV-SPPE","quick-connect-fittings","Q20","/images/products/FIT/Quick connector_200x200_01_v001.jpg","使用快插通用复用图","data/products/selection/quick-connect-fitting-selection.generated.ts","5028"
"4","产品中心快插接头","839104","839104","Q2018T-SNX-SPPE","quick-connect-fittings","Q20","/images/products/FIT/Quick connector_200x200_01_v001.jpg","使用快插通用复用图","data/products/selection/quick-connect-fitting-selection.generated.ts","5138"
"5","产品中心快插接头","839105","839105","Q2028U-SMV-SPPE","quick-connect-fittings","Q20","/images/products/FIT/Quick connector_200x200_01_v001.jpg","使用快插通用复用图","data/products/selection/quick-connect-fitting-selection.generated.ts","5358"
"6","产品中心快插接头","839106","839106","Q2028U-PNV-SPPE","quick-connect-fittings","Q20","/images/products/FIT/Quick connector_200x200_01_v001.jpg","使用快插通用复用图","data/products/selection/quick-connect-fitting-selection.generated.ts","5248"
"7","产品中心快插接头","839107","839107","Q2028U-SMV-SACN","quick-connect-fittings","Q20","/images/products/FIT/Quick connector_200x200_01_v001.jpg","使用快插通用复用图","data/products/selection/quick-connect-fitting-selection.generated.ts","5303"
"8","产品中心快插接头","839108","839108","Q2028U-PNV-SACN","quick-connect-fittings","Q20","/images/products/FIT/Quick connector_200x200_01_v001.jpg","使用快插通用复用图","data/products/selection/quick-connect-fitting-selection.generated.ts","5193"
"9","产品中心快插接头","839109","839109","Q2018T-SNV-SACN","quick-connect-fittings","Q20","/images/products/FIT/Quick connector_200x200_01_v001.jpg","使用快插通用复用图","data/products/selection/quick-connect-fitting-selection.generated.ts","4973"
"10","产品中心快插接头","839110","839110","Q2018T-SNX-SACN","quick-connect-fittings","Q20","/images/products/FIT/Quick connector_200x200_01_v001.jpg","使用快插通用复用图","data/products/selection/quick-connect-fitting-selection.generated.ts","5083"
"11","产品中心快插接头","849018","849018","Q4004-SNV-SACN","quick-connect-fittings","Q40","/images/products/fittings/quick-connect-fittings/products/q4004-snv-sacn-main.jpg","与 1 个其他产品复用同一张图片","data/products/selection/quick-connect-fitting-selection.generated.ts","6183"
"12","产品中心快插接头","849052","849052","Q4004-SNV-SPPE","quick-connect-fittings","Q40","/images/products/fittings/quick-connect-fittings/products/q4004-snv-sppe-main.jpg","与 1 个其他产品复用同一张图片","data/products/selection/quick-connect-fitting-selection.generated.ts","6238"
"13","产品中心快插接头","869005","869005","Q6012N-SNX-SPPE","quick-connect-fittings","Q60","/images/products/FIT/Quick connector_200x200_01_v001.jpg","使用快插通用复用图","data/products/selection/quick-connect-fitting-selection.generated.ts","10253"
"14","产品中心快插接头","869009","869009","Q6006-PNX-SPPE","quick-connect-fittings","Q60","/images/products/FIT/Quick connector_200x200_01_v001.jpg","使用快插通用复用图","data/products/selection/quick-connect-fitting-selection.generated.ts","8768"
"15","产品中心快插接头","869025","869025","Q6012N-SNV-SPPE","quick-connect-fittings","Q60","/images/products/FIT/Quick connector_200x200_01_v001.jpg","使用快插通用复用图","data/products/selection/quick-connect-fitting-selection.generated.ts","10198"
"16","产品中心快插接头","869029","869029","Q6006-PNV-SPPE","quick-connect-fittings","Q60","/images/products/FIT/Quick connector_200x200_01_v001.jpg","使用快插通用复用图","data/products/selection/quick-connect-fitting-selection.generated.ts","8658"
"17","接头替代查询","126007","","CV-BV-32-PP-N","单向阀","CV","/images/resources/selection-support/fitting-replacement/compatible-model-placeholder.svg","使用占位图或公司 Logo","data/resources/fitting-replacement/all-compatible-products.generated.ts","14"
"18","接头替代查询","126007","","CV-BV-32-PP-N","单向阀","CV","","未配置图片","data/resources/fitting-replacement/compatible-models.generated.ts","35"
"19","接头替代查询","126009","","CV-BV-48-PP-N","单向阀","CV","/images/resources/selection-support/fitting-replacement/compatible-model-placeholder.svg","使用占位图或公司 Logo","data/resources/fitting-replacement/all-compatible-products.generated.ts","29"
"20","接头替代查询","126009","","CV-BV-48-PP-N","单向阀","CV","","未配置图片","data/resources/fitting-replacement/compatible-models.generated.ts","58"
"21","接头替代查询","126011","","CV-BV-64-PP-N","单向阀","CV","/images/resources/selection-support/fitting-replacement/compatible-model-placeholder.svg","使用占位图或公司 Logo","data/resources/fitting-replacement/all-compatible-products.generated.ts","44"
"22","接头替代查询","126011","","CV-BV-64-PP-N","单向阀","CV","","未配置图片","data/resources/fitting-replacement/compatible-models.generated.ts","81"
"23","接头替代查询","136003","","G-178-64-PA-V","过滤器","G","","未配置图片","data/resources/fitting-replacement/compatible-models.generated.ts","204"
"24","接头替代查询","136004","","G-178-48-PA-V","过滤器","G","","未配置图片","data/resources/fitting-replacement/compatible-models.generated.ts","181"
"25","接头替代查询","136005","","G-178-32-PA-V","过滤器","G","","未配置图片","data/resources/fitting-replacement/compatible-models.generated.ts","158"
"26","接头替代查询","809030","","HFL-U28-16-PV-N","旧版标滚平底接头","FIT+H","","未配置图片","data/resources/fitting-replacement/compatible-models.generated.ts","342"
"27","接头替代查询","809035","","HFL-U28-32-PV-N","旧版标滚平底接头","FIT+H","","未配置图片","data/resources/fitting-replacement/compatible-models.generated.ts","434"
"28","接头替代查询","809040","","HFL-U28-20-PV-N","旧版标滚平底接头","FIT+H","","未配置图片","data/resources/fitting-replacement/compatible-models.generated.ts","365"
"29","接头替代查询","809047","","HFL-U28-30-PV-N","旧版标滚平底接头","FIT+H","","未配置图片","data/resources/fitting-replacement/compatible-models.generated.ts","411"
"30","接头替代查询","809052","","HFL-U28-25-PV-N","旧版标滚平底接头","FIT+H","","未配置图片","data/resources/fitting-replacement/compatible-models.generated.ts","388"
"31","接头替代查询","809057","","HFL6-U28-16-PS-B","旧版紧凑平底接头","FIT+H","","未配置图片","data/resources/fitting-replacement/compatible-models.generated.ts","657"
"32","接头替代查询","809058","","HFL6-M6-16-PS-B","旧版紧凑平底接头","FIT+H","","未配置图片","data/resources/fitting-replacement/compatible-models.generated.ts","565"
"33","接头替代查询","809077","","HFL6-U28-20-PS-B","旧版紧凑平底接头","FIT+H","","未配置图片","data/resources/fitting-replacement/compatible-models.generated.ts","703"
"34","接头替代查询","809078","","HFL6-M6-20-PS-B","旧版紧凑平底接头","FIT+H","","未配置图片","data/resources/fitting-replacement/compatible-models.generated.ts","588"
"35","接头替代查询","809087","","HFL6-U28-30-PS-B","旧版紧凑平底接头","FIT+H","","未配置图片","data/resources/fitting-replacement/compatible-models.generated.ts","749"
"36","接头替代查询","809088","","HFL6-M6-30-PS-B","旧版紧凑平底接头","FIT+H","","未配置图片","data/resources/fitting-replacement/compatible-models.generated.ts","634"
"37","接头替代查询","809097","","HFL6-U28-25-PS-B","旧版紧凑平底接头","FIT+H","","未配置图片","data/resources/fitting-replacement/compatible-models.generated.ts","726"
"38","接头替代查询","809098","","HFL6-M6-25-PS-B","旧版紧凑平底接头","FIT+H","","未配置图片","data/resources/fitting-replacement/compatible-models.generated.ts","611"
"39","接头替代查询","809127","","HNF6-U28-16-PS-B","旧版紧凑卡箍接头","FIT+H","","未配置图片","data/resources/fitting-replacement/compatible-models.generated.ts","503"
"40","接头替代查询","809128","","HNF6-M6-16-PS-B","旧版紧凑卡箍接头","FIT+H","","未配置图片","data/resources/fitting-replacement/compatible-models.generated.ts","457"
"41","接头替代查询","809137","","HNF6-U28-32-PS-B","旧版紧凑卡箍接头","FIT+H","","未配置图片","data/resources/fitting-replacement/compatible-models.generated.ts","534"
"42","接头替代查询","809138","","HNF6-M6-32-PS-B","旧版紧凑卡箍接头","FIT+H","","未配置图片","data/resources/fitting-replacement/compatible-models.generated.ts","480"
"43","接头替代查询","809201","","CL-0-16-ET-N","卡箍","FIT+CL","/images/resources/selection-support/fitting-replacement/compatible-model-placeholder.svg","使用占位图或公司 Logo","data/resources/fitting-replacement/all-compatible-products.generated.ts","482"
"44","接头替代查询","809201","","CL-0-16-ET-N","卡箍","FIT+CL","","未配置图片","data/resources/fitting-replacement/compatible-models.generated.ts","772"
"45","接头替代查询","809203","","CL-0-32-ET-N","卡箍","FIT+CL","/images/resources/selection-support/fitting-replacement/compatible-model-placeholder.svg","使用占位图或公司 Logo","data/resources/fitting-replacement/all-compatible-products.generated.ts","543"
"46","接头替代查询","809203","","CL-0-32-ET-N","卡箍","FIT+CL","","未配置图片","data/resources/fitting-replacement/compatible-models.generated.ts","893"
"47","接头替代查询","809205","","CL-0-20-ET-N","卡箍","FIT+CL","/images/resources/selection-support/fitting-replacement/compatible-model-placeholder.svg","使用占位图或公司 Logo","data/resources/fitting-replacement/all-compatible-products.generated.ts","497"
"48","接头替代查询","809205","","CL-0-20-ET-N","卡箍","FIT+CL","","未配置图片","data/resources/fitting-replacement/compatible-models.generated.ts","802"
"49","接头替代查询","809207","","CL-0-25-ET-N","卡箍","FIT+CL","/images/resources/selection-support/fitting-replacement/compatible-model-placeholder.svg","使用占位图或公司 Logo","data/resources/fitting-replacement/all-compatible-products.generated.ts","513"
"50","接头替代查询","809207","","CL-0-25-ET-N","卡箍","FIT+CL","","未配置图片","data/resources/fitting-replacement/compatible-models.generated.ts","833"
"51","接头替代查询","809209","","CL-0-30-ET-N","卡箍","FIT+CL","/images/resources/selection-support/fitting-replacement/compatible-model-placeholder.svg","使用占位图或公司 Logo","data/resources/fitting-replacement/all-compatible-products.generated.ts","528"
"52","接头替代查询","809209","","CL-0-30-ET-N","卡箍","FIT+CL","","未配置图片","data/resources/fitting-replacement/compatible-models.generated.ts","863"
"53","接头替代查询","809391","","HFL-U28-16-PV-B","旧版标滚平底接头","FIT+H","","未配置图片","data/resources/fitting-replacement/compatible-models.generated.ts","319"
"54","接头替代查询","809421","","HFL-M6-16-PV-B","旧版标滚平底接头","FIT+H","","未配置图片","data/resources/fitting-replacement/compatible-models.generated.ts","273"
"55","接头替代查询","809423","","HFL-M6-32-PV-B","旧版标滚平底接头","FIT+H","","未配置图片","data/resources/fitting-replacement/compatible-models.generated.ts","296"
"56","接头替代查询","809550","","HFL6-U28-16-PS-U","旧版紧凑平底接头","FIT+H","","未配置图片","data/resources/fitting-replacement/compatible-models.generated.ts","680"
"57","接头替代查询","809653","","CL-1X-16","卡环套件","FIT+CL","/images/resources/selection-support/fitting-replacement/compatible-model-placeholder.svg","使用占位图或公司 Logo","data/resources/fitting-replacement/all-compatible-products.generated.ts","825"
"58","接头替代查询","809653","","CL-1X-16","卡环套件","FIT+CL","","未配置图片","data/resources/fitting-replacement/compatible-models.generated.ts","1424"
"59","接头替代查询","809654","","CL-1-16","卡环套件","FIT+CL","/images/resources/selection-support/fitting-replacement/compatible-model-placeholder.svg","使用占位图或公司 Logo","data/resources/fitting-replacement/all-compatible-products.generated.ts","727"
"60","接头替代查询","809654","","CL-1-16","卡环套件","FIT+CL","","未配置图片","data/resources/fitting-replacement/compatible-models.generated.ts","1208"
"61","接头替代查询","809661","","PNC6-U32-16-PK-N","高压接头","FIT+HP","","未配置图片","data/resources/fitting-replacement/compatible-models.generated.ts","127"
"62","接头替代查询","809726","","HN-U28-16-PK-N","新版标滚卡箍接头","FIT+H","","未配置图片","data/resources/fitting-replacement/compatible-models.generated.ts","6821"
"63","接头替代查询","809727","","HN-U28-32-PK-N","新版标滚卡箍接头","FIT+H","","未配置图片","data/resources/fitting-replacement/compatible-models.generated.ts","6844"
"64","接头替代查询","809728","","HN-M6-16-PK-N","新版标滚卡箍接头","FIT+H","","未配置图片","data/resources/fitting-replacement/compatible-models.generated.ts","6775"
"65","接头替代查询","809729","","HN-M6-32-PK-N","新版标滚卡箍接头","FIT+H","","未配置图片","data/resources/fitting-replacement/compatible-models.generated.ts","6798"
"66","接头替代查询","809730","","HN6-U28-16-PK-N","新版紧凑卡箍接头","FIT+H","","未配置图片","data/resources/fitting-replacement/compatible-models.generated.ts","6913"
"67","接头替代查询","809731","","CL-0X-16-ET-N","卡箍","FIT+CL","/images/resources/selection-support/fitting-replacement/compatible-model-placeholder.svg","使用占位图或公司 Logo","data/resources/fitting-replacement/all-compatible-products.generated.ts","558"
"68","接头替代查询","809731","","CL-0X-16-ET-N","卡箍","FIT+CL","","未配置图片","data/resources/fitting-replacement/compatible-models.generated.ts","923"
"69","接头替代查询","809732","","HN6-M6-16-PK-N","新版紧凑卡箍接头","FIT+H","","未配置图片","data/resources/fitting-replacement/compatible-models.generated.ts","6867"
"70","接头替代查询","809733","","HN6-M6-32-PK-N","新版紧凑卡箍接头","FIT+H","","未配置图片","data/resources/fitting-replacement/compatible-models.generated.ts","6890"
"71","接头替代查询","809734","","CL-0X-20-ET-N","卡箍","FIT+CL","/images/resources/selection-support/fitting-replacement/compatible-model-placeholder.svg","使用占位图或公司 Logo","data/resources/fitting-replacement/all-compatible-products.generated.ts","573"
"72","接头替代查询","809734","","CL-0X-20-ET-N","卡箍","FIT+CL","","未配置图片","data/resources/fitting-replacement/compatible-models.generated.ts","946"
"73","接头替代查询","809735","","CL-0X-25-ET-N","卡箍","FIT+CL","/images/resources/selection-support/fitting-replacement/compatible-model-placeholder.svg","使用占位图或公司 Logo","data/resources/fitting-replacement/all-compatible-products.generated.ts","589"
"74","接头替代查询","809735","","CL-0X-25-ET-N","卡箍","FIT+CL","","未配置图片","data/resources/fitting-replacement/compatible-models.generated.ts","977"
"75","接头替代查询","809736","","CL-0X-30-ET-N","卡箍","FIT+CL","/images/resources/selection-support/fitting-replacement/compatible-model-placeholder.svg","使用占位图或公司 Logo","data/resources/fitting-replacement/all-compatible-products.generated.ts","605"
"76","接头替代查询","809736","","CL-0X-30-ET-N","卡箍","FIT+CL","","未配置图片","data/resources/fitting-replacement/compatible-models.generated.ts","1008"
"77","接头替代查询","809753","","HF6-U28-20-PS-B","新版紧凑平底接头","FIT+H","","未配置图片","data/resources/fitting-replacement/compatible-models.generated.ts","6959"
"78","接头替代查询","809755","","HF6-U28-25-PS-B","新版紧凑平底接头","FIT+H","","未配置图片","data/resources/fitting-replacement/compatible-models.generated.ts","6982"
"79","接头替代查询","809757","","HF6-U28-32-PS-B","新版紧凑平底接头","FIT+H","","未配置图片","data/resources/fitting-replacement/compatible-models.generated.ts","7005"
"80","接头替代查询","809780","","CL-0X-32-ET-N","卡箍","FIT+CL","/images/resources/selection-support/fitting-replacement/compatible-model-placeholder.svg","使用占位图或公司 Logo","data/resources/fitting-replacement/all-compatible-products.generated.ts","621"
"81","接头替代查询","809780","","CL-0X-32-ET-N","卡箍","FIT+CL","","未配置图片","data/resources/fitting-replacement/compatible-models.generated.ts","1039"
"82","接头替代查询","809791","","PNC-U32-16-PK-N","高压接头","FIT+HP","","未配置图片","data/resources/fitting-replacement/compatible-models.generated.ts","104"
"83","接头替代查询","809801","","CL-1S-16","卡环套件","FIT+CL","/images/resources/selection-support/fitting-replacement/compatible-model-placeholder.svg","使用占位图或公司 Logo","data/resources/fitting-replacement/all-compatible-products.generated.ts","743"
"84","接头替代查询","809801","","CL-1S-16","卡环套件","FIT+CL","","未配置图片","data/resources/fitting-replacement/compatible-models.generated.ts","1239"
"85","接头替代查询","809802","","CL-1S-20","卡环套件","FIT+CL","/images/resources/selection-support/fitting-replacement/compatible-model-placeholder.svg","使用占位图或公司 Logo","data/resources/fitting-replacement/all-compatible-products.generated.ts","760"
"86","接头替代查询","809802","","CL-1S-20","卡环套件","FIT+CL","","未配置图片","data/resources/fitting-replacement/compatible-models.generated.ts","1285"
"87","接头替代查询","809803","","CL-1S-25","卡环套件","FIT+CL","/images/resources/selection-support/fitting-replacement/compatible-model-placeholder.svg","使用占位图或公司 Logo","data/resources/fitting-replacement/all-compatible-products.generated.ts","776"
"88","接头替代查询","809803","","CL-1S-25","卡环套件","FIT+CL","","未配置图片","data/resources/fitting-replacement/compatible-models.generated.ts","1316"
"89","接头替代查询","809804","","CL-1S-30","卡环套件","FIT+CL","/images/resources/selection-support/fitting-replacement/compatible-model-placeholder.svg","使用占位图或公司 Logo","data/resources/fitting-replacement/all-compatible-products.generated.ts","792"
"90","接头替代查询","809804","","CL-1S-30","卡环套件","FIT+CL","","未配置图片","data/resources/fitting-replacement/compatible-models.generated.ts","1347"
"91","接头替代查询","809805","","CL-1S-32","卡环套件","FIT+CL","/images/resources/selection-support/fitting-replacement/compatible-model-placeholder.svg","使用占位图或公司 Logo","data/resources/fitting-replacement/all-compatible-products.generated.ts","808"
"92","接头替代查询","809805","","CL-1S-32","卡环套件","FIT+CL","","未配置图片","data/resources/fitting-replacement/compatible-models.generated.ts","1378"
"93","接头替代查询","809814","","HSF6-U28-16-PS-B","卡环接头","FIT+H","/images/resources/selection-support/fitting-replacement/compatible-model-placeholder.svg","使用占位图或公司 Logo","data/resources/fitting-replacement/all-compatible-products.generated.ts","667"
"94","接头替代查询","809814","","HSF6-U28-16-PS-B","卡环接头","FIT+H","","未配置图片","data/resources/fitting-replacement/compatible-models.generated.ts","1116"
"95","接头替代查询","809815","","HSF6-U28-32-PS-B","卡环接头","FIT+H","/images/resources/selection-support/fitting-replacement/compatible-model-placeholder.svg","使用占位图或公司 Logo","data/resources/fitting-replacement/all-compatible-products.generated.ts","697"
"96","接头替代查询","809815","","HSF6-U28-32-PS-B","卡环接头","FIT+H","","未配置图片","data/resources/fitting-replacement/compatible-models.generated.ts","1162"
"97","接头替代查询","809828","","HSF6-U28-32-PK-N","卡环接头","FIT+H","/images/resources/selection-support/fitting-replacement/compatible-model-placeholder.svg","使用占位图或公司 Logo","data/resources/fitting-replacement/all-compatible-products.generated.ts","682"
"98","接头替代查询","809828","","HSF6-U28-32-PK-N","卡环接头","FIT+H","","未配置图片","data/resources/fitting-replacement/compatible-models.generated.ts","1139"
"99","接头替代查询","809861","","HSF-U28-32-PEEK-N","卡环接头","FIT+H","/images/resources/selection-support/fitting-replacement/compatible-model-placeholder.svg","使用占位图或公司 Logo","data/resources/fitting-replacement/all-compatible-products.generated.ts","652"
"100","接头替代查询","809861","","HSF-U28-32-PEEK-N","卡环接头","FIT+H","","未配置图片","data/resources/fitting-replacement/compatible-models.generated.ts","1093"
"101","接头替代查询","809922","","紧凑六方卡箍接头HNE6-U28-32-PS-B","环保接头","FIT+H","/images/resources/selection-support/fitting-replacement/compatible-model-placeholder.svg","使用占位图或公司 Logo","data/resources/fitting-replacement/all-compatible-products.generated.ts","150"
"102","接头替代查询","809922","","紧凑六方卡箍接头HNE6-U28-32-PS-B","环保接头","FIT+H","","未配置图片","data/resources/fitting-replacement/compatible-models.generated.ts","250"
"103","接头替代查询","809923","","HN6-U28-32-PK-B","新版紧凑卡箍接头","FIT+H","","未配置图片","data/resources/fitting-replacement/compatible-models.generated.ts","6936"
"104","接头替代查询","809927","","标滚卡箍接头HNE-U28-32-PP-N","环保接头","FIT+H","/images/resources/selection-support/fitting-replacement/compatible-model-placeholder.svg","使用占位图或公司 Logo","data/resources/fitting-replacement/all-compatible-products.generated.ts","135"
"105","接头替代查询","809927","","标滚卡箍接头HNE-U28-32-PP-N","环保接头","FIT+H","","未配置图片","data/resources/fitting-replacement/compatible-models.generated.ts","227"
"106","接头替代查询","809937","","HSF-U28-16-PK-N","卡环接头","FIT+H","/images/resources/selection-support/fitting-replacement/compatible-model-placeholder.svg","使用占位图或公司 Logo","data/resources/fitting-replacement/all-compatible-products.generated.ts","637"
"107","接头替代查询","809937","","HSF-U28-16-PK-N","卡环接头","FIT+H","","未配置图片","data/resources/fitting-replacement/compatible-models.generated.ts","1070"
"108","接头替代查询","809945","","紧凑卡环接头HSF6-U28-16-PK-N","卡环接头","FIT+H","/images/resources/selection-support/fitting-replacement/compatible-model-placeholder.svg","使用占位图或公司 Logo","data/resources/fitting-replacement/all-compatible-products.generated.ts","712"
"109","接头替代查询","809945","","紧凑卡环接头HSF6-U28-16-PK-N","卡环接头","FIT+H","","未配置图片","data/resources/fitting-replacement/compatible-models.generated.ts","1185"
"110","接头替代查询","839001","","Q2001-SNX-SACN","快插接头","Q20","","未配置图片","data/resources/fitting-replacement/compatible-models.generated.ts","1873"
"111","接头替代查询","839002","","Q2002-SNX-SACN","快插接头","Q20","","未配置图片","data/resources/fitting-replacement/compatible-models.generated.ts","2531"
"112","接头替代查询","839003","","Q2003-SNX-SACN","快插接头","Q20","","未配置图片","data/resources/fitting-replacement/compatible-models.generated.ts","3003"
"113","接头替代查询","839004","","Q2004-SNX-SACN","快插接头","Q20","","未配置图片","data/resources/fitting-replacement/compatible-models.generated.ts","3661"
"114","接头替代查询","839005","","Q2002-SNX-LACN","快插接头","Q20","","未配置图片","data/resources/fitting-replacement/compatible-models.generated.ts","2508"
"115","接头替代查询","839006","","Q2004-SNX-LACN","快插接头","Q20","","未配置图片","data/resources/fitting-replacement/compatible-models.generated.ts","3638"
"116","接头替代查询","839008","","Q2001-SMX-SACN","快插接头","Q20","","未配置图片","data/resources/fitting-replacement/compatible-models.generated.ts","1749"
"117","接头替代查询","839009","","Q2002-SMX-SACN","快插接头","Q20","","未配置图片","data/resources/fitting-replacement/compatible-models.generated.ts","2361"
"118","接头替代查询","839010","","Q2003-SMX-SACN","快插接头","Q20","","未配置图片","data/resources/fitting-replacement/compatible-models.generated.ts","2887"
"119","接头替代查询","839011","","Q2004-SMX-SACN","快插接头","Q20","","未配置图片","data/resources/fitting-replacement/compatible-models.generated.ts","3491"
"120","接头替代查询","839012","","Q2001-PNX-SACN","快插接头","Q20","","未配置图片","data/resources/fitting-replacement/compatible-models.generated.ts","1625"
"121","接头替代查询","839013","","Q2002-PNX-SACN","快插接头","Q20","","未配置图片","data/resources/fitting-replacement/compatible-models.generated.ts","2237"
"122","接头替代查询","839014","","Q2003-PNX-SACN","快插接头","Q20","","未配置图片","data/resources/fitting-replacement/compatible-models.generated.ts","2771"
"123","接头替代查询","839015","","Q2004-PNX-SACN","快插接头","Q20","","未配置图片","data/resources/fitting-replacement/compatible-models.generated.ts","3367"
"124","接头替代查询","839016","","Q2002-PNX-LACN","快插接头","Q20","","未配置图片","data/resources/fitting-replacement/compatible-models.generated.ts","2175"
"125","接头替代查询","839017","","Q2004-PNX-LACN","快插接头","Q20","","未配置图片","data/resources/fitting-replacement/compatible-models.generated.ts","3305"
"126","接头替代查询","839018","","Q2018N-PNX-SACN","快插接头","Q20","","未配置图片","data/resources/fitting-replacement/compatible-models.generated.ts","3785"
"127","接头替代查询","839019","","Q2001-PMX-SACN","快插接头","Q20","","未配置图片","data/resources/fitting-replacement/compatible-models.generated.ts","1501"
"128","接头替代查询","839020","","Q2002-PMX-SACN","快插接头","Q20","","未配置图片","data/resources/fitting-replacement/compatible-models.generated.ts","1989"
"129","接头替代查询","839021","","Q2003-PMX-SACN","快插接头","Q20","","未配置图片","data/resources/fitting-replacement/compatible-models.generated.ts","2647"
"130","接头替代查询","839022","","Q2004-PMX-SACN","快插接头","Q20","","未配置图片","data/resources/fitting-replacement/compatible-models.generated.ts","3119"
"131","接头替代查询","839023","","Q2001-SNV-SACN","快插接头","Q20","","未配置图片","data/resources/fitting-replacement/compatible-models.generated.ts","1811"
"132","接头替代查询","839024","","Q2002-SNV-SACN","快插接头","Q20","","未配置图片","data/resources/fitting-replacement/compatible-models.generated.ts","2446"
"133","接头替代查询","839025","","Q2003-SNV-SACN","快插接头","Q20","","未配置图片","data/resources/fitting-replacement/compatible-models.generated.ts","2941"
"134","接头替代查询","839026","","Q2004-SNV-SACN","快插接头","Q20","","未配置图片","data/resources/fitting-replacement/compatible-models.generated.ts","3576"
"135","接头替代查询","839027","","Q2002-SNV-LACN","快插接头","Q20","","未配置图片","data/resources/fitting-replacement/compatible-models.generated.ts","2423"
"136","接头替代查询","839028","","Q2004-SNV-LACN","快插接头","Q20","","未配置图片","data/resources/fitting-replacement/compatible-models.generated.ts","3553"
"137","接头替代查询","839030","","Q2001-SMV-SACN","快插接头","Q20","","未配置图片","data/resources/fitting-replacement/compatible-models.generated.ts","1687"
"138","接头替代查询","839031","","Q2002-SMV-SACN","快插接头","Q20","","未配置图片","data/resources/fitting-replacement/compatible-models.generated.ts","2299"
"139","接头替代查询","839032","","Q2003-SMV-SACN","快插接头","Q20","","未配置图片","data/resources/fitting-replacement/compatible-models.generated.ts","2833"
"140","接头替代查询","839033","","Q2004-SMV-SACN","快插接头","Q20","","未配置图片","data/resources/fitting-replacement/compatible-models.generated.ts","3429"
"141","接头替代查询","839034","","Q2001-PNV-SACN","快插接头","Q20","","未配置图片","data/resources/fitting-replacement/compatible-models.generated.ts","1563"
"142","接头替代查询","839035","","Q2002-PNV-SACN","快插接头","Q20","","未配置图片","data/resources/fitting-replacement/compatible-models.generated.ts","2113"
"143","接头替代查询","839036","","Q2003-PNV-SACN","快插接头","Q20","/images/products/FIT/Quick connector_200x200_01_v001.jpg","使用快插通用复用图","data/resources/fitting-replacement/all-compatible-products.generated.ts","1507"
"144","接头替代查询","839036","","Q2003-PNV-SACN","快插接头","Q20","","未配置图片","data/resources/fitting-replacement/compatible-models.generated.ts","2709"
"145","接头替代查询","839037","","Q2004-PNV-SACN","快插接头","Q20","","未配置图片","data/resources/fitting-replacement/compatible-models.generated.ts","3243"
"146","接头替代查询","839038","","Q2002-PNV-LACN","快插接头","Q20","","未配置图片","data/resources/fitting-replacement/compatible-models.generated.ts","2051"
"147","接头替代查询","839039","","Q2004-PNV-LACN","快插接头","Q20","","未配置图片","data/resources/fitting-replacement/compatible-models.generated.ts","3181"
"148","接头替代查询","839040","","Q2018N-PNV-SACN","快插接头","Q20","","未配置图片","data/resources/fitting-replacement/compatible-models.generated.ts","3723"
"149","接头替代查询","839041","","Q2001-PMV-SACN","快插接头","Q20","","未配置图片","data/resources/fitting-replacement/compatible-models.generated.ts","1447"
"150","接头替代查询","839042","","Q2002-PMV-SACN","快插接头","Q20","","未配置图片","data/resources/fitting-replacement/compatible-models.generated.ts","1935"
"151","接头替代查询","839043","","Q2003-PMV-SACN","快插接头","Q20","","未配置图片","data/resources/fitting-replacement/compatible-models.generated.ts","2593"
"152","接头替代查询","839044","","Q2004-PMV-SACN","快插接头","Q20","","未配置图片","data/resources/fitting-replacement/compatible-models.generated.ts","3065"
"153","接头替代查询","839045","","Q2001-SNX-SPPE","快插接头","Q20","","未配置图片","data/resources/fitting-replacement/compatible-models.generated.ts","1904"
"154","接头替代查询","839046","","Q2002-SNX-SPPE","快插接头","Q20","","未配置图片","data/resources/fitting-replacement/compatible-models.generated.ts","2562"
"155","接头替代查询","839047","","Q2003-SNX-SPPE","快插接头","Q20","","未配置图片","data/resources/fitting-replacement/compatible-models.generated.ts","3034"
"156","接头替代查询","839048","","Q2004-SNX-SPPE","快插接头","Q20","","未配置图片","data/resources/fitting-replacement/compatible-models.generated.ts","3692"
"157","接头替代查询","839052","","Q2001-SMX-SPPE","快插接头","Q20","","未配置图片","data/resources/fitting-replacement/compatible-models.generated.ts","1780"
"158","接头替代查询","839053","","Q2002-SMX-SPPE","快插接头","Q20","","未配置图片","data/resources/fitting-replacement/compatible-models.generated.ts","2392"
"159","接头替代查询","839054","","Q2003-SMX-SPPE","快插接头","Q20","","未配置图片","data/resources/fitting-replacement/compatible-models.generated.ts","2918"
"160","接头替代查询","839055","","Q2004-SMX-SPPE","快插接头","Q20","","未配置图片","data/resources/fitting-replacement/compatible-models.generated.ts","3522"
"161","接头替代查询","839056","","Q2001-PNX-SPPE","快插接头","Q20","","未配置图片","data/resources/fitting-replacement/compatible-models.generated.ts","1656"
"162","接头替代查询","839057","","Q2002-PNX-SPPE","快插接头","Q20","","未配置图片","data/resources/fitting-replacement/compatible-models.generated.ts","2268"
"163","接头替代查询","839058","","Q2003-PNX-SPPE","快插接头","Q20","","未配置图片","data/resources/fitting-replacement/compatible-models.generated.ts","2802"
"164","接头替代查询","839059","","Q2004-PNX-SPPE","快插接头","Q20","","未配置图片","data/resources/fitting-replacement/compatible-models.generated.ts","3398"
"165","接头替代查询","839060","","Q2002-PNX-LPPE","快插接头","Q20","","未配置图片","data/resources/fitting-replacement/compatible-models.generated.ts","2206"
"166","接头替代查询","839061","","Q2004-PNX-LPPE","快插接头","Q20","","未配置图片","data/resources/fitting-replacement/compatible-models.generated.ts","3336"
"167","接头替代查询","839062","","Q2018N-PNX-SPPE","快插接头","Q20","","未配置图片","data/resources/fitting-replacement/compatible-models.generated.ts","3816"
"168","接头替代查询","839063","","Q2001-PMX-SPPE","快插接头","Q20","","未配置图片","data/resources/fitting-replacement/compatible-models.generated.ts","1532"
"169","接头替代查询","839064","","Q2002-PMX-SPPE","快插接头","Q20","","未配置图片","data/resources/fitting-replacement/compatible-models.generated.ts","2020"
"170","接头替代查询","839065","","Q2003-PMX-SPPE","快插接头","Q20","","未配置图片","data/resources/fitting-replacement/compatible-models.generated.ts","2678"
"171","接头替代查询","839066","","Q2004-PMX-SPPE","快插接头","Q20","","未配置图片","data/resources/fitting-replacement/compatible-models.generated.ts","3150"
"172","接头替代查询","839067","","Q2001-SNV-SPPE","快插接头","Q20","","未配置图片","data/resources/fitting-replacement/compatible-models.generated.ts","1842"
"173","接头替代查询","839068","","Q2002-SNV-SPPE","快插接头","Q20","","未配置图片","data/resources/fitting-replacement/compatible-models.generated.ts","2477"
"174","接头替代查询","839069","","Q2003-SNV-SPPE","快插接头","Q20","","未配置图片","data/resources/fitting-replacement/compatible-models.generated.ts","2972"
"175","接头替代查询","839070","","Q2004-SNV-SPPE","快插接头","Q20","","未配置图片","data/resources/fitting-replacement/compatible-models.generated.ts","3607"
"176","接头替代查询","839074","","Q2001-SMV-SPPE","快插接头","Q20","","未配置图片","data/resources/fitting-replacement/compatible-models.generated.ts","1718"
"177","接头替代查询","839075","","Q2002-SMV-SPPE","快插接头","Q20","","未配置图片","data/resources/fitting-replacement/compatible-models.generated.ts","2330"
"178","接头替代查询","839076","","Q2003-SMV-SPPE","快插接头","Q20","","未配置图片","data/resources/fitting-replacement/compatible-models.generated.ts","2864"
"179","接头替代查询","839077","","Q2004-SMV-SPPE","快插接头","Q20","","未配置图片","data/resources/fitting-replacement/compatible-models.generated.ts","3460"
"180","接头替代查询","839078","","Q2001-PNV-SPPE","快插接头","Q20","","未配置图片","data/resources/fitting-replacement/compatible-models.generated.ts","1594"
"181","接头替代查询","839079","","Q2002-PNV-SPPE","快插接头","Q20","","未配置图片","data/resources/fitting-replacement/compatible-models.generated.ts","2144"
"182","接头替代查询","839080","","Q2003-PNV-SPPE","快插接头","Q20","","未配置图片","data/resources/fitting-replacement/compatible-models.generated.ts","2740"
"183","接头替代查询","839081","","Q2004-PNV-SPPE","快插接头","Q20","","未配置图片","data/resources/fitting-replacement/compatible-models.generated.ts","3274"
"184","接头替代查询","839082","","Q2002-PNV-LPPE","快插接头","Q20","","未配置图片","data/resources/fitting-replacement/compatible-models.generated.ts","2082"
"185","接头替代查询","839083","","Q2004-PNV-LPPE","快插接头","Q20","","未配置图片","data/resources/fitting-replacement/compatible-models.generated.ts","3212"
"186","接头替代查询","839084","","Q2018N-PNV-SPPE","快插接头","Q20","","未配置图片","data/resources/fitting-replacement/compatible-models.generated.ts","3754"
"187","接头替代查询","839085","","Q2001-PMV-SPPE","快插接头","Q20","","未配置图片","data/resources/fitting-replacement/compatible-models.generated.ts","1478"
"188","接头替代查询","839086","","Q2002-PMV-SPPE","快插接头","Q20","","未配置图片","data/resources/fitting-replacement/compatible-models.generated.ts","1966"
"189","接头替代查询","839087","","Q2003-PMV-SPPE","快插接头","Q20","","未配置图片","data/resources/fitting-replacement/compatible-models.generated.ts","2624"
"190","接头替代查询","839088","","Q2004-PMV-SPPE","快插接头","Q20","","未配置图片","data/resources/fitting-replacement/compatible-models.generated.ts","3096"
"191","接头替代查询","839097","","Q2018T-SNV-SPPE","快插接头","Q20","/images/products/FIT/Quick connector_200x200_01_v001.jpg","使用快插通用复用图","data/resources/fitting-replacement/all-compatible-products.generated.ts","2126"
"192","接头替代查询","839097","","Q2018T-SNV-SPPE","快插接头","Q20","","未配置图片","data/resources/fitting-replacement/compatible-models.generated.ts","3878"
"193","接头替代查询","839104","","Q2018T-SNX-SPPE","快插接头","Q20","/images/products/FIT/Quick connector_200x200_01_v001.jpg","使用快插通用复用图","data/resources/fitting-replacement/all-compatible-products.generated.ts","2158"
"194","接头替代查询","839104","","Q2018T-SNX-SPPE","快插接头","Q20","","未配置图片","data/resources/fitting-replacement/compatible-models.generated.ts","3940"
"195","接头替代查询","839109","","Q2018T-SNV-SACN","快插接头","Q20","/images/products/FIT/Quick connector_200x200_01_v001.jpg","使用快插通用复用图","data/resources/fitting-replacement/all-compatible-products.generated.ts","2110"
"196","接头替代查询","839109","","Q2018T-SNV-SACN","快插接头","Q20","","未配置图片","data/resources/fitting-replacement/compatible-models.generated.ts","3847"
"197","接头替代查询","839110","","Q2018T-SNX-SACN","快插接头","Q20","/images/products/FIT/Quick connector_200x200_01_v001.jpg","使用快插通用复用图","data/resources/fitting-replacement/all-compatible-products.generated.ts","2142"
"198","接头替代查询","839110","","Q2018T-SNX-SACN","快插接头","Q20","","未配置图片","data/resources/fitting-replacement/compatible-models.generated.ts","3909"
"199","接头替代查询","849001","","Q4004-SNX-SACN","快插接头","Q40","/images/products/FIT/Quick connector_200x200_01_v001.jpg","使用快插通用复用图","data/resources/fitting-replacement/all-compatible-products.generated.ts","2430"
"200","接头替代查询","849001","","Q4004-SNX-SACN","快插接头","Q40","","未配置图片","data/resources/fitting-replacement/compatible-models.generated.ts","4467"
"201","接头替代查询","849002","","Q4005-SNX-SACN","快插接头","Q40","/images/products/FIT/Quick connector_200x200_01_v001.jpg","使用快插通用复用图","data/resources/fitting-replacement/all-compatible-products.generated.ts","2684"
"202","接头替代查询","849002","","Q4005-SNX-SACN","快插接头","Q40","","未配置图片","data/resources/fitting-replacement/compatible-models.generated.ts","4947"
"203","接头替代查询","849003","","Q4006-SNX-SACN","快插接头","Q40","/images/products/FIT/Quick connector_200x200_01_v001.jpg","使用快插通用复用图","data/resources/fitting-replacement/all-compatible-products.generated.ts","2972"
"204","接头替代查询","849003","","Q4006-SNX-SACN","快插接头","Q40","","未配置图片","data/resources/fitting-replacement/compatible-models.generated.ts","5505"
"205","接头替代查询","849006","","Q4014N-SNX-SACN","快插接头","Q40","/images/products/FIT/Quick connector_200x200_01_v001.jpg","使用快插通用复用图","data/resources/fitting-replacement/all-compatible-products.generated.ts","3068"
"206","接头替代查询","849006","","Q4014N-SNX-SACN","快插接头","Q40","","未配置图片","data/resources/fitting-replacement/compatible-models.generated.ts","5691"
"207","接头替代查询","849007","","Q4004-SMX-SACN","快插接头","Q40","/images/products/FIT/Quick connector_200x200_01_v001.jpg","使用快插通用复用图","data/resources/fitting-replacement/all-compatible-products.generated.ts","2366"
"208","接头替代查询","849007","","Q4004-SMX-SACN","快插接头","Q40","","未配置图片","data/resources/fitting-replacement/compatible-models.generated.ts","4343"
"209","接头替代查询","849008","","Q4005-SMX-SACN","快插接头","Q40","/images/products/FIT/Quick connector_200x200_01_v001.jpg","使用快插通用复用图","data/resources/fitting-replacement/all-compatible-products.generated.ts","2620"
"210","接头替代查询","849008","","Q4005-SMX-SACN","快插接头","Q40","","未配置图片","data/resources/fitting-replacement/compatible-models.generated.ts","4823"
"211","接头替代查询","849009","","Q4006-SMX-SACN","快插接头","Q40","/images/products/FIT/Quick connector_200x200_01_v001.jpg","使用快插通用复用图","data/resources/fitting-replacement/all-compatible-products.generated.ts","2908"
"212","接头替代查询","849009","","Q4006-SMX-SACN","快插接头","Q40","","未配置图片","data/resources/fitting-replacement/compatible-models.generated.ts","5381"
"213","接头替代查询","849010","","Q4004-PNX-SACN","快插接头","Q40","/images/products/FIT/Quick connector_200x200_01_v001.jpg","使用快插通用复用图","data/resources/fitting-replacement/all-compatible-products.generated.ts","2302"
"214","接头替代查询","849010","","Q4004-PNX-SACN","快插接头","Q40","","未配置图片","data/resources/fitting-replacement/compatible-models.generated.ts","4219"
"215","接头替代查询","849011","","Q4005-PNX-SACN","快插接头","Q40","/images/products/FIT/Quick connector_200x200_01_v001.jpg","使用快插通用复用图","data/resources/fitting-replacement/all-compatible-products.generated.ts","2556"
"216","接头替代查询","849011","","Q4005-PNX-SACN","快插接头","Q40","","未配置图片","data/resources/fitting-replacement/compatible-models.generated.ts","4699"
"217","接头替代查询","849012","","Q4006-PNX-SACN","快插接头","Q40","/images/products/FIT/Quick connector_200x200_01_v001.jpg","使用快插通用复用图","data/resources/fitting-replacement/all-compatible-products.generated.ts","2844"
"218","接头替代查询","849012","","Q4006-PNX-SACN","快插接头","Q40","","未配置图片","data/resources/fitting-replacement/compatible-models.generated.ts","5257"
"219","接头替代查询","849013","","Q4006-PNX-LACN","快插接头","Q40","/images/products/FIT/Quick connector_200x200_01_v001.jpg","使用快插通用复用图","data/resources/fitting-replacement/all-compatible-products.generated.ts","2812"
"220","接头替代查询","849013","","Q4006-PNX-LACN","快插接头","Q40","","未配置图片","data/resources/fitting-replacement/compatible-models.generated.ts","5195"
"221","接头替代查询","849015","","Q4004-PMX-SACN","快插接头","Q40","/images/products/FIT/Quick connector_200x200_01_v001.jpg","使用快插通用复用图","data/resources/fitting-replacement/all-compatible-products.generated.ts","2206"
"222","接头替代查询","849015","","Q4004-PMX-SACN","快插接头","Q40","","未配置图片","data/resources/fitting-replacement/compatible-models.generated.ts","4033"
"223","接头替代查询","849016","","Q4005-PMX-SACN","快插接头","Q40","/images/products/FIT/Quick connector_200x200_01_v001.jpg","使用快插通用复用图","data/resources/fitting-replacement/all-compatible-products.generated.ts","2493"
"224","接头替代查询","849016","","Q4005-PMX-SACN","快插接头","Q40","","未配置图片","data/resources/fitting-replacement/compatible-models.generated.ts","4583"
"225","接头替代查询","849017","","Q4006-PMX-SACN","快插接头","Q40","/images/products/FIT/Quick connector_200x200_01_v001.jpg","使用快插通用复用图","data/resources/fitting-replacement/all-compatible-products.generated.ts","2748"
"226","接头替代查询","849017","","Q4006-PMX-SACN","快插接头","Q40","","未配置图片","data/resources/fitting-replacement/compatible-models.generated.ts","5071"
"227","接头替代查询","849018","","Q4004-SNV-SACN","快插接头","Q40","/images/products/FIT/Quick connector_200x200_01_v001.jpg","使用快插通用复用图","data/resources/fitting-replacement/all-compatible-products.generated.ts","2398"
"228","接头替代查询","849018","","Q4004-SNV-SACN","快插接头","Q40","","未配置图片","data/resources/fitting-replacement/compatible-models.generated.ts","4405"
"229","接头替代查询","849019","","Q4005-SNV-SACN","快插接头","Q40","/images/products/FIT/Quick connector_200x200_01_v001.jpg","使用快插通用复用图","data/resources/fitting-replacement/all-compatible-products.generated.ts","2652"
"230","接头替代查询","849019","","Q4005-SNV-SACN","快插接头","Q40","","未配置图片","data/resources/fitting-replacement/compatible-models.generated.ts","4885"
"231","接头替代查询","849020","","Q4006-SNV-SACN","快插接头","Q40","/images/products/FIT/Quick connector_200x200_01_v001.jpg","使用快插通用复用图","data/resources/fitting-replacement/all-compatible-products.generated.ts","2940"
"232","接头替代查询","849020","","Q4006-SNV-SACN","快插接头","Q40","","未配置图片","data/resources/fitting-replacement/compatible-models.generated.ts","5443"
"233","接头替代查询","849023","","Q4014N-SNV-SACN","快插接头","Q40","/images/products/FIT/Quick connector_200x200_01_v001.jpg","使用快插通用复用图","data/resources/fitting-replacement/all-compatible-products.generated.ts","3036"
"234","接头替代查询","849023","","Q4014N-SNV-SACN","快插接头","Q40","","未配置图片","data/resources/fitting-replacement/compatible-models.generated.ts","5629"
"235","接头替代查询","849024","","Q4004-SMV-SACN","快插接头","Q40","/images/products/FIT/Quick connector_200x200_01_v001.jpg","使用快插通用复用图","data/resources/fitting-replacement/all-compatible-products.generated.ts","2334"
"236","接头替代查询","849024","","Q4004-SMV-SACN","快插接头","Q40","","未配置图片","data/resources/fitting-replacement/compatible-models.generated.ts","4281"
"237","接头替代查询","849025","","Q4005-SMV-SACN","快插接头","Q40","/images/products/FIT/Quick connector_200x200_01_v001.jpg","使用快插通用复用图","data/resources/fitting-replacement/all-compatible-products.generated.ts","2588"
"238","接头替代查询","849025","","Q4005-SMV-SACN","快插接头","Q40","","未配置图片","data/resources/fitting-replacement/compatible-models.generated.ts","4761"
"239","接头替代查询","849026","","Q4006-SMV-SACN","快插接头","Q40","/images/products/FIT/Quick connector_200x200_01_v001.jpg","使用快插通用复用图","data/resources/fitting-replacement/all-compatible-products.generated.ts","2876"
"240","接头替代查询","849026","","Q4006-SMV-SACN","快插接头","Q40","","未配置图片","data/resources/fitting-replacement/compatible-models.generated.ts","5319"
"241","接头替代查询","849027","","Q4004-PNV-SACN","快插接头","Q40","/images/products/FIT/Quick connector_200x200_01_v001.jpg","使用快插通用复用图","data/resources/fitting-replacement/all-compatible-products.generated.ts","2270"
"242","接头替代查询","849027","","Q4004-PNV-SACN","快插接头","Q40","","未配置图片","data/resources/fitting-replacement/compatible-models.generated.ts","4157"
"243","接头替代查询","849028","","Q4005-PNV-SACN","快插接头","Q40","/images/products/FIT/Quick connector_200x200_01_v001.jpg","使用快插通用复用图","data/resources/fitting-replacement/all-compatible-products.generated.ts","2524"
"244","接头替代查询","849028","","Q4005-PNV-SACN","快插接头","Q40","","未配置图片","data/resources/fitting-replacement/compatible-models.generated.ts","4637"
"245","接头替代查询","849029","","Q4006-PNV-SACN","快插接头","Q40","/images/products/FIT/Quick connector_200x200_01_v001.jpg","使用快插通用复用图","data/resources/fitting-replacement/all-compatible-products.generated.ts","2780"
"246","接头替代查询","849029","","Q4006-PNV-SACN","快插接头","Q40","","未配置图片","data/resources/fitting-replacement/compatible-models.generated.ts","5133"
"247","接头替代查询","849030","","Q4004-PNV-LACN","快插接头","Q40","/images/products/FIT/Quick connector_200x200_01_v001.jpg","使用快插通用复用图","data/resources/fitting-replacement/all-compatible-products.generated.ts","2238"
"248","接头替代查询","849030","","Q4004-PNV-LACN","快插接头","Q40","","未配置图片","data/resources/fitting-replacement/compatible-models.generated.ts","4095"
"249","接头替代查询","849031","","Q4014N-PNV-SACN","快插接头","Q40","/images/products/FIT/Quick connector_200x200_01_v001.jpg","使用快插通用复用图","data/resources/fitting-replacement/all-compatible-products.generated.ts","3004"
"250","接头替代查询","849031","","Q4014N-PNV-SACN","快插接头","Q40","","未配置图片","data/resources/fitting-replacement/compatible-models.generated.ts","5567"
"251","接头替代查询","849032","","Q4004-PMV-SACN","快插接头","Q40","/images/products/FIT/Quick connector_200x200_01_v001.jpg","使用快插通用复用图","data/resources/fitting-replacement/all-compatible-products.generated.ts","2174"
"252","接头替代查询","849032","","Q4004-PMV-SACN","快插接头","Q40","","未配置图片","data/resources/fitting-replacement/compatible-models.generated.ts","3971"
"253","接头替代查询","849033","","Q4005-PMV-SACN","快插接头","Q40","/images/products/FIT/Quick connector_200x200_01_v001.jpg","使用快插通用复用图","data/resources/fitting-replacement/all-compatible-products.generated.ts","2462"
"254","接头替代查询","849033","","Q4005-PMV-SACN","快插接头","Q40","","未配置图片","data/resources/fitting-replacement/compatible-models.generated.ts","4529"
"255","接头替代查询","849034","","Q4006-PMV-SACN","快插接头","Q40","/images/products/FIT/Quick connector_200x200_01_v001.jpg","使用快插通用复用图","data/resources/fitting-replacement/all-compatible-products.generated.ts","2716"
"256","接头替代查询","849034","","Q4006-PMV-SACN","快插接头","Q40","","未配置图片","data/resources/fitting-replacement/compatible-models.generated.ts","5009"
"257","接头替代查询","849035","","Q4004-SNX-SPPE","快插接头","Q40","/images/products/FIT/Quick connector_200x200_01_v001.jpg","使用快插通用复用图","data/resources/fitting-replacement/all-compatible-products.generated.ts","2446"
"258","接头替代查询","849035","","Q4004-SNX-SPPE","快插接头","Q40","","未配置图片","data/resources/fitting-replacement/compatible-models.generated.ts","4498"
"259","接头替代查询","849036","","Q4005-SNX-SPPE","快插接头","Q40","/images/products/FIT/Quick connector_200x200_01_v001.jpg","使用快插通用复用图","data/resources/fitting-replacement/all-compatible-products.generated.ts","2700"
"260","接头替代查询","849036","","Q4005-SNX-SPPE","快插接头","Q40","","未配置图片","data/resources/fitting-replacement/compatible-models.generated.ts","4978"
"261","接头替代查询","849037","","Q4006-SNX-SPPE","快插接头","Q40","/images/products/FIT/Quick connector_200x200_01_v001.jpg","使用快插通用复用图","data/resources/fitting-replacement/all-compatible-products.generated.ts","2988"
"262","接头替代查询","849037","","Q4006-SNX-SPPE","快插接头","Q40","","未配置图片","data/resources/fitting-replacement/compatible-models.generated.ts","5536"
"263","接头替代查询","849040","","Q4014N-SNX-SPPE","快插接头","Q40","/images/products/FIT/Quick connector_200x200_01_v001.jpg","使用快插通用复用图","data/resources/fitting-replacement/all-compatible-products.generated.ts","3084"
"264","接头替代查询","849040","","Q4014N-SNX-SPPE","快插接头","Q40","","未配置图片","data/resources/fitting-replacement/compatible-models.generated.ts","5722"
"265","接头替代查询","849041","","Q4004-SMX-SPPE","快插接头","Q40","/images/products/FIT/Quick connector_200x200_01_v001.jpg","使用快插通用复用图","data/resources/fitting-replacement/all-compatible-products.generated.ts","2382"
"266","接头替代查询","849041","","Q4004-SMX-SPPE","快插接头","Q40","","未配置图片","data/resources/fitting-replacement/compatible-models.generated.ts","4374"
"267","接头替代查询","849042","","Q4005-SMX-SPPE","快插接头","Q40","/images/products/FIT/Quick connector_200x200_01_v001.jpg","使用快插通用复用图","data/resources/fitting-replacement/all-compatible-products.generated.ts","2636"
"268","接头替代查询","849042","","Q4005-SMX-SPPE","快插接头","Q40","","未配置图片","data/resources/fitting-replacement/compatible-models.generated.ts","4854"
"269","接头替代查询","849043","","Q4006-SMX-SPPE","快插接头","Q40","/images/products/FIT/Quick connector_200x200_01_v001.jpg","使用快插通用复用图","data/resources/fitting-replacement/all-compatible-products.generated.ts","2924"
"270","接头替代查询","849043","","Q4006-SMX-SPPE","快插接头","Q40","","未配置图片","data/resources/fitting-replacement/compatible-models.generated.ts","5412"
"271","接头替代查询","849044","","Q4004-PNX-SPPE","快插接头","Q40","/images/products/FIT/Quick connector_200x200_01_v001.jpg","使用快插通用复用图","data/resources/fitting-replacement/all-compatible-products.generated.ts","2318"
"272","接头替代查询","849044","","Q4004-PNX-SPPE","快插接头","Q40","","未配置图片","data/resources/fitting-replacement/compatible-models.generated.ts","4250"
"273","接头替代查询","849045","","Q4005-PNX-SPPE","快插接头","Q40","/images/products/FIT/Quick connector_200x200_01_v001.jpg","使用快插通用复用图","data/resources/fitting-replacement/all-compatible-products.generated.ts","2572"
"274","接头替代查询","849045","","Q4005-PNX-SPPE","快插接头","Q40","","未配置图片","data/resources/fitting-replacement/compatible-models.generated.ts","4730"
"275","接头替代查询","849046","","Q4006-PNX-SPPE","快插接头","Q40","/images/products/FIT/Quick connector_200x200_01_v001.jpg","使用快插通用复用图","data/resources/fitting-replacement/all-compatible-products.generated.ts","2860"
"276","接头替代查询","849046","","Q4006-PNX-SPPE","快插接头","Q40","","未配置图片","data/resources/fitting-replacement/compatible-models.generated.ts","5288"
"277","接头替代查询","849047","","Q4006-PNX-LPPE","快插接头","Q40","/images/products/FIT/Quick connector_200x200_01_v001.jpg","使用快插通用复用图","data/resources/fitting-replacement/all-compatible-products.generated.ts","2828"
"278","接头替代查询","849047","","Q4006-PNX-LPPE","快插接头","Q40","","未配置图片","data/resources/fitting-replacement/compatible-models.generated.ts","5226"
"279","接头替代查询","849049","","Q4004-PMX-SPPE","快插接头","Q40","/images/products/FIT/Quick connector_200x200_01_v001.jpg","使用快插通用复用图","data/resources/fitting-replacement/all-compatible-products.generated.ts","2222"
"280","接头替代查询","849049","","Q4004-PMX-SPPE","快插接头","Q40","","未配置图片","data/resources/fitting-replacement/compatible-models.generated.ts","4064"
"281","接头替代查询","849050","","Q4005-PMX-SPPE","快插接头","Q40","/images/products/FIT/Quick connector_200x200_01_v001.jpg","使用快插通用复用图","data/resources/fitting-replacement/all-compatible-products.generated.ts","2509"
"282","接头替代查询","849050","","Q4005-PMX-SPPE","快插接头","Q40","","未配置图片","data/resources/fitting-replacement/compatible-models.generated.ts","4614"
"283","接头替代查询","849051","","Q4006-PMX-SPPE","快插接头","Q40","/images/products/FIT/Quick connector_200x200_01_v001.jpg","使用快插通用复用图","data/resources/fitting-replacement/all-compatible-products.generated.ts","2764"
"284","接头替代查询","849051","","Q4006-PMX-SPPE","快插接头","Q40","","未配置图片","data/resources/fitting-replacement/compatible-models.generated.ts","5102"
"285","接头替代查询","849052","","Q4004-SNV-SPPE","快插接头","Q40","/images/products/FIT/Quick connector_200x200_01_v001.jpg","使用快插通用复用图","data/resources/fitting-replacement/all-compatible-products.generated.ts","2414"
"286","接头替代查询","849052","","Q4004-SNV-SPPE","快插接头","Q40","","未配置图片","data/resources/fitting-replacement/compatible-models.generated.ts","4436"
"287","接头替代查询","849053","","Q4005-SNV-SPPE","快插接头","Q40","/images/products/FIT/Quick connector_200x200_01_v001.jpg","使用快插通用复用图","data/resources/fitting-replacement/all-compatible-products.generated.ts","2668"
"288","接头替代查询","849053","","Q4005-SNV-SPPE","快插接头","Q40","","未配置图片","data/resources/fitting-replacement/compatible-models.generated.ts","4916"
"289","接头替代查询","849054","","Q4006-SNV-SPPE","快插接头","Q40","/images/products/FIT/Quick connector_200x200_01_v001.jpg","使用快插通用复用图","data/resources/fitting-replacement/all-compatible-products.generated.ts","2956"
"290","接头替代查询","849054","","Q4006-SNV-SPPE","快插接头","Q40","","未配置图片","data/resources/fitting-replacement/compatible-models.generated.ts","5474"
"291","接头替代查询","849057","","Q4014N-SNV-SPPE","快插接头","Q40","/images/products/FIT/Quick connector_200x200_01_v001.jpg","使用快插通用复用图","data/resources/fitting-replacement/all-compatible-products.generated.ts","3052"
"292","接头替代查询","849057","","Q4014N-SNV-SPPE","快插接头","Q40","","未配置图片","data/resources/fitting-replacement/compatible-models.generated.ts","5660"
"293","接头替代查询","849058","","Q4004-SMV-SPPE","快插接头","Q40","/images/products/FIT/Quick connector_200x200_01_v001.jpg","使用快插通用复用图","data/resources/fitting-replacement/all-compatible-products.generated.ts","2350"
"294","接头替代查询","849058","","Q4004-SMV-SPPE","快插接头","Q40","","未配置图片","data/resources/fitting-replacement/compatible-models.generated.ts","4312"
"295","接头替代查询","849059","","Q4005-SMV-SPPE","快插接头","Q40","/images/products/FIT/Quick connector_200x200_01_v001.jpg","使用快插通用复用图","data/resources/fitting-replacement/all-compatible-products.generated.ts","2604"
"296","接头替代查询","849059","","Q4005-SMV-SPPE","快插接头","Q40","","未配置图片","data/resources/fitting-replacement/compatible-models.generated.ts","4792"
"297","接头替代查询","849060","","Q4006-SMV-SPPE","快插接头","Q40","/images/products/FIT/Quick connector_200x200_01_v001.jpg","使用快插通用复用图","data/resources/fitting-replacement/all-compatible-products.generated.ts","2892"
"298","接头替代查询","849060","","Q4006-SMV-SPPE","快插接头","Q40","","未配置图片","data/resources/fitting-replacement/compatible-models.generated.ts","5350"
"299","接头替代查询","849061","","Q4004-PNV-SPPE","快插接头","Q40","/images/products/FIT/Quick connector_200x200_01_v001.jpg","使用快插通用复用图","data/resources/fitting-replacement/all-compatible-products.generated.ts","2286"
"300","接头替代查询","849061","","Q4004-PNV-SPPE","快插接头","Q40","","未配置图片","data/resources/fitting-replacement/compatible-models.generated.ts","4188"
"301","接头替代查询","849062","","Q4005-PNV-SPPE","快插接头","Q40","/images/products/FIT/Quick connector_200x200_01_v001.jpg","使用快插通用复用图","data/resources/fitting-replacement/all-compatible-products.generated.ts","2540"
"302","接头替代查询","849062","","Q4005-PNV-SPPE","快插接头","Q40","","未配置图片","data/resources/fitting-replacement/compatible-models.generated.ts","4668"
"303","接头替代查询","849063","","Q4006-PNV-SPPE","快插接头","Q40","/images/products/FIT/Quick connector_200x200_01_v001.jpg","使用快插通用复用图","data/resources/fitting-replacement/all-compatible-products.generated.ts","2796"
"304","接头替代查询","849063","","Q4006-PNV-SPPE","快插接头","Q40","","未配置图片","data/resources/fitting-replacement/compatible-models.generated.ts","5164"
"305","接头替代查询","849064","","Q4004-PNV-LPPE","快插接头","Q40","/images/products/FIT/Quick connector_200x200_01_v001.jpg","使用快插通用复用图","data/resources/fitting-replacement/all-compatible-products.generated.ts","2254"
"306","接头替代查询","849064","","Q4004-PNV-LPPE","快插接头","Q40","","未配置图片","data/resources/fitting-replacement/compatible-models.generated.ts","4126"
"307","接头替代查询","849065","","Q4014N-PNV-SPPE","快插接头","Q40","/images/products/FIT/Quick connector_200x200_01_v001.jpg","使用快插通用复用图","data/resources/fitting-replacement/all-compatible-products.generated.ts","3020"
"308","接头替代查询","849065","","Q4014N-PNV-SPPE","快插接头","Q40","","未配置图片","data/resources/fitting-replacement/compatible-models.generated.ts","5598"
"309","接头替代查询","849066","","Q4004-PMV-SPPE","快插接头","Q40","/images/products/FIT/Quick connector_200x200_01_v001.jpg","使用快插通用复用图","data/resources/fitting-replacement/all-compatible-products.generated.ts","2190"
"310","接头替代查询","849066","","Q4004-PMV-SPPE","快插接头","Q40","","未配置图片","data/resources/fitting-replacement/compatible-models.generated.ts","4002"
"311","接头替代查询","849067","","Q4005-PMV-SPPE","快插接头","Q40","/images/products/FIT/Quick connector_200x200_01_v001.jpg","使用快插通用复用图","data/resources/fitting-replacement/all-compatible-products.generated.ts","2478"
"312","接头替代查询","849067","","Q4005-PMV-SPPE","快插接头","Q40","","未配置图片","data/resources/fitting-replacement/compatible-models.generated.ts","4560"
"313","接头替代查询","849068","","Q4006-PMV-SPPE","快插接头","Q40","/images/products/FIT/Quick connector_200x200_01_v001.jpg","使用快插通用复用图","data/resources/fitting-replacement/all-compatible-products.generated.ts","2732"
"314","接头替代查询","849068","","Q4006-PMV-SPPE","快插接头","Q40","","未配置图片","data/resources/fitting-replacement/compatible-models.generated.ts","5040"
"315","接头替代查询","869001","","Q6006-SNX-SPPE","快插接头","Q60","/images/products/FIT/Quick connector_200x200_01_v001.jpg","使用快插通用复用图","data/resources/fitting-replacement/all-compatible-products.generated.ts","3242"
"316","接头替代查询","869001","","Q6006-SNX-SPPE","快插接头","Q60","","未配置图片","data/resources/fitting-replacement/compatible-models.generated.ts","6016"
"317","接头替代查询","869002","","Q6008-SNX-SPPE","快插接头","Q60","/images/products/FIT/Quick connector_200x200_01_v001.jpg","使用快插通用复用图","data/resources/fitting-replacement/all-compatible-products.generated.ts","3400"
"318","接头替代查询","869002","","Q6008-SNX-SPPE","快插接头","Q60","","未配置图片","data/resources/fitting-replacement/compatible-models.generated.ts","6310"
"319","接头替代查询","869003","","Q6012-SNX-SPPE","快插接头","Q60","/images/products/FIT/Quick connector_200x200_01_v001.jpg","使用快插通用复用图","data/resources/fitting-replacement/all-compatible-products.generated.ts","3496"
"320","接头替代查询","869003","","Q6012-SNX-SPPE","快插接头","Q60","","未配置图片","data/resources/fitting-replacement/compatible-models.generated.ts","6496"
"321","接头替代查询","869004","","Q6038N-SNX-SPPE","快插接头","Q60","/images/products/FIT/Quick connector_200x200_01_v001.jpg","使用快插通用复用图","data/resources/fitting-replacement/all-compatible-products.generated.ts","3624"
"322","接头替代查询","869004","","Q6038N-SNX-SPPE","快插接头","Q60","","未配置图片","data/resources/fitting-replacement/compatible-models.generated.ts","6744"
"323","接头替代查询","869005","","Q6012N-SNX-SPPE","快插接头","Q60","/images/products/FIT/Quick connector_200x200_01_v001.jpg","使用快插通用复用图","data/resources/fitting-replacement/all-compatible-products.generated.ts","3560"
"324","接头替代查询","869005","","Q6012N-SNX-SPPE","快插接头","Q60","","未配置图片","data/resources/fitting-replacement/compatible-models.generated.ts","6620"
"325","接头替代查询","869006","","Q6006-SMX-SPPE","快插接头","Q60","/images/products/FIT/Quick connector_200x200_01_v001.jpg","使用快插通用复用图","data/resources/fitting-replacement/all-compatible-products.generated.ts","3210"
"326","接头替代查询","869006","","Q6006-SMX-SPPE","快插接头","Q60","","未配置图片","data/resources/fitting-replacement/compatible-models.generated.ts","5954"
"327","接头替代查询","869007","","Q6008-SMX-SPPE","快插接头","Q60","/images/products/FIT/Quick connector_200x200_01_v001.jpg","使用快插通用复用图","data/resources/fitting-replacement/all-compatible-products.generated.ts","3368"
"328","接头替代查询","869007","","Q6008-SMX-SPPE","快插接头","Q60","","未配置图片","data/resources/fitting-replacement/compatible-models.generated.ts","6248"
"329","接头替代查询","869008","","Q6012-SMX-SPPE","快插接头","Q60","/images/products/FIT/Quick connector_200x200_01_v001.jpg","使用快插通用复用图","data/resources/fitting-replacement/all-compatible-products.generated.ts","3464"
"330","接头替代查询","869008","","Q6012-SMX-SPPE","快插接头","Q60","","未配置图片","data/resources/fitting-replacement/compatible-models.generated.ts","6434"
"331","接头替代查询","869009","","Q6006-PNX-SPPE","快插接头","Q60","/images/products/FIT/Quick connector_200x200_01_v001.jpg","使用快插通用复用图","data/resources/fitting-replacement/all-compatible-products.generated.ts","3148"
"332","接头替代查询","869009","","Q6006-PNX-SPPE","快插接头","Q60","","未配置图片","data/resources/fitting-replacement/compatible-models.generated.ts","5846"
"333","接头替代查询","869010","","Q6008-PNX-SPPE","快插接头","Q60","/images/products/FIT/Quick connector_200x200_01_v001.jpg","使用快插通用复用图","data/resources/fitting-replacement/all-compatible-products.generated.ts","3306"
"334","接头替代查询","869010","","Q6008-PNX-SPPE","快插接头","Q60","","未配置图片","data/resources/fitting-replacement/compatible-models.generated.ts","6140"
"335","接头替代查询","869011","","Q6012-PNX-SPPE","快插接头","Q60","/images/products/FIT/Quick connector_200x200_01_v001.jpg","使用快插通用复用图","data/resources/fitting-replacement/all-compatible-products.generated.ts","3432"
"336","接头替代查询","869011","","Q6012-PNX-SPPE","快插接头","Q60","","未配置图片","data/resources/fitting-replacement/compatible-models.generated.ts","6372"
"337","接头替代查询","869012","","Q6006-PNX-LPPE","快插接头","Q60","/images/products/FIT/Quick connector_200x200_01_v001.jpg","使用快插通用复用图","data/resources/fitting-replacement/all-compatible-products.generated.ts","3132"
"338","接头替代查询","869012","","Q6006-PNX-LPPE","快插接头","Q60","","未配置图片","data/resources/fitting-replacement/compatible-models.generated.ts","5815"
"339","接头替代查询","869013","","Q6008-PNX-LPPE","快插接头","Q60","/images/products/FIT/Quick connector_200x200_01_v001.jpg","使用快插通用复用图","data/resources/fitting-replacement/all-compatible-products.generated.ts","3290"
"340","接头替代查询","869013","","Q6008-PNX-LPPE","快插接头","Q60","","未配置图片","data/resources/fitting-replacement/compatible-models.generated.ts","6109"
"341","接头替代查询","869014","","Q6038N-PNX-SPPE","快插接头","Q60","/images/products/FIT/Quick connector_200x200_01_v001.jpg","使用快插通用复用图","data/resources/fitting-replacement/all-compatible-products.generated.ts","3592"
"342","接头替代查询","869014","","Q6038N-PNX-SPPE","快插接头","Q60","","未配置图片","data/resources/fitting-replacement/compatible-models.generated.ts","6682"
"343","接头替代查询","869015","","Q6012N-PNX-SPPE","快插接头","Q60","/images/products/FIT/Quick connector_200x200_01_v001.jpg","使用快插通用复用图","data/resources/fitting-replacement/all-compatible-products.generated.ts","3528"
"344","接头替代查询","869015","","Q6012N-PNX-SPPE","快插接头","Q60","","未配置图片","data/resources/fitting-replacement/compatible-models.generated.ts","6558"
"345","接头替代查询","869018","","Q6006-SMX-LPPE","快插接头","Q60","/images/products/FIT/Quick connector_200x200_01_v001.jpg","使用快插通用复用图","data/resources/fitting-replacement/all-compatible-products.generated.ts","3195"
"346","接头替代查询","869018","","Q6006-SMX-LPPE","快插接头","Q60","","未配置图片","data/resources/fitting-replacement/compatible-models.generated.ts","5931"
"347","接头替代查询","869019","","Q6008-SMX-LPPE","快插接头","Q60","/images/products/FIT/Quick connector_200x200_01_v001.jpg","使用快插通用复用图","data/resources/fitting-replacement/all-compatible-products.generated.ts","3353"
"348","接头替代查询","869019","","Q6008-SMX-LPPE","快插接头","Q60","","未配置图片","data/resources/fitting-replacement/compatible-models.generated.ts","6225"
"349","接头替代查询","869020","","Q6006-SMV-LPPE","快插接头","Q60","/images/products/FIT/Quick connector_200x200_01_v001.jpg","使用快插通用复用图","data/resources/fitting-replacement/all-compatible-products.generated.ts","3164"
"350","接头替代查询","869020","","Q6006-SMV-LPPE","快插接头","Q60","","未配置图片","data/resources/fitting-replacement/compatible-models.generated.ts","5877"
"351","接头替代查询","869021","","Q6006-SNV-SPPE","快插接头","Q60","/images/products/FIT/Quick connector_200x200_01_v001.jpg","使用快插通用复用图","data/resources/fitting-replacement/all-compatible-products.generated.ts","3226"
"352","接头替代查询","869021","","Q6006-SNV-SPPE","快插接头","Q60","","未配置图片","data/resources/fitting-replacement/compatible-models.generated.ts","5985"
"353","接头替代查询","869022","","Q6008-SNV-SPPE","快插接头","Q60","/images/products/FIT/Quick connector_200x200_01_v001.jpg","使用快插通用复用图","data/resources/fitting-replacement/all-compatible-products.generated.ts","3384"
"354","接头替代查询","869022","","Q6008-SNV-SPPE","快插接头","Q60","","未配置图片","data/resources/fitting-replacement/compatible-models.generated.ts","6279"
"355","接头替代查询","869023","","Q6012-SNV-SPPE","快插接头","Q60","/images/products/FIT/Quick connector_200x200_01_v001.jpg","使用快插通用复用图","data/resources/fitting-replacement/all-compatible-products.generated.ts","3480"
"356","接头替代查询","869023","","Q6012-SNV-SPPE","快插接头","Q60","","未配置图片","data/resources/fitting-replacement/compatible-models.generated.ts","6465"
"357","接头替代查询","869024","","Q6038N-SNV-SPPE","快插接头","Q60","/images/products/FIT/Quick connector_200x200_01_v001.jpg","使用快插通用复用图","data/resources/fitting-replacement/all-compatible-products.generated.ts","3608"
"358","接头替代查询","869024","","Q6038N-SNV-SPPE","快插接头","Q60","","未配置图片","data/resources/fitting-replacement/compatible-models.generated.ts","6713"
"359","接头替代查询","869025","","Q6012N-SNV-SPPE","快插接头","Q60","/images/products/FIT/Quick connector_200x200_01_v001.jpg","使用快插通用复用图","data/resources/fitting-replacement/all-compatible-products.generated.ts","3544"
"360","接头替代查询","869025","","Q6012N-SNV-SPPE","快插接头","Q60","","未配置图片","data/resources/fitting-replacement/compatible-models.generated.ts","6589"
"361","接头替代查询","869026","","Q6006-SMV-SPPE","快插接头","Q60","/images/products/FIT/Quick connector_200x200_01_v001.jpg","使用快插通用复用图","data/resources/fitting-replacement/all-compatible-products.generated.ts","3179"
"362","接头替代查询","869026","","Q6006-SMV-SPPE","快插接头","Q60","","未配置图片","data/resources/fitting-replacement/compatible-models.generated.ts","5900"
"363","接头替代查询","869027","","Q6008-SMV-SPPE","快插接头","Q60","/images/products/FIT/Quick connector_200x200_01_v001.jpg","使用快插通用复用图","data/resources/fitting-replacement/all-compatible-products.generated.ts","3337"
"364","接头替代查询","869027","","Q6008-SMV-SPPE","快插接头","Q60","","未配置图片","data/resources/fitting-replacement/compatible-models.generated.ts","6194"
"365","接头替代查询","869028","","Q6012-SMV-SPPE","快插接头","Q60","/images/products/FIT/Quick connector_200x200_01_v001.jpg","使用快插通用复用图","data/resources/fitting-replacement/all-compatible-products.generated.ts","3448"
"366","接头替代查询","869028","","Q6012-SMV-SPPE","快插接头","Q60","","未配置图片","data/resources/fitting-replacement/compatible-models.generated.ts","6403"
"367","接头替代查询","869029","","Q6006-PNV-SPPE","快插接头","Q60","/images/products/FIT/Quick connector_200x200_01_v001.jpg","使用快插通用复用图","data/resources/fitting-replacement/all-compatible-products.generated.ts","3116"
"368","接头替代查询","869029","","Q6006-PNV-SPPE","快插接头","Q60","","未配置图片","data/resources/fitting-replacement/compatible-models.generated.ts","5784"
"369","接头替代查询","869030","","Q6008-PNV-SPPE","快插接头","Q60","/images/products/FIT/Quick connector_200x200_01_v001.jpg","使用快插通用复用图","data/resources/fitting-replacement/all-compatible-products.generated.ts","3274"
"370","接头替代查询","869030","","Q6008-PNV-SPPE","快插接头","Q60","","未配置图片","data/resources/fitting-replacement/compatible-models.generated.ts","6078"
"371","接头替代查询","869031","","Q6012-PNV-SPPE","快插接头","Q60","/images/products/FIT/Quick connector_200x200_01_v001.jpg","使用快插通用复用图","data/resources/fitting-replacement/all-compatible-products.generated.ts","3416"
"372","接头替代查询","869031","","Q6012-PNV-SPPE","快插接头","Q60","","未配置图片","data/resources/fitting-replacement/compatible-models.generated.ts","6341"
"373","接头替代查询","869032","","Q6006-PNV-LPPE","快插接头","Q60","/images/products/FIT/Quick connector_200x200_01_v001.jpg","使用快插通用复用图","data/resources/fitting-replacement/all-compatible-products.generated.ts","3100"
"374","接头替代查询","869032","","Q6006-PNV-LPPE","快插接头","Q60","","未配置图片","data/resources/fitting-replacement/compatible-models.generated.ts","5753"
"375","接头替代查询","869033","","Q6008-PNV-LPPE","快插接头","Q60","/images/products/FIT/Quick connector_200x200_01_v001.jpg","使用快插通用复用图","data/resources/fitting-replacement/all-compatible-products.generated.ts","3258"
"376","接头替代查询","869033","","Q6008-PNV-LPPE","快插接头","Q60","","未配置图片","data/resources/fitting-replacement/compatible-models.generated.ts","6047"
"377","接头替代查询","869034","","Q6038N-PNV-SPPE","快插接头","Q60","/images/products/FIT/Quick connector_200x200_01_v001.jpg","使用快插通用复用图","data/resources/fitting-replacement/all-compatible-products.generated.ts","3576"
"378","接头替代查询","869034","","Q6038N-PNV-SPPE","快插接头","Q60","","未配置图片","data/resources/fitting-replacement/compatible-models.generated.ts","6651"
"379","接头替代查询","869035","","Q6012N-PNV-SPPE","快插接头","Q60","/images/products/FIT/Quick connector_200x200_01_v001.jpg","使用快插通用复用图","data/resources/fitting-replacement/all-compatible-products.generated.ts","3512"
"380","接头替代查询","869035","","Q6012N-PNV-SPPE","快插接头","Q60","","未配置图片","data/resources/fitting-replacement/compatible-models.generated.ts","6527"
"381","接头替代查询","869036","","Q6008-SMV-LPPE","快插接头","Q60","/images/products/FIT/Quick connector_200x200_01_v001.jpg","使用快插通用复用图","data/resources/fitting-replacement/all-compatible-products.generated.ts","3322"
"382","接头替代查询","869036","","Q6008-SMV-LPPE","快插接头","Q60","","未配置图片","data/resources/fitting-replacement/compatible-models.generated.ts","6171"