"商品编码","FOREACH型号","产品类型","产品系列","图片路径","建议删除原因"
"809927","标滚卡箍接头HNE-U28-32-PP-N","环保接头","FIT+H","/images/resources/selection-support/fitting-replacement/compatible-model-placeholder.svg","Logo/占位图/默认图；同一路径被 25 个商品编码复用；相同图片内容被 25 个商品编码复用"
"809922","紧凑六方卡箍接头HNE6-U28-32-PS-B","环保接头","FIT+H","/images/resources/selection-support/fitting-replacement/compatible-model-placeholder.svg","Logo/占位图/默认图；同一路径被 25 个商品编码复用；相同图片内容被 25 个商品编码复用"
"809057","HFL6-U28-16-PS-B","旧版紧凑平底接头","FIT+H","/images/products/fittings/hard-tube-fittings/compact-flat-bottom-fitting/hfl6-u28-16-main.jpg","同一路径被 2 个商品编码复用；相同图片内容被 2 个商品编码复用"
"809550","HFL6-U28-16-PS-U","旧版紧凑平底接头","FIT+H","/images/products/fittings/hard-tube-fittings/compact-flat-bottom-fitting/hfl6-u28-16-main.jpg","同一路径被 2 个商品编码复用；相同图片内容被 2 个商品编码复用"
"809201","CL-0-16-ET-N","卡箍","FIT+CL","/images/resources/selection-support/fitting-replacement/compatible-model-placeholder.svg","Logo/占位图/默认图；同一路径被 25 个商品编码复用；相同图片内容被 25 个商品编码复用"
"809205","CL-0-20-ET-N","卡箍","FIT+CL","/images/resources/selection-support/fitting-replacement/compatible-model-placeholder.svg","Logo/占位图/默认图；同一路径被 25 个商品编码复用；相同图片内容被 25 个商品编码复用"
"809207","CL-0-25-ET-N","卡箍","FIT+CL","/images/resources/selection-support/fitting-replacement/compatible-model-placeholder.svg","Logo/占位图/默认图；同一路径被 25 个商品编码复用；相同图片内容被 25 个商品编码复用"
"809209","CL-0-30-ET-N","卡箍","FIT+CL","/images/resources/selection-support/fitting-replacement/compatible-model-placeholder.svg","Logo/占位图/默认图；同一路径被 25 个商品编码复用；相同图片内容被 25 个商品编码复用"
"809203","CL-0-32-ET-N","卡箍","FIT+CL","/images/resources/selection-support/fitting-replacement/compatible-model-placeholder.svg","Logo/占位图/默认图；同一路径被 25 个商品编码复用；相同图片内容被 25 个商品编码复用"
"809731","CL-0X-16-ET-N","卡箍","FIT+CL","/images/resources/selection-support/fitting-replacement/compatible-model-placeholder.svg","Logo/占位图/默认图；同一路径被 25 个商品编码复用；相同图片内容被 25 个商品编码复用"
"809734","CL-0X-20-ET-N","卡箍","FIT+CL","/images/resources/selection-support/fitting-replacement/compatible-model-placeholder.svg","Logo/占位图/默认图；同一路径被 25 个商品编码复用；相同图片内容被 25 个商品编码复用"
"809735","CL-0X-25-ET-N","卡箍","FIT+CL","/images/resources/selection-support/fitting-replacement/compatible-model-placeholder.svg","Logo/占位图/默认图；同一路径被 25 个商品编码复用；相同图片内容被 25 个商品编码复用"
"809736","CL-0X-30-ET-N","卡箍","FIT+CL","/images/resources/selection-support/fitting-replacement/compatible-model-placeholder.svg","Logo/占位图/默认图；同一路径被 25 个商品编码复用；相同图片内容被 25 个商品编码复用"
"809780","CL-0X-32-ET-N","卡箍","FIT+CL","/images/resources/selection-support/fitting-replacement/compatible-model-placeholder.svg","Logo/占位图/默认图；同一路径被 25 个商品编码复用；相同图片内容被 25 个商品编码复用"
"809937","HSF-U28-16-PK-N","卡环接头","FIT+H","/images/resources/selection-support/fitting-replacement/compatible-model-placeholder.svg","Logo/占位图/默认图；同一路径被 25 个商品编码复用；相同图片内容被 25 个商品编码复用"
"809861","HSF-U28-32-PEEK-N","卡环接头","FIT+H","/images/resources/selection-support/fitting-replacement/compatible-model-placeholder.svg","Logo/占位图/默认图；同一路径被 25 个商品编码复用；相同图片内容被 25 个商品编码复用"
"809814","HSF6-U28-16-PS-B","卡环接头","FIT+H","/images/resources/selection-support/fitting-replacement/compatible-model-placeholder.svg","Logo/占位图/默认图；同一路径被 25 个商品编码复用；相同图片内容被 25 个商品编码复用"
"809828","HSF6-U28-32-PK-N","卡环接头","FIT+H","/images/resources/selection-support/fitting-replacement/compatible-model-placeholder.svg","Logo/占位图/默认图；同一路径被 25 个商品编码复用；相同图片内容被 25 个商品编码复用"
"809815","HSF6-U28-32-PS-B","卡环接头","FIT+H","/images/resources/selection-support/fitting-replacement/compatible-model-placeholder.svg","Logo/占位图/默认图；同一路径被 25 个商品编码复用；相同图片内容被 25 个商品编码复用"
"809945","紧凑卡环接头HSF6-U28-16-PK-N","卡环接头","FIT+H","/images/resources/selection-support/fitting-replacement/compatible-model-placeholder.svg","Logo/占位图/默认图；同一路径被 25 个商品编码复用；相同图片内容被 25 个商品编码复用"
"809654","CL-1-16","卡环套件","FIT+CL","/images/resources/selection-support/fitting-replacement/compatible-model-placeholder.svg","Logo/占位图/默认图；同一路径被 25 个商品编码复用；相同图片内容被 25 个商品编码复用"
"809801","CL-1S-16","卡环套件","FIT+CL","/images/resources/selection-support/fitting-replacement/compatible-model-placeholder.svg","Logo/占位图/默认图；同一路径被 25 个商品编码复用；相同图片内容被 25 个商品编码复用"
"809802","CL-1S-20","卡环套件","FIT+CL","/images/resources/selection-support/fitting-replacement/compatible-model-placeholder.svg","Logo/占位图/默认图；同一路径被 25 个商品编码复用；相同图片内容被 25 个商品编码复用"
"809803","CL-1S-25","卡环套件","FIT+CL","/images/resources/selection-support/fitting-replacement/compatible-model-placeholder.svg","Logo/占位图/默认图；同一路径被 25 个商品编码复用；相同图片内容被 25 个商品编码复用"
"809804","CL-1S-30","卡环套件","FIT+CL","/images/resources/selection-support/fitting-replacement/compatible-model-placeholder.svg","Logo/占位图/默认图；同一路径被 25 个商品编码复用；相同图片内容被 25 个商品编码复用"
"809805","CL-1S-32","卡环套件","FIT+CL","/images/resources/selection-support/fitting-replacement/compatible-model-placeholder.svg","Logo/占位图/默认图；同一路径被 25 个商品编码复用；相同图片内容被 25 个商品编码复用"
"809653","CL-1X-16","卡环套件","FIT+CL","/images/resources/selection-support/fitting-replacement/compatible-model-placeholder.svg","Logo/占位图/默认图；同一路径被 25 个商品编码复用；相同图片内容被 25 个商品编码复用"
"839036","Q2003-PNV-SACN","快插接头","Q20","/images/products/FIT/Quick connector_200x200_01_v001.jpg","同一路径被 97 个商品编码复用；相同图片内容被 97 个商品编码复用"
"839109","Q2018T-SNV-SACN","快插接头","Q20","/images/products/FIT/Quick connector_200x200_01_v001.jpg","同一路径被 97 个商品编码复用；相同图片内容被 97 个商品编码复用"
"839097","Q2018T-SNV-SPPE","快插接头","Q20","/images/products/FIT/Quick connector_200x200_01_v001.jpg","同一路径被 97 个商品编码复用；相同图片内容被 97 个商品编码复用"
"839110","Q2018T-SNX-SACN","快插接头","Q20","/images/products/FIT/Quick connector_200x200_01_v001.jpg","同一路径被 97 个商品编码复用；相同图片内容被 97 个商品编码复用"
"839104","Q2018T-SNX-SPPE","快插接头","Q20","/images/products/FIT/Quick connector_200x200_01_v001.jpg","同一路径被 97 个商品编码复用；相同图片内容被 97 个商品编码复用"
"849032","Q4004-PMV-SACN","快插接头","Q40","/images/products/FIT/Quick connector_200x200_01_v001.jpg","同一路径被 97 个商品编码复用；相同图片内容被 97 个商品编码复用"
"849066","Q4004-PMV-SPPE","快插接头","Q40","/images/products/FIT/Quick connector_200x200_01_v001.jpg","同一路径被 97 个商品编码复用；相同图片内容被 97 个商品编码复用"
"849015","Q4004-PMX-SACN","快插接头","Q40","/images/products/FIT/Quick connector_200x200_01_v001.jpg","同一路径被 97 个商品编码复用；相同图片内容被 97 个商品编码复用"
"849049","Q4004-PMX-SPPE","快插接头","Q40","/images/products/FIT/Quick connector_200x200_01_v001.jpg","同一路径被 97 个商品编码复用；相同图片内容被 97 个商品编码复用"
"849030","Q4004-PNV-LACN","快插接头","Q40","/images/products/FIT/Quick connector_200x200_01_v001.jpg","同一路径被 97 个商品编码复用；相同图片内容被 97 个商品编码复用"
"849064","Q4004-PNV-LPPE","快插接头","Q40","/images/products/FIT/Quick connector_200x200_01_v001.jpg","同一路径被 97 个商品编码复用；相同图片内容被 97 个商品编码复用"
"849027","Q4004-PNV-SACN","快插接头","Q40","/images/products/FIT/Quick connector_200x200_01_v001.jpg","同一路径被 97 个商品编码复用；相同图片内容被 97 个商品编码复用"
"849061","Q4004-PNV-SPPE","快插接头","Q40","/images/products/FIT/Quick connector_200x200_01_v001.jpg","同一路径被 97 个商品编码复用；相同图片内容被 97 个商品编码复用"
"849010","Q4004-PNX-SACN","快插接头","Q40","/images/products/FIT/Quick connector_200x200_01_v001.jpg","同一路径被 97 个商品编码复用；相同图片内容被 97 个商品编码复用"
"849044","Q4004-PNX-SPPE","快插接头","Q40","/images/products/FIT/Quick connector_200x200_01_v001.jpg","同一路径被 97 个商品编码复用；相同图片内容被 97 个商品编码复用"
"849024","Q4004-SMV-SACN","快插接头","Q40","/images/products/FIT/Quick connector_200x200_01_v001.jpg","同一路径被 97 个商品编码复用；相同图片内容被 97 个商品编码复用"
"849058","Q4004-SMV-SPPE","快插接头","Q40","/images/products/FIT/Quick connector_200x200_01_v001.jpg","同一路径被 97 个商品编码复用；相同图片内容被 97 个商品编码复用"
"849007","Q4004-SMX-SACN","快插接头","Q40","/images/products/FIT/Quick connector_200x200_01_v001.jpg","同一路径被 97 个商品编码复用；相同图片内容被 97 个商品编码复用"
"849041","Q4004-SMX-SPPE","快插接头","Q40","/images/products/FIT/Quick connector_200x200_01_v001.jpg","同一路径被 97 个商品编码复用；相同图片内容被 97 个商品编码复用"
"849018","Q4004-SNV-SACN","快插接头","Q40","/images/products/FIT/Quick connector_200x200_01_v001.jpg","同一路径被 97 个商品编码复用；相同图片内容被 97 个商品编码复用"
"849052","Q4004-SNV-SPPE","快插接头","Q40","/images/products/FIT/Quick connector_200x200_01_v001.jpg","同一路径被 97 个商品编码复用；相同图片内容被 97 个商品编码复用"
"849001","Q4004-SNX-SACN","快插接头","Q40","/images/products/FIT/Quick connector_200x200_01_v001.jpg","同一路径被 97 个商品编码复用；相同图片内容被 97 个商品编码复用"
"849035","Q4004-SNX-SPPE","快插接头","Q40","/images/products/FIT/Quick connector_200x200_01_v001.jpg","同一路径被 97 个商品编码复用；相同图片内容被 97 个商品编码复用"
"849033","Q4005-PMV-SACN","快插接头","Q40","/images/products/FIT/Quick connector_200x200_01_v001.jpg","同一路径被 97 个商品编码复用；相同图片内容被 97 个商品编码复用"
"849067","Q4005-PMV-SPPE","快插接头","Q40","/images/products/FIT/Quick connector_200x200_01_v001.jpg","同一路径被 97 个商品编码复用；相同图片内容被 97 个商品编码复用"
"849016","Q4005-PMX-SACN","快插接头","Q40","/images/products/FIT/Quick connector_200x200_01_v001.jpg","同一路径被 97 个商品编码复用；相同图片内容被 97 个商品编码复用"
"849050","Q4005-PMX-SPPE","快插接头","Q40","/images/products/FIT/Quick connector_200x200_01_v001.jpg","同一路径被 97 个商品编码复用；相同图片内容被 97 个商品编码复用"
"849028","Q4005-PNV-SACN","快插接头","Q40","/images/products/FIT/Quick connector_200x200_01_v001.jpg","同一路径被 97 个商品编码复用；相同图片内容被 97 个商品编码复用"
"849062","Q4005-PNV-SPPE","快插接头","Q40","/images/products/FIT/Quick connector_200x200_01_v001.jpg","同一路径被 97 个商品编码复用；相同图片内容被 97 个商品编码复用"
"849011","Q4005-PNX-SACN","快插接头","Q40","/images/products/FIT/Quick connector_200x200_01_v001.jpg","同一路径被 97 个商品编码复用；相同图片内容被 97 个商品编码复用"
"849045","Q4005-PNX-SPPE","快插接头","Q40","/images/products/FIT/Quick connector_200x200_01_v001.jpg","同一路径被 97 个商品编码复用；相同图片内容被 97 个商品编码复用"
"849025","Q4005-SMV-SACN","快插接头","Q40","/images/products/FIT/Quick connector_200x200_01_v001.jpg","同一路径被 97 个商品编码复用；相同图片内容被 97 个商品编码复用"
"849059","Q4005-SMV-SPPE","快插接头","Q40","/images/products/FIT/Quick connector_200x200_01_v001.jpg","同一路径被 97 个商品编码复用；相同图片内容被 97 个商品编码复用"
"849008","Q4005-SMX-SACN","快插接头","Q40","/images/products/FIT/Quick connector_200x200_01_v001.jpg","同一路径被 97 个商品编码复用；相同图片内容被 97 个商品编码复用"
"849042","Q4005-SMX-SPPE","快插接头","Q40","/images/products/FIT/Quick connector_200x200_01_v001.jpg","同一路径被 97 个商品编码复用；相同图片内容被 97 个商品编码复用"
"849019","Q4005-SNV-SACN","快插接头","Q40","/images/products/FIT/Quick connector_200x200_01_v001.jpg","同一路径被 97 个商品编码复用；相同图片内容被 97 个商品编码复用"
"849053","Q4005-SNV-SPPE","快插接头","Q40","/images/products/FIT/Quick connector_200x200_01_v001.jpg","同一路径被 97 个商品编码复用；相同图片内容被 97 个商品编码复用"
"849002","Q4005-SNX-SACN","快插接头","Q40","/images/products/FIT/Quick connector_200x200_01_v001.jpg","同一路径被 97 个商品编码复用；相同图片内容被 97 个商品编码复用"
"849036","Q4005-SNX-SPPE","快插接头","Q40","/images/products/FIT/Quick connector_200x200_01_v001.jpg","同一路径被 97 个商品编码复用；相同图片内容被 97 个商品编码复用"
"849034","Q4006-PMV-SACN","快插接头","Q40","/images/products/FIT/Quick connector_200x200_01_v001.jpg","同一路径被 97 个商品编码复用；相同图片内容被 97 个商品编码复用"
"849068","Q4006-PMV-SPPE","快插接头","Q40","/images/products/FIT/Quick connector_200x200_01_v001.jpg","同一路径被 97 个商品编码复用；相同图片内容被 97 个商品编码复用"
"849017","Q4006-PMX-SACN","快插接头","Q40","/images/products/FIT/Quick connector_200x200_01_v001.jpg","同一路径被 97 个商品编码复用；相同图片内容被 97 个商品编码复用"
"849051","Q4006-PMX-SPPE","快插接头","Q40","/images/products/FIT/Quick connector_200x200_01_v001.jpg","同一路径被 97 个商品编码复用；相同图片内容被 97 个商品编码复用"
"849029","Q4006-PNV-SACN","快插接头","Q40","/images/products/FIT/Quick connector_200x200_01_v001.jpg","同一路径被 97 个商品编码复用；相同图片内容被 97 个商品编码复用"
"849063","Q4006-PNV-SPPE","快插接头","Q40","/images/products/FIT/Quick connector_200x200_01_v001.jpg","同一路径被 97 个商品编码复用；相同图片内容被 97 个商品编码复用"
"849013","Q4006-PNX-LACN","快插接头","Q40","/images/products/FIT/Quick connector_200x200_01_v001.jpg","同一路径被 97 个商品编码复用；相同图片内容被 97 个商品编码复用"
"849047","Q4006-PNX-LPPE","快插接头","Q40","/images/products/FIT/Quick connector_200x200_01_v001.jpg","同一路径被 97 个商品编码复用；相同图片内容被 97 个商品编码复用"
"849012","Q4006-PNX-SACN","快插接头","Q40","/images/products/FIT/Quick connector_200x200_01_v001.jpg","同一路径被 97 个商品编码复用；相同图片内容被 97 个商品编码复用"
"849046","Q4006-PNX-SPPE","快插接头","Q40","/images/products/FIT/Quick connector_200x200_01_v001.jpg","同一路径被 97 个商品编码复用；相同图片内容被 97 个商品编码复用"
"849026","Q4006-SMV-SACN","快插接头","Q40","/images/products/FIT/Quick connector_200x200_01_v001.jpg","同一路径被 97 个商品编码复用；相同图片内容被 97 个商品编码复用"
"849060","Q4006-SMV-SPPE","快插接头","Q40","/images/products/FIT/Quick connector_200x200_01_v001.jpg","同一路径被 97 个商品编码复用；相同图片内容被 97 个商品编码复用"
"849009","Q4006-SMX-SACN","快插接头","Q40","/images/products/FIT/Quick connector_200x200_01_v001.jpg","同一路径被 97 个商品编码复用；相同图片内容被 97 个商品编码复用"
"849043","Q4006-SMX-SPPE","快插接头","Q40","/images/products/FIT/Quick connector_200x200_01_v001.jpg","同一路径被 97 个商品编码复用；相同图片内容被 97 个商品编码复用"
"849020","Q4006-SNV-SACN","快插接头","Q40","/images/products/FIT/Quick connector_200x200_01_v001.jpg","同一路径被 97 个商品编码复用；相同图片内容被 97 个商品编码复用"
"849054","Q4006-SNV-SPPE","快插接头","Q40","/images/products/FIT/Quick connector_200x200_01_v001.jpg","同一路径被 97 个商品编码复用；相同图片内容被 97 个商品编码复用"
"849003","Q4006-SNX-SACN","快插接头","Q40","/images/products/FIT/Quick connector_200x200_01_v001.jpg","同一路径被 97 个商品编码复用；相同图片内容被 97 个商品编码复用"
"849037","Q4006-SNX-SPPE","快插接头","Q40","/images/products/FIT/Quick connector_200x200_01_v001.jpg","同一路径被 97 个商品编码复用；相同图片内容被 97 个商品编码复用"
"849031","Q4014N-PNV-SACN","快插接头","Q40","/images/products/FIT/Quick connector_200x200_01_v001.jpg","同一路径被 97 个商品编码复用；相同图片内容被 97 个商品编码复用"
"849065","Q4014N-PNV-SPPE","快插接头","Q40","/images/products/FIT/Quick connector_200x200_01_v001.jpg","同一路径被 97 个商品编码复用；相同图片内容被 97 个商品编码复用"
"849023","Q4014N-SNV-SACN","快插接头","Q40","/images/products/FIT/Quick connector_200x200_01_v001.jpg","同一路径被 97 个商品编码复用；相同图片内容被 97 个商品编码复用"
"849057","Q4014N-SNV-SPPE","快插接头","Q40","/images/products/FIT/Quick connector_200x200_01_v001.jpg","同一路径被 97 个商品编码复用；相同图片内容被 97 个商品编码复用"
"849006","Q4014N-SNX-SACN","快插接头","Q40","/images/products/FIT/Quick connector_200x200_01_v001.jpg","同一路径被 97 个商品编码复用；相同图片内容被 97 个商品编码复用"
"849040","Q4014N-SNX-SPPE","快插接头","Q40","/images/products/FIT/Quick connector_200x200_01_v001.jpg","同一路径被 97 个商品编码复用；相同图片内容被 97 个商品编码复用"
"869032","Q6006-PNV-LPPE","快插接头","Q60","/images/products/FIT/Quick connector_200x200_01_v001.jpg","同一路径被 97 个商品编码复用；相同图片内容被 97 个商品编码复用"
"869029","Q6006-PNV-SPPE","快插接头","Q60","/images/products/FIT/Quick connector_200x200_01_v001.jpg","同一路径被 97 个商品编码复用；相同图片内容被 97 个商品编码复用"
"869012","Q6006-PNX-LPPE","快插接头","Q60","/images/products/FIT/Quick connector_200x200_01_v001.jpg","同一路径被 97 个商品编码复用；相同图片内容被 97 个商品编码复用"
"869009","Q6006-PNX-SPPE","快插接头","Q60","/images/products/FIT/Quick connector_200x200_01_v001.jpg","同一路径被 97 个商品编码复用；相同图片内容被 97 个商品编码复用"
"869020","Q6006-SMV-LPPE","快插接头","Q60","/images/products/FIT/Quick connector_200x200_01_v001.jpg","同一路径被 97 个商品编码复用；相同图片内容被 97 个商品编码复用"
"869026","Q6006-SMV-SPPE","快插接头","Q60","/images/products/FIT/Quick connector_200x200_01_v001.jpg","同一路径被 97 个商品编码复用；相同图片内容被 97 个商品编码复用"
"869018","Q6006-SMX-LPPE","快插接头","Q60","/images/products/FIT/Quick connector_200x200_01_v001.jpg","同一路径被 97 个商品编码复用；相同图片内容被 97 个商品编码复用"
"869006","Q6006-SMX-SPPE","快插接头","Q60","/images/products/FIT/Quick connector_200x200_01_v001.jpg","同一路径被 97 个商品编码复用；相同图片内容被 97 个商品编码复用"
"869021","Q6006-SNV-SPPE","快插接头","Q60","/images/products/FIT/Quick connector_200x200_01_v001.jpg","同一路径被 97 个商品编码复用；相同图片内容被 97 个商品编码复用"
"869001","Q6006-SNX-SPPE","快插接头","Q60","/images/products/FIT/Quick connector_200x200_01_v001.jpg","同一路径被 97 个商品编码复用；相同图片内容被 97 个商品编码复用"
"869033","Q6008-PNV-LPPE","快插接头","Q60","/images/products/FIT/Quick connector_200x200_01_v001.jpg","同一路径被 97 个商品编码复用；相同图片内容被 97 个商品编码复用"
"869030","Q6008-PNV-SPPE","快插接头","Q60","/images/products/FIT/Quick connector_200x200_01_v001.jpg","同一路径被 97 个商品编码复用；相同图片内容被 97 个商品编码复用"
"869013","Q6008-PNX-LPPE","快插接头","Q60","/images/products/FIT/Quick connector_200x200_01_v001.jpg","同一路径被 97 个商品编码复用；相同图片内容被 97 个商品编码复用"
"869010","Q6008-PNX-SPPE","快插接头","Q60","/images/products/FIT/Quick connector_200x200_01_v001.jpg","同一路径被 97 个商品编码复用；相同图片内容被 97 个商品编码复用"
"869036","Q6008-SMV-LPPE","快插接头","Q60","/images/products/FIT/Quick connector_200x200_01_v001.jpg","同一路径被 97 个商品编码复用；相同图片内容被 97 个商品编码复用"
"869027","Q6008-SMV-SPPE","快插接头","Q60","/images/products/FIT/Quick connector_200x200_01_v001.jpg","同一路径被 97 个商品编码复用；相同图片内容被 97 个商品编码复用"
"869019","Q6008-SMX-LPPE","快插接头","Q60","/images/products/FIT/Quick connector_200x200_01_v001.jpg","同一路径被 97 个商品编码复用；相同图片内容被 97 个商品编码复用"
"869007","Q6008-SMX-SPPE","快插接头","Q60","/images/products/FIT/Quick connector_200x200_01_v001.jpg","同一路径被 97 个商品编码复用；相同图片内容被 97 个商品编码复用"
"869022","Q6008-SNV-SPPE","快插接头","Q60","/images/products/FIT/Quick connector_200x200_01_v001.jpg","同一路径被 97 个商品编码复用；相同图片内容被 97 个商品编码复用"
"869002","Q6008-SNX-SPPE","快插接头","Q60","/images/products/FIT/Quick connector_200x200_01_v001.jpg","同一路径被 97 个商品编码复用；相同图片内容被 97 个商品编码复用"
"869031","Q6012-PNV-SPPE","快插接头","Q60","/images/products/FIT/Quick connector_200x200_01_v001.jpg","同一路径被 97 个商品编码复用；相同图片内容被 97 个商品编码复用"
"869011","Q6012-PNX-SPPE","快插接头","Q60","/images/products/FIT/Quick connector_200x200_01_v001.jpg","同一路径被 97 个商品编码复用；相同图片内容被 97 个商品编码复用"
"869028","Q6012-SMV-SPPE","快插接头","Q60","/images/products/FIT/Quick connector_200x200_01_v001.jpg","同一路径被 97 个商品编码复用；相同图片内容被 97 个商品编码复用"
"869008","Q6012-SMX-SPPE","快插接头","Q60","/images/products/FIT/Quick connector_200x200_01_v001.jpg","同一路径被 97 个商品编码复用；相同图片内容被 97 个商品编码复用"
"869023","Q6012-SNV-SPPE","快插接头","Q60","/images/products/FIT/Quick connector_200x200_01_v001.jpg","同一路径被 97 个商品编码复用；相同图片内容被 97 个商品编码复用"
"869003","Q6012-SNX-SPPE","快插接头","Q60","/images/products/FIT/Quick connector_200x200_01_v001.jpg","同一路径被 97 个商品编码复用；相同图片内容被 97 个商品编码复用"
"869035","Q6012N-PNV-SPPE","快插接头","Q60","/images/products/FIT/Quick connector_200x200_01_v001.jpg","同一路径被 97 个商品编码复用；相同图片内容被 97 个商品编码复用"
"869015","Q6012N-PNX-SPPE","快插接头","Q60","/images/products/FIT/Quick connector_200x200_01_v001.jpg","同一路径被 97 个商品编码复用；相同图片内容被 97 个商品编码复用"
"869025","Q6012N-SNV-SPPE","快插接头","Q60","/images/products/FIT/Quick connector_200x200_01_v001.jpg","同一路径被 97 个商品编码复用；相同图片内容被 97 个商品编码复用"
"869005","Q6012N-SNX-SPPE","快插接头","Q60","/images/products/FIT/Quick connector_200x200_01_v001.jpg","同一路径被 97 个商品编码复用；相同图片内容被 97 个商品编码复用"
"869034","Q6038N-PNV-SPPE","快插接头","Q60","/images/products/FIT/Quick connector_200x200_01_v001.jpg","同一路径被 97 个商品编码复用；相同图片内容被 97 个商品编码复用"
"869014","Q6038N-PNX-SPPE","快插接头","Q60","/images/products/FIT/Quick connector_200x200_01_v001.jpg","同一路径被 97 个商品编码复用；相同图片内容被 97 个商品编码复用"
"869024","Q6038N-SNV-SPPE","快插接头","Q60","/images/products/FIT/Quick connector_200x200_01_v001.jpg","同一路径被 97 个商品编码复用；相同图片内容被 97 个商品编码复用"
"869004","Q6038N-SNX-SPPE","快插接头","Q60","/images/products/FIT/Quick connector_200x200_01_v001.jpg","同一路径被 97 个商品编码复用；相同图片内容被 97 个商品编码复用"