"商品编码","FOREACH型号","产品类型","产品系列","图片路径","本地文件","文件存在","文件大小","图片SHA256","图片分类","直接异常","同路径复用","同内容复用","全部原因","首页显示","详情地址"
"809791","PNC-U32-16-PK-N","高压接头","FIT+HP","/images/products/fittings/hard-tube-fittings/high-pressure-fitting/pnc-u32-16-pk-n-main.jpg","public/images/products/fittings/hard-tube-fittings/high-pressure-fitting/pnc-u32-16-pk-n-main.jpg","是","46279","e119f87f96c2f1817a6cac39cd088d02dca91a33443c8c91bc74d2779889cd1e","产品图","","","","","true","/products/fittings/hard-tube-fittings/pnc-u32-16-pk-n"
"809661","PNC6-U32-16-PK-N","高压接头","FIT+HP","/images/products/fittings/hard-tube-fittings/high-pressure-fitting/pnc6-u32-16-pk-n-main.jpg","public/images/products/fittings/hard-tube-fittings/high-pressure-fitting/pnc6-u32-16-pk-n-main.jpg","是","42196","2e64ac4ea9b7c409fe95636480c9ecb44da9c154ccb7328d657e13339019ba1f","产品图","","","","","true","/products/fittings/hard-tube-fittings/pnc6-u32-16-pk-n"
"136005","G-178-32-PA-V","过滤器","G","/images/products/fittings/filters/products/g-178-32-pa-v-main.jpg","public/images/products/fittings/filters/products/g-178-32-pa-v-main.jpg","是","23465","6ebfab4a760e61847f1bc6af7281d3819ca58c2c8d78e24f22f54060dd38f338","产品图","","","","","true","/products/fittings/filters/g-178-32-pa-v"
"136004","G-178-48-PA-V","过滤器","G","/images/products/fittings/filters/products/g-178-48-pa-v-main.jpg","public/images/products/fittings/filters/products/g-178-48-pa-v-main.jpg","是","21677","0efd721f5568c3658596b7f9942713e434f34d945143dee5d9f4e65193bc33a5","产品图","","","","","true","/products/fittings/filters/g-178-48-pa-v"
"136003","G-178-64-PA-V","过滤器","G","/images/products/fittings/filters/products/g-178-64-pa-v-main.jpg","public/images/products/fittings/filters/products/g-178-64-pa-v-main.jpg","是","23087","4e3a7b5fa8eacb24be9694539eeee929f5692c43ac0d5b69e91be12007b329ab","产品图","","","","","true","/products/fittings/filters/g-178-64-pa-v"
"809927","标滚卡箍接头HNE-U28-32-PP-N","环保接头","FIT+H","/images/resources/selection-support/fitting-replacement/compatible-model-placeholder.svg","public/images/resources/selection-support/fitting-replacement/compatible-model-placeholder.svg","是","4784","e1e185cde88f390bce56717d0f823769030d43e982a4ba3c1d70d57aa94014aa","占位图","Logo/占位图/默认图","同一路径被 25 个商品编码复用","相同图片内容被 25 个商品编码复用","Logo/占位图/默认图；同一路径被 25 个商品编码复用；相同图片内容被 25 个商品编码复用","true","/products/fittings/hard-tube-fittings/hne-u28-32-pp-n"
"809922","紧凑六方卡箍接头HNE6-U28-32-PS-B","环保接头","FIT+H","/images/resources/selection-support/fitting-replacement/compatible-model-placeholder.svg","public/images/resources/selection-support/fitting-replacement/compatible-model-placeholder.svg","是","4784","e1e185cde88f390bce56717d0f823769030d43e982a4ba3c1d70d57aa94014aa","占位图","Logo/占位图/默认图","同一路径被 25 个商品编码复用","相同图片内容被 25 个商品编码复用","Logo/占位图/默认图；同一路径被 25 个商品编码复用；相同图片内容被 25 个商品编码复用","true","/products/fittings/hard-tube-fittings/hne6-u28-32-ps-b"
"809421","HFL-M6-16-PV-B","旧版标滚平底接头","FIT+H","/images/products/fittings/hard-tube-fittings/standard-flat-bottom-fitting/hfl-m6-16-pv-b-main.jpg","public/images/products/fittings/hard-tube-fittings/standard-flat-bottom-fitting/hfl-m6-16-pv-b-main.jpg","是","49636","49e1d756ae3e3aded95b0ffb271180aaff928d52992d8d9d3dbbb1ae3cf1ff05","产品图","","","","","true","/products/fittings/hard-tube-fittings/hfl-m6-16-pv-b"
"809423","HFL-M6-32-PV-B","旧版标滚平底接头","FIT+H","/images/products/fittings/hard-tube-fittings/standard-flat-bottom-fitting/hfl-m6-32-pv-b-main.jpg","public/images/products/fittings/hard-tube-fittings/standard-flat-bottom-fitting/hfl-m6-32-pv-b-main.jpg","是","50737","228a3b78c28b0ff47a085d81ed4708a014d3c4a0f9f0dbda6c52e92aee11e7b7","产品图","","","","","true","/products/fittings/hard-tube-fittings/hfl-m6-32-pv-b"
"809391","HFL-U28-16-PV-B","旧版标滚平底接头","FIT+H","/images/products/fittings/hard-tube-fittings/standard-flat-bottom-fitting/hfl-u28-16-pv-b-main.jpg","public/images/products/fittings/hard-tube-fittings/standard-flat-bottom-fitting/hfl-u28-16-pv-b-main.jpg","是","51000","e5ffa512b3eea8806243dd414beb850e3eaad586a48cb88146845d41d974248c","产品图","","","","","true","/products/fittings/hard-tube-fittings/hfl-u28-16-pv-b"
"809030","HFL-U28-16-PV-N","旧版标滚平底接头","FIT+H","/images/products/fittings/hard-tube-fittings/standard-flat-bottom-fitting/hfl-u28-16-pv-n-main.jpg","public/images/products/fittings/hard-tube-fittings/standard-flat-bottom-fitting/hfl-u28-16-pv-n-main.jpg","是","36539","491d6986b8cd7cd8ba16f686d605e8f233b01fa9e8c88c9ab2e5d6d347c34568","产品图","","","","","true","/products/fittings/hard-tube-fittings/hfl-u28-16-pv-n"
"809040","HFL-U28-20-PV-N","旧版标滚平底接头","FIT+H","/images/products/fittings/hard-tube-fittings/standard-flat-bottom-fitting/hfl-u28-20-pv-n-main.jpg","public/images/products/fittings/hard-tube-fittings/standard-flat-bottom-fitting/hfl-u28-20-pv-n-main.jpg","是","36400","a14f5ec48ccd0a5560d3b6a66b089ef55546fc2f61e5bb2f8058008d2eeaea44","产品图","","","","","true","/products/fittings/hard-tube-fittings/hfl-u28-20-pv-n"
"809052","HFL-U28-25-PV-N","旧版标滚平底接头","FIT+H","/images/products/fittings/hard-tube-fittings/standard-flat-bottom-fitting/hfl-u28-25-pv-n-main.jpg","public/images/products/fittings/hard-tube-fittings/standard-flat-bottom-fitting/hfl-u28-25-pv-n-main.jpg","是","36425","18dba34778bd039b05819c35146e23d5aa8cf6eed55402e16cba0023ce5c6cc8","产品图","","","","","true","/products/fittings/hard-tube-fittings/hfl-u28-25-pv-n"
"809047","HFL-U28-30-PV-N","旧版标滚平底接头","FIT+H","/images/products/fittings/hard-tube-fittings/standard-flat-bottom-fitting/hfl-u28-30-pv-n-main.jpg","public/images/products/fittings/hard-tube-fittings/standard-flat-bottom-fitting/hfl-u28-30-pv-n-main.jpg","是","36677","f490d67d669fdcdca1a3c3a34da362b7f371bf26b24bed87908d3ff58a662b53","产品图","","","","","true","/products/fittings/hard-tube-fittings/hfl-u28-30-pv-n"
"809035","HFL-U28-32-PV-N","旧版标滚平底接头","FIT+H","/images/products/fittings/hard-tube-fittings/standard-flat-bottom-fitting/hfl-u28-32-pv-n-main.jpg","public/images/products/fittings/hard-tube-fittings/standard-flat-bottom-fitting/hfl-u28-32-pv-n-main.jpg","是","36751","8736aca4465031c5a9307ee4fc8c7c8decbdcff446ae9be797c4a185be9a8f28","产品图","","","","","true","/products/fittings/hard-tube-fittings/hfl-u28-32-pv-n"
"809128","HNF6-M6-16-PS-B","旧版紧凑卡箍接头","FIT+H","/images/products/fittings/hard-tube-fittings/compact-ferrule-fitting/hnf6-m6-16-main.jpg","public/images/products/fittings/hard-tube-fittings/compact-ferrule-fitting/hnf6-m6-16-main.jpg","是","43566","747cac213121233cb2e87a8cf72afb306f736dbced1766bbe34e7c39f55727d9","产品图","","","","","true","/products/fittings/hard-tube-fittings/hnf6-m6-16-ps-b"
"809138","HNF6-M6-32-PS-B","旧版紧凑卡箍接头","FIT+H","/images/products/fittings/hard-tube-fittings/compact-ferrule-fitting/hnf6-m6-32-main.jpg","public/images/products/fittings/hard-tube-fittings/compact-ferrule-fitting/hnf6-m6-32-main.jpg","是","44752","aca53d461985da5cb558b49d2bfd7a08471d96a54dcfd800ed038f527c6b9e39","产品图","","","","","true","/products/fittings/hard-tube-fittings/hnf6-m6-32-ps-b"
"809127","HNF6-U28-16-PS-B","旧版紧凑卡箍接头","FIT+H","/images/products/fittings/hard-tube-fittings/compact-ferrule-fitting/hnf6-u28-16-main.jpg","public/images/products/fittings/hard-tube-fittings/compact-ferrule-fitting/hnf6-u28-16-main.jpg","是","46281","f771ac6dbbc862400d0db3dbefdbb9edd2027515a840975c7acacd1979a830a3","产品图","","","","","true","/products/fittings/hard-tube-fittings/hnf6-u28-16-ps-b"
"809137","HNF6-U28-32-PS-B","旧版紧凑卡箍接头","FIT+H","/images/products/fittings/hard-tube-fittings/compact-ferrule-fitting/hnf6-u28-32-main.jpg","public/images/products/fittings/hard-tube-fittings/compact-ferrule-fitting/hnf6-u28-32-main.jpg","是","47278","87646c9446b65da4e8521811c712a899e57135fc08506a6ced32d37eb83142c5","产品图","","","","","true","/products/fittings/hard-tube-fittings/hnf6-u28-32-ps-b"
"809058","HFL6-M6-16-PS-B","旧版紧凑平底接头","FIT+H","/images/products/fittings/hard-tube-fittings/compact-flat-bottom-fitting/hfl6-m6-16-main.jpg","public/images/products/fittings/hard-tube-fittings/compact-flat-bottom-fitting/hfl6-m6-16-main.jpg","是","37372","89ee4c3530fabddd9276da4a72e09f6a65d0fae88f61904732699192a60f0425","产品图","","","","","true","/products/fittings/hard-tube-fittings/hfl6-m6-16-ps-b"
"809078","HFL6-M6-20-PS-B","旧版紧凑平底接头","FIT+H","/images/products/fittings/hard-tube-fittings/compact-flat-bottom-fitting/hfl6-m6-20-main.jpg","public/images/products/fittings/hard-tube-fittings/compact-flat-bottom-fitting/hfl6-m6-20-main.jpg","是","34779","6f4d0dcc05f3bf6ef8c4470cb1ffcfdd6eeb03791b876f48e235e2ecb2c73114","产品图","","","","","true","/products/fittings/hard-tube-fittings/hfl6-m6-20-ps-b"
"809098","HFL6-M6-25-PS-B","旧版紧凑平底接头","FIT+H","/images/products/fittings/hard-tube-fittings/compact-flat-bottom-fitting/hfl6-m6-25-main.jpg","public/images/products/fittings/hard-tube-fittings/compact-flat-bottom-fitting/hfl6-m6-25-main.jpg","是","35878","49e7977c26296ca422877c9a5f6a6f5fd296cc3593a4efb5d6a42e994c1888eb","产品图","","","","","true","/products/fittings/hard-tube-fittings/hfl6-m6-25-ps-b"
"809088","HFL6-M6-30-PS-B","旧版紧凑平底接头","FIT+H","/images/products/fittings/hard-tube-fittings/compact-flat-bottom-fitting/hfl6-m6-30-main.jpg","public/images/products/fittings/hard-tube-fittings/compact-flat-bottom-fitting/hfl6-m6-30-main.jpg","是","36236","59c6281694a0f3735c699f210415ca8fde7dfdb3288766ff0afba28242891e3b","产品图","","","","","true","/products/fittings/hard-tube-fittings/hfl6-m6-30-ps-b"
"809057","HFL6-U28-16-PS-B","旧版紧凑平底接头","FIT+H","/images/products/fittings/hard-tube-fittings/compact-flat-bottom-fitting/hfl6-u28-16-main.jpg","public/images/products/fittings/hard-tube-fittings/compact-flat-bottom-fitting/hfl6-u28-16-main.jpg","是","37138","621ed2e0619c530fc7c7317a8c2eef0c507fb552a246e0ed01acfcd54452cd3a","产品图","","同一路径被 2 个商品编码复用","相同图片内容被 2 个商品编码复用","同一路径被 2 个商品编码复用；相同图片内容被 2 个商品编码复用","true","/products/fittings/hard-tube-fittings/hfl6-u28-16-ps-b"
"809550","HFL6-U28-16-PS-U","旧版紧凑平底接头","FIT+H","/images/products/fittings/hard-tube-fittings/compact-flat-bottom-fitting/hfl6-u28-16-main.jpg","public/images/products/fittings/hard-tube-fittings/compact-flat-bottom-fitting/hfl6-u28-16-main.jpg","是","37138","621ed2e0619c530fc7c7317a8c2eef0c507fb552a246e0ed01acfcd54452cd3a","产品图","","同一路径被 2 个商品编码复用","相同图片内容被 2 个商品编码复用","同一路径被 2 个商品编码复用；相同图片内容被 2 个商品编码复用","true","/products/fittings/hard-tube-fittings/hfl6-u28-16-ps-u"
"809077","HFL6-U28-20-PS-B","旧版紧凑平底接头","FIT+H","/images/products/fittings/hard-tube-fittings/compact-flat-bottom-fitting/hfl6-u28-20-main.jpg","public/images/products/fittings/hard-tube-fittings/compact-flat-bottom-fitting/hfl6-u28-20-main.jpg","是","37755","0f8c1b829daacc7a5c64c6f961b852695717fe64fa290b692a9a79e730178915","产品图","","","","","true","/products/fittings/hard-tube-fittings/hfl6-u28-20-ps-b"
"809097","HFL6-U28-25-PS-B","旧版紧凑平底接头","FIT+H","/images/products/fittings/hard-tube-fittings/compact-flat-bottom-fitting/hfl6-u28-25-main.jpg","public/images/products/fittings/hard-tube-fittings/compact-flat-bottom-fitting/hfl6-u28-25-main.jpg","是","37546","139f86ec24876a565c958868afaad6dd878dbe26f4beb2fc18d79da1ea43a8c7","产品图","","","","","true","/products/fittings/hard-tube-fittings/hfl6-u28-25-ps-b"
"809087","HFL6-U28-30-PS-B","旧版紧凑平底接头","FIT+H","/images/products/fittings/hard-tube-fittings/compact-flat-bottom-fitting/hfl6-u28-30-main.jpg","public/images/products/fittings/hard-tube-fittings/compact-flat-bottom-fitting/hfl6-u28-30-main.jpg","是","37581","f29469061bd6cd99f4dabbda6980490d3e79daea6c79ebb27ee5c8f67e9025d2","产品图","","","","","true","/products/fittings/hard-tube-fittings/hfl6-u28-30-ps-b"
"809201","CL-0-16-ET-N","卡箍","FIT+CL","/images/resources/selection-support/fitting-replacement/compatible-model-placeholder.svg","public/images/resources/selection-support/fitting-replacement/compatible-model-placeholder.svg","是","4784","e1e185cde88f390bce56717d0f823769030d43e982a4ba3c1d70d57aa94014aa","占位图","Logo/占位图/默认图","同一路径被 25 个商品编码复用","相同图片内容被 25 个商品编码复用","Logo/占位图/默认图；同一路径被 25 个商品编码复用；相同图片内容被 25 个商品编码复用","true",""
"809205","CL-0-20-ET-N","卡箍","FIT+CL","/images/resources/selection-support/fitting-replacement/compatible-model-placeholder.svg","public/images/resources/selection-support/fitting-replacement/compatible-model-placeholder.svg","是","4784","e1e185cde88f390bce56717d0f823769030d43e982a4ba3c1d70d57aa94014aa","占位图","Logo/占位图/默认图","同一路径被 25 个商品编码复用","相同图片内容被 25 个商品编码复用","Logo/占位图/默认图；同一路径被 25 个商品编码复用；相同图片内容被 25 个商品编码复用","true",""
"809207","CL-0-25-ET-N","卡箍","FIT+CL","/images/resources/selection-support/fitting-replacement/compatible-model-placeholder.svg","public/images/resources/selection-support/fitting-replacement/compatible-model-placeholder.svg","是","4784","e1e185cde88f390bce56717d0f823769030d43e982a4ba3c1d70d57aa94014aa","占位图","Logo/占位图/默认图","同一路径被 25 个商品编码复用","相同图片内容被 25 个商品编码复用","Logo/占位图/默认图；同一路径被 25 个商品编码复用；相同图片内容被 25 个商品编码复用","true",""
"809209","CL-0-30-ET-N","卡箍","FIT+CL","/images/resources/selection-support/fitting-replacement/compatible-model-placeholder.svg","public/images/resources/selection-support/fitting-replacement/compatible-model-placeholder.svg","是","4784","e1e185cde88f390bce56717d0f823769030d43e982a4ba3c1d70d57aa94014aa","占位图","Logo/占位图/默认图","同一路径被 25 个商品编码复用","相同图片内容被 25 个商品编码复用","Logo/占位图/默认图；同一路径被 25 个商品编码复用；相同图片内容被 25 个商品编码复用","true",""
"809203","CL-0-32-ET-N","卡箍","FIT+CL","/images/resources/selection-support/fitting-replacement/compatible-model-placeholder.svg","public/images/resources/selection-support/fitting-replacement/compatible-model-placeholder.svg","是","4784","e1e185cde88f390bce56717d0f823769030d43e982a4ba3c1d70d57aa94014aa","占位图","Logo/占位图/默认图","同一路径被 25 个商品编码复用","相同图片内容被 25 个商品编码复用","Logo/占位图/默认图；同一路径被 25 个商品编码复用；相同图片内容被 25 个商品编码复用","true",""
"809731","CL-0X-16-ET-N","卡箍","FIT+CL","/images/resources/selection-support/fitting-replacement/compatible-model-placeholder.svg","public/images/resources/selection-support/fitting-replacement/compatible-model-placeholder.svg","是","4784","e1e185cde88f390bce56717d0f823769030d43e982a4ba3c1d70d57aa94014aa","占位图","Logo/占位图/默认图","同一路径被 25 个商品编码复用","相同图片内容被 25 个商品编码复用","Logo/占位图/默认图；同一路径被 25 个商品编码复用；相同图片内容被 25 个商品编码复用","true",""
"809734","CL-0X-20-ET-N","卡箍","FIT+CL","/images/resources/selection-support/fitting-replacement/compatible-model-placeholder.svg","public/images/resources/selection-support/fitting-replacement/compatible-model-placeholder.svg","是","4784","e1e185cde88f390bce56717d0f823769030d43e982a4ba3c1d70d57aa94014aa","占位图","Logo/占位图/默认图","同一路径被 25 个商品编码复用","相同图片内容被 25 个商品编码复用","Logo/占位图/默认图；同一路径被 25 个商品编码复用；相同图片内容被 25 个商品编码复用","true",""
"809735","CL-0X-25-ET-N","卡箍","FIT+CL","/images/resources/selection-support/fitting-replacement/compatible-model-placeholder.svg","public/images/resources/selection-support/fitting-replacement/compatible-model-placeholder.svg","是","4784","e1e185cde88f390bce56717d0f823769030d43e982a4ba3c1d70d57aa94014aa","占位图","Logo/占位图/默认图","同一路径被 25 个商品编码复用","相同图片内容被 25 个商品编码复用","Logo/占位图/默认图；同一路径被 25 个商品编码复用；相同图片内容被 25 个商品编码复用","true",""
"809736","CL-0X-30-ET-N","卡箍","FIT+CL","/images/resources/selection-support/fitting-replacement/compatible-model-placeholder.svg","public/images/resources/selection-support/fitting-replacement/compatible-model-placeholder.svg","是","4784","e1e185cde88f390bce56717d0f823769030d43e982a4ba3c1d70d57aa94014aa","占位图","Logo/占位图/默认图","同一路径被 25 个商品编码复用","相同图片内容被 25 个商品编码复用","Logo/占位图/默认图；同一路径被 25 个商品编码复用；相同图片内容被 25 个商品编码复用","true",""
"809780","CL-0X-32-ET-N","卡箍","FIT+CL","/images/resources/selection-support/fitting-replacement/compatible-model-placeholder.svg","public/images/resources/selection-support/fitting-replacement/compatible-model-placeholder.svg","是","4784","e1e185cde88f390bce56717d0f823769030d43e982a4ba3c1d70d57aa94014aa","占位图","Logo/占位图/默认图","同一路径被 25 个商品编码复用","相同图片内容被 25 个商品编码复用","Logo/占位图/默认图；同一路径被 25 个商品编码复用；相同图片内容被 25 个商品编码复用","true",""
"809937","HSF-U28-16-PK-N","卡环接头","FIT+H","/images/resources/selection-support/fitting-replacement/compatible-model-placeholder.svg","public/images/resources/selection-support/fitting-replacement/compatible-model-placeholder.svg","是","4784","e1e185cde88f390bce56717d0f823769030d43e982a4ba3c1d70d57aa94014aa","占位图","Logo/占位图/默认图","同一路径被 25 个商品编码复用","相同图片内容被 25 个商品编码复用","Logo/占位图/默认图；同一路径被 25 个商品编码复用；相同图片内容被 25 个商品编码复用","true","/products/fittings/hard-tube-fittings/hsf-u28-16-pk-n"
"809861","HSF-U28-32-PEEK-N","卡环接头","FIT+H","/images/resources/selection-support/fitting-replacement/compatible-model-placeholder.svg","public/images/resources/selection-support/fitting-replacement/compatible-model-placeholder.svg","是","4784","e1e185cde88f390bce56717d0f823769030d43e982a4ba3c1d70d57aa94014aa","占位图","Logo/占位图/默认图","同一路径被 25 个商品编码复用","相同图片内容被 25 个商品编码复用","Logo/占位图/默认图；同一路径被 25 个商品编码复用；相同图片内容被 25 个商品编码复用","true","/products/fittings/hard-tube-fittings/hsf-u28-32-peek-n"
"809814","HSF6-U28-16-PS-B","卡环接头","FIT+H","/images/resources/selection-support/fitting-replacement/compatible-model-placeholder.svg","public/images/resources/selection-support/fitting-replacement/compatible-model-placeholder.svg","是","4784","e1e185cde88f390bce56717d0f823769030d43e982a4ba3c1d70d57aa94014aa","占位图","Logo/占位图/默认图","同一路径被 25 个商品编码复用","相同图片内容被 25 个商品编码复用","Logo/占位图/默认图；同一路径被 25 个商品编码复用；相同图片内容被 25 个商品编码复用","true","/products/fittings/hard-tube-fittings/hsf6-u28-16-ps-b"
"809828","HSF6-U28-32-PK-N","卡环接头","FIT+H","/images/resources/selection-support/fitting-replacement/compatible-model-placeholder.svg","public/images/resources/selection-support/fitting-replacement/compatible-model-placeholder.svg","是","4784","e1e185cde88f390bce56717d0f823769030d43e982a4ba3c1d70d57aa94014aa","占位图","Logo/占位图/默认图","同一路径被 25 个商品编码复用","相同图片内容被 25 个商品编码复用","Logo/占位图/默认图；同一路径被 25 个商品编码复用；相同图片内容被 25 个商品编码复用","true","/products/fittings/hard-tube-fittings/hsf6-u28-32-pk-n"
"809815","HSF6-U28-32-PS-B","卡环接头","FIT+H","/images/resources/selection-support/fitting-replacement/compatible-model-placeholder.svg","public/images/resources/selection-support/fitting-replacement/compatible-model-placeholder.svg","是","4784","e1e185cde88f390bce56717d0f823769030d43e982a4ba3c1d70d57aa94014aa","占位图","Logo/占位图/默认图","同一路径被 25 个商品编码复用","相同图片内容被 25 个商品编码复用","Logo/占位图/默认图；同一路径被 25 个商品编码复用；相同图片内容被 25 个商品编码复用","true","/products/fittings/hard-tube-fittings/hsf6-u28-32-ps-b"
"809945","紧凑卡环接头HSF6-U28-16-PK-N","卡环接头","FIT+H","/images/resources/selection-support/fitting-replacement/compatible-model-placeholder.svg","public/images/resources/selection-support/fitting-replacement/compatible-model-placeholder.svg","是","4784","e1e185cde88f390bce56717d0f823769030d43e982a4ba3c1d70d57aa94014aa","占位图","Logo/占位图/默认图","同一路径被 25 个商品编码复用","相同图片内容被 25 个商品编码复用","Logo/占位图/默认图；同一路径被 25 个商品编码复用；相同图片内容被 25 个商品编码复用","true","/products/fittings/hard-tube-fittings/hsf6-u28-16-pk-n"
"809654","CL-1-16","卡环套件","FIT+CL","/images/resources/selection-support/fitting-replacement/compatible-model-placeholder.svg","public/images/resources/selection-support/fitting-replacement/compatible-model-placeholder.svg","是","4784","e1e185cde88f390bce56717d0f823769030d43e982a4ba3c1d70d57aa94014aa","占位图","Logo/占位图/默认图","同一路径被 25 个商品编码复用","相同图片内容被 25 个商品编码复用","Logo/占位图/默认图；同一路径被 25 个商品编码复用；相同图片内容被 25 个商品编码复用","true",""
"809801","CL-1S-16","卡环套件","FIT+CL","/images/resources/selection-support/fitting-replacement/compatible-model-placeholder.svg","public/images/resources/selection-support/fitting-replacement/compatible-model-placeholder.svg","是","4784","e1e185cde88f390bce56717d0f823769030d43e982a4ba3c1d70d57aa94014aa","占位图","Logo/占位图/默认图","同一路径被 25 个商品编码复用","相同图片内容被 25 个商品编码复用","Logo/占位图/默认图；同一路径被 25 个商品编码复用；相同图片内容被 25 个商品编码复用","true",""
"809802","CL-1S-20","卡环套件","FIT+CL","/images/resources/selection-support/fitting-replacement/compatible-model-placeholder.svg","public/images/resources/selection-support/fitting-replacement/compatible-model-placeholder.svg","是","4784","e1e185cde88f390bce56717d0f823769030d43e982a4ba3c1d70d57aa94014aa","占位图","Logo/占位图/默认图","同一路径被 25 个商品编码复用","相同图片内容被 25 个商品编码复用","Logo/占位图/默认图；同一路径被 25 个商品编码复用；相同图片内容被 25 个商品编码复用","true",""
"809803","CL-1S-25","卡环套件","FIT+CL","/images/resources/selection-support/fitting-replacement/compatible-model-placeholder.svg","public/images/resources/selection-support/fitting-replacement/compatible-model-placeholder.svg","是","4784","e1e185cde88f390bce56717d0f823769030d43e982a4ba3c1d70d57aa94014aa","占位图","Logo/占位图/默认图","同一路径被 25 个商品编码复用","相同图片内容被 25 个商品编码复用","Logo/占位图/默认图；同一路径被 25 个商品编码复用；相同图片内容被 25 个商品编码复用","true",""
"809804","CL-1S-30","卡环套件","FIT+CL","/images/resources/selection-support/fitting-replacement/compatible-model-placeholder.svg","public/images/resources/selection-support/fitting-replacement/compatible-model-placeholder.svg","是","4784","e1e185cde88f390bce56717d0f823769030d43e982a4ba3c1d70d57aa94014aa","占位图","Logo/占位图/默认图","同一路径被 25 个商品编码复用","相同图片内容被 25 个商品编码复用","Logo/占位图/默认图；同一路径被 25 个商品编码复用；相同图片内容被 25 个商品编码复用","true",""
"809805","CL-1S-32","卡环套件","FIT+CL","/images/resources/selection-support/fitting-replacement/compatible-model-placeholder.svg","public/images/resources/selection-support/fitting-replacement/compatible-model-placeholder.svg","是","4784","e1e185cde88f390bce56717d0f823769030d43e982a4ba3c1d70d57aa94014aa","占位图","Logo/占位图/默认图","同一路径被 25 个商品编码复用","相同图片内容被 25 个商品编码复用","Logo/占位图/默认图；同一路径被 25 个商品编码复用；相同图片内容被 25 个商品编码复用","true",""
"809653","CL-1X-16","卡环套件","FIT+CL","/images/resources/selection-support/fitting-replacement/compatible-model-placeholder.svg","public/images/resources/selection-support/fitting-replacement/compatible-model-placeholder.svg","是","4784","e1e185cde88f390bce56717d0f823769030d43e982a4ba3c1d70d57aa94014aa","占位图","Logo/占位图/默认图","同一路径被 25 个商品编码复用","相同图片内容被 25 个商品编码复用","Logo/占位图/默认图；同一路径被 25 个商品编码复用；相同图片内容被 25 个商品编码复用","true",""
"839041","Q2001-PMV-SACN","快插接头","Q20","/images/resources/selection-support/fitting-replacement/q20/products/Q2001-PMV-SACN.webp","public/images/resources/selection-support/fitting-replacement/q20/products/Q2001-PMV-SACN.webp","是","15468","1789b63bf3b4270fc9762664ef4c321ceb70d06d9907eaaf5d67af8632102676","产品图","","","","","true","/products/fittings/quick-connect-fittings/q2001-pmv-sacn"
"839085","Q2001-PMV-SPPE","快插接头","Q20","/images/resources/selection-support/fitting-replacement/q20/products/Q2001-PMV-SPPE.webp","public/images/resources/selection-support/fitting-replacement/q20/products/Q2001-PMV-SPPE.webp","是","24814","bf36733fdcabfa4aa299457754b2d1c56e62dc292746d3a719c5157a86bc2eb5","产品图","","","","","true","/products/fittings/quick-connect-fittings/q2001-pmv-sppe"
"839019","Q2001-PMX-SACN","快插接头","Q20","/images/resources/selection-support/fitting-replacement/q20/products/Q2001-PMX-SACN.webp","public/images/resources/selection-support/fitting-replacement/q20/products/Q2001-PMX-SACN.webp","是","29020","3888f821a0f87498a5a57805ff0763272a1eb45f09a34912f11dd301c12dd522","产品图","","","","","true","/products/fittings/quick-connect-fittings/q2001-pmx-sacn"
"839063","Q2001-PMX-SPPE","快插接头","Q20","/images/resources/selection-support/fitting-replacement/q20/products/Q2001-PMX-SPPE.webp","public/images/resources/selection-support/fitting-replacement/q20/products/Q2001-PMX-SPPE.webp","是","39696","9428bc016349fa28f75fd39aea1e4a2c849e429c51f2c5d53dd836ac0f9421bd","产品图","","","","","true","/products/fittings/quick-connect-fittings/q2001-pmx-sppe"
"839034","Q2001-PNV-SACN","快插接头","Q20","/images/resources/selection-support/fitting-replacement/q20/products/Q2001-PNV-SACN.webp","public/images/resources/selection-support/fitting-replacement/q20/products/Q2001-PNV-SACN.webp","是","9614","c6c1ea1f2317f56c22b326be149edafd88082bf537f26c1a53b812f3687f0e3b","产品图","","","","","true","/products/fittings/quick-connect-fittings/q2001-pnv-sacn"
"839078","Q2001-PNV-SPPE","快插接头","Q20","/images/resources/selection-support/fitting-replacement/q20/products/Q2001-PNV-SPPE.webp","public/images/resources/selection-support/fitting-replacement/q20/products/Q2001-PNV-SPPE.webp","是","18298","781212ce3c19aaabc3fdc70545c05bfa2bc0c61de58ff5631adc2b0fbac7460e","产品图","","","","","true","/products/fittings/quick-connect-fittings/q2001-pnv-sppe"
"839012","Q2001-PNX-SACN","快插接头","Q20","/images/resources/selection-support/fitting-replacement/q20/products/Q2001-PNX-SACN.webp","public/images/resources/selection-support/fitting-replacement/q20/products/Q2001-PNX-SACN.webp","是","11792","eb3d9501352de82974c674f8d44f423794466e24ff9e0ab3463114081a176f8d","产品图","","","","","true","/products/fittings/quick-connect-fittings/q2001-pnx-sacn"
"839056","Q2001-PNX-SPPE","快插接头","Q20","/images/resources/selection-support/fitting-replacement/q20/products/Q2001-PNX-SPPE.webp","public/images/resources/selection-support/fitting-replacement/q20/products/Q2001-PNX-SPPE.webp","是","20650","9a8d4e62910785b13f994979219ed00aa5555e474bcb705cd248f96c75c66a72","产品图","","","","","true","/products/fittings/quick-connect-fittings/q2001-pnx-sppe"
"839030","Q2001-SMV-SACN","快插接头","Q20","/images/resources/selection-support/fitting-replacement/q20/products/Q2001-SMV-SACN.webp","public/images/resources/selection-support/fitting-replacement/q20/products/Q2001-SMV-SACN.webp","是","20896","e6115c48be8c47ec67f2021215ea3888791b9c85a8792a194cd4598e9812990f","产品图","","","","","true","/products/fittings/quick-connect-fittings/q2001-smv-sacn"
"839074","Q2001-SMV-SPPE","快插接头","Q20","/images/resources/selection-support/fitting-replacement/q20/products/Q2001-SMV-SPPE.webp","public/images/resources/selection-support/fitting-replacement/q20/products/Q2001-SMV-SPPE.webp","是","31492","0750b41007290ad4d0123ba8e1c4b087ce2ba5d4384deee311fed34020d1146f","产品图","","","","","true","/products/fittings/quick-connect-fittings/q2001-smv-sppe"
"839008","Q2001-SMX-SACN","快插接头","Q20","/images/resources/selection-support/fitting-replacement/q20/products/Q2001-SMX-SACN.webp","public/images/resources/selection-support/fitting-replacement/q20/products/Q2001-SMX-SACN.webp","是","18390","d5fae828d1ecb4be9e62586d50fbf18c5f9b3551ffa9d1954c41578cf44b17e1","产品图","","","","","true","/products/fittings/quick-connect-fittings/q2001-smx-sacn"
"839052","Q2001-SMX-SPPE","快插接头","Q20","/images/resources/selection-support/fitting-replacement/q20/products/Q2001-SMX-SPPE.webp","public/images/resources/selection-support/fitting-replacement/q20/products/Q2001-SMX-SPPE.webp","是","30920","ca2aa8987e9d5fb49ed2cf6dcf0e502529a35e120a5f82ea75ca039532b44522","产品图","","","","","true","/products/fittings/quick-connect-fittings/q2001-smx-sppe"
"839023","Q2001-SNV-SACN","快插接头","Q20","/images/resources/selection-support/fitting-replacement/q20/products/Q2001-SNV-SACN.webp","public/images/resources/selection-support/fitting-replacement/q20/products/Q2001-SNV-SACN.webp","是","15528","9495856f5f29e4c25f31b20411edbe645b1d35ffb89ef0a3f13b6bdb5730fe36","产品图","","","","","true","/products/fittings/quick-connect-fittings/q2001-snv-sacn"
"839067","Q2001-SNV-SPPE","快插接头","Q20","/images/resources/selection-support/fitting-replacement/q20/products/Q2001-SNV-SPPE.webp","public/images/resources/selection-support/fitting-replacement/q20/products/Q2001-SNV-SPPE.webp","是","29276","9bb2275704d3d46e2913387a49cd84890dfa8b06adb77dfa7f0c4ef49210ca1e","产品图","","","","","true","/products/fittings/quick-connect-fittings/q2001-snv-sppe"
"839001","Q2001-SNX-SACN","快插接头","Q20","/images/resources/selection-support/fitting-replacement/q20/products/Q2001-SNX-SACN.webp","public/images/resources/selection-support/fitting-replacement/q20/products/Q2001-SNX-SACN.webp","是","16262","1acae01552dbf9e0dbf76242525f2f19830b9321b6cbf44431d131cece83f298","产品图","","","","","true","/products/fittings/quick-connect-fittings/q2001-snx-sacn"
"839045","Q2001-SNX-SPPE","快插接头","Q20","/images/resources/selection-support/fitting-replacement/q20/products/Q2001-SNX-SPPE.webp","public/images/resources/selection-support/fitting-replacement/q20/products/Q2001-SNX-SPPE.webp","是","27258","48c28f5f9382e29afd757e5b3a4ae8d63a69cd88d3f27691b4e127e6bfd04c6a","产品图","","","","","true","/products/fittings/quick-connect-fittings/q2001-snx-sppe"
"839042","Q2002-PMV-SACN","快插接头","Q20","/images/resources/selection-support/fitting-replacement/q20/products/Q2002-PMV-SACN.webp","public/images/resources/selection-support/fitting-replacement/q20/products/Q2002-PMV-SACN.webp","是","13016","5a886df346fddafb7f583e7a195fb832a79aa294c85b53e0f8dab5f12620909e","产品图","","","","","true","/products/fittings/quick-connect-fittings/q2002-pmv-sacn"
"839086","Q2002-PMV-SPPE","快插接头","Q20","/images/resources/selection-support/fitting-replacement/q20/products/Q2002-PMV-SPPE.webp","public/images/resources/selection-support/fitting-replacement/q20/products/Q2002-PMV-SPPE.webp","是","19056","6ac394942975e689758cfdf7b07bdd1617f269ecfd7e70e1406757c4c4305625","产品图","","","","","true","/products/fittings/quick-connect-fittings/q2002-pmv-sppe"
"839020","Q2002-PMX-SACN","快插接头","Q20","/images/resources/selection-support/fitting-replacement/q20/products/Q2002-PMX-SACN.webp","public/images/resources/selection-support/fitting-replacement/q20/products/Q2002-PMX-SACN.webp","是","12616","b4d7ec0deb536106059d4b3e9ded553373a075ba027322f80c636515b30ad008","产品图","","","","","true","/products/fittings/quick-connect-fittings/q2002-pmx-sacn"
"839064","Q2002-PMX-SPPE","快插接头","Q20","/images/resources/selection-support/fitting-replacement/q20/products/Q2002-PMX-SPPE.webp","public/images/resources/selection-support/fitting-replacement/q20/products/Q2002-PMX-SPPE.webp","是","18616","a600995af6efb9e4c2bad45ae360f9b2777ebff1207a832a2eaff8e664749ed6","产品图","","","","","true","/products/fittings/quick-connect-fittings/q2002-pmx-sppe"
"839038","Q2002-PNV-LACN","快插接头","Q20","/images/resources/selection-support/fitting-replacement/q20/products/Q2002-PNV-LACN.webp","public/images/resources/selection-support/fitting-replacement/q20/products/Q2002-PNV-LACN.webp","是","9798","0da8f87c74e1294eb88e6edc3329df07b8aac13dae9e0361f4a0d1b48398222f","产品图","","","","","true","/products/fittings/quick-connect-fittings/q2002-pnv-lacn"
"839082","Q2002-PNV-LPPE","快插接头","Q20","/images/resources/selection-support/fitting-replacement/q20/products/Q2002-PNV-LPPE.webp","public/images/resources/selection-support/fitting-replacement/q20/products/Q2002-PNV-LPPE.webp","是","16550","d65bb9373b83a2f601362675c926a2dc64dcf4b65ee7492b515d7a3db24d59b7","产品图","","","","","true","/products/fittings/quick-connect-fittings/q2002-pnv-lppe"
"839035","Q2002-PNV-SACN","快插接头","Q20","/images/resources/selection-support/fitting-replacement/q20/products/Q2002-PNV-SACN.webp","public/images/resources/selection-support/fitting-replacement/q20/products/Q2002-PNV-SACN.webp","是","9818","c66dfbc5b2b28c2ae772b45a273bf0465f7ad3dd438d1a552dbedcab295a45e7","产品图","","","","","true","/products/fittings/quick-connect-fittings/q2002-pnv-sacn"
"839079","Q2002-PNV-SPPE","快插接头","Q20","/images/resources/selection-support/fitting-replacement/q20/products/Q2002-PNV-SPPE.webp","public/images/resources/selection-support/fitting-replacement/q20/products/Q2002-PNV-SPPE.webp","是","14872","9b5f485cee6e702b135bbdce449872e3fe3b16f1bbe2843100564201f4be4e1f","产品图","","","","","true","/products/fittings/quick-connect-fittings/q2002-pnv-sppe"
"839016","Q2002-PNX-LACN","快插接头","Q20","/images/resources/selection-support/fitting-replacement/q20/products/Q2002-PNX-LACN.webp","public/images/resources/selection-support/fitting-replacement/q20/products/Q2002-PNX-LACN.webp","是","11506","31343c7c9e4d7719955e3aae22feb2fe95b16d2533b6a52e2d6bbf108e303517","产品图","","","","","true","/products/fittings/quick-connect-fittings/q2002-pnx-lacn"
"839060","Q2002-PNX-LPPE","快插接头","Q20","/images/resources/selection-support/fitting-replacement/q20/products/Q2002-PNX-LPPE.webp","public/images/resources/selection-support/fitting-replacement/q20/products/Q2002-PNX-LPPE.webp","是","18794","fd602fe2e9f4293fd353cbe3bbf2ebffc4462e5ae6f46fbf48b4e15690c5505c","产品图","","","","","true","/products/fittings/quick-connect-fittings/q2002-pnx-lppe"
"839013","Q2002-PNX-SACN","快插接头","Q20","/images/resources/selection-support/fitting-replacement/q20/products/Q2002-PNX-SACN.webp","public/images/resources/selection-support/fitting-replacement/q20/products/Q2002-PNX-SACN.webp","是","10876","95a09dffd620711152e0a4177ad3fb5b29a88c3c3c194853b319b01393bbea12","产品图","","","","","true","/products/fittings/quick-connect-fittings/q2002-pnx-sacn"
"839057","Q2002-PNX-SPPE","快插接头","Q20","/images/resources/selection-support/fitting-replacement/q20/products/Q2002-PNX-SPPE.webp","public/images/resources/selection-support/fitting-replacement/q20/products/Q2002-PNX-SPPE.webp","是","17302","7d547335696a8fb317f2c942d31526cba54d0f86820bd860e8b97296d933209d","产品图","","","","","true","/products/fittings/quick-connect-fittings/q2002-pnx-sppe"
"839031","Q2002-SMV-SACN","快插接头","Q20","/images/resources/selection-support/fitting-replacement/q20/products/Q2002-SMV-SACN.webp","public/images/resources/selection-support/fitting-replacement/q20/products/Q2002-SMV-SACN.webp","是","18388","20aeed4920e784c7d595e10406ca05b8aa78f35fd893a5e3883ee5c6859c65b3","产品图","","","","","true","/products/fittings/quick-connect-fittings/q2002-smv-sacn"
"839075","Q2002-SMV-SPPE","快插接头","Q20","/images/resources/selection-support/fitting-replacement/q20/products/Q2002-SMV-SPPE.webp","public/images/resources/selection-support/fitting-replacement/q20/products/Q2002-SMV-SPPE.webp","是","25070","1e58d1d92f879786ebea1a4fe5d9e3abc64ccff391529d39ccc4bc095397d567","产品图","","","","","true","/products/fittings/quick-connect-fittings/q2002-smv-sppe"
"839009","Q2002-SMX-SACN","快插接头","Q20","/images/resources/selection-support/fitting-replacement/q20/products/Q2002-SMX-SACN.webp","public/images/resources/selection-support/fitting-replacement/q20/products/Q2002-SMX-SACN.webp","是","17380","9adee0c0cb6a16aee12a0bab82bccf2a5819175142b80289edc35bb6feffb072","产品图","","","","","true","/products/fittings/quick-connect-fittings/q2002-smx-sacn"
"839053","Q2002-SMX-SPPE","快插接头","Q20","/images/resources/selection-support/fitting-replacement/q20/products/Q2002-SMX-SPPE.webp","public/images/resources/selection-support/fitting-replacement/q20/products/Q2002-SMX-SPPE.webp","是","24232","78cb29c098c5824f60be9ef0eff89949397695a9c42f23993a6555e286fa4989","产品图","","","","","true","/products/fittings/quick-connect-fittings/q2002-smx-sppe"
"839027","Q2002-SNV-LACN","快插接头","Q20","/images/resources/selection-support/fitting-replacement/q20/products/Q2002-SNV-LACN.webp","public/images/resources/selection-support/fitting-replacement/q20/products/Q2002-SNV-LACN.webp","是","14094","77574355dc2c081067ba6ddf0ef7af17a062d0ce1f7b3f09afa7bd08187bbf62","产品图","","","","","true","/products/fittings/quick-connect-fittings/q2002-snv-lacn"
"839024","Q2002-SNV-SACN","快插接头","Q20","/images/resources/selection-support/fitting-replacement/q20/products/Q2002-SNV-SACN.webp","public/images/resources/selection-support/fitting-replacement/q20/products/Q2002-SNV-SACN.webp","是","14796","dcb635874af1f2bf777320f108cbd058ff7282fc42683eb5a04e657ce9c6e823","产品图","","","","","true","/products/fittings/quick-connect-fittings/q2002-snv-sacn"
"839068","Q2002-SNV-SPPE","快插接头","Q20","/images/resources/selection-support/fitting-replacement/q20/products/Q2002-SNV-SPPE.webp","public/images/resources/selection-support/fitting-replacement/q20/products/Q2002-SNV-SPPE.webp","是","20746","706fb4cf452edabe26d3f95ff2a8a6993c703507da56e2f4c215d1f4fea33829","产品图","","","","","true","/products/fittings/quick-connect-fittings/q2002-snv-sppe"
"839005","Q2002-SNX-LACN","快插接头","Q20","/images/resources/selection-support/fitting-replacement/q20/products/Q2002-SNX-LACN.webp","public/images/resources/selection-support/fitting-replacement/q20/products/Q2002-SNX-LACN.webp","是","13010","42887c84a59edf0ba621879b1f5c92de3f5e414ef5f198d1e275530c861766b6","产品图","","","","","true","/products/fittings/quick-connect-fittings/q2002-snx-lacn"
"839002","Q2002-SNX-SACN","快插接头","Q20","/images/resources/selection-support/fitting-replacement/q20/products/Q2002-SNX-SACN.webp","public/images/resources/selection-support/fitting-replacement/q20/products/Q2002-SNX-SACN.webp","是","13674","346689d3f018e4241a1db6dcfda3d8e05ac7a3184fe4a3ed2c88707b5d9d8ffc","产品图","","","","","true","/products/fittings/quick-connect-fittings/q2002-snx-sacn"
"839046","Q2002-SNX-SPPE","快插接头","Q20","/images/resources/selection-support/fitting-replacement/q20/products/Q2002-SNX-SPPE.webp","public/images/resources/selection-support/fitting-replacement/q20/products/Q2002-SNX-SPPE.webp","是","19542","705a9195044653306f11acb2f26236edc0c5349cd6f43be0538d318c76f8da3c","产品图","","","","","true","/products/fittings/quick-connect-fittings/q2002-snx-sppe"
"839043","Q2003-PMV-SACN","快插接头","Q20","/images/resources/selection-support/fitting-replacement/q20/products/Q2003-PMV-SACN.webp","public/images/resources/selection-support/fitting-replacement/q20/products/Q2003-PMV-SACN.webp","是","10626","4ebbc18c5bf2e3264de97e21396c9b902e4a1011a3ccc73681a8fe0c79c5dbbf","产品图","","","","","true","/products/fittings/quick-connect-fittings/q2003-pmv-sacn"
"839087","Q2003-PMV-SPPE","快插接头","Q20","/images/resources/selection-support/fitting-replacement/q20/products/Q2003-PMV-SPPE.webp","public/images/resources/selection-support/fitting-replacement/q20/products/Q2003-PMV-SPPE.webp","是","16014","ce36d218869e9169755f6765a1d58be6c51ef253ab2a974c4107e8788dd733ac","产品图","","","","","true","/products/fittings/quick-connect-fittings/q2003-pmv-sppe"
"839021","Q2003-PMX-SACN","快插接头","Q20","/images/resources/selection-support/fitting-replacement/q20/products/Q2003-PMX-SACN.webp","public/images/resources/selection-support/fitting-replacement/q20/products/Q2003-PMX-SACN.webp","是","10704","2dd2e2df3eb21ff47f867aa9a2539b117c81f6e14d40bb35e55ffe439b7a4b20","产品图","","","","","true","/products/fittings/quick-connect-fittings/q2003-pmx-sacn"
"839065","Q2003-PMX-SPPE","快插接头","Q20","/images/resources/selection-support/fitting-replacement/q20/products/Q2003-PMX-SPPE.webp","public/images/resources/selection-support/fitting-replacement/q20/products/Q2003-PMX-SPPE.webp","是","16418","f73cde7445f737f49472d5b6e541c770728e059feab6c427c71e4224a67b3fcc","产品图","","","","","true","/products/fittings/quick-connect-fittings/q2003-pmx-sppe"
"839036","Q2003-PNV-SACN","快插接头","Q20","/images/products/FIT/Quick connector_200x200_01_v001.jpg","public/images/products/FIT/Quick connector_200x200_01_v001.jpg","是","24962","254cf503589fcc912497d4e9c51c87c13956ee5761f646619d216e890210142d","产品图","","同一路径被 97 个商品编码复用","相同图片内容被 97 个商品编码复用","同一路径被 97 个商品编码复用；相同图片内容被 97 个商品编码复用","true","/products/fittings/quick-connect-fittings/q2003-pnv-sacn"
"839080","Q2003-PNV-SPPE","快插接头","Q20","/images/resources/selection-support/fitting-replacement/q20/products/Q2003-PNV-SPPE.webp","public/images/resources/selection-support/fitting-replacement/q20/products/Q2003-PNV-SPPE.webp","是","12274","4468a54c8213c60cb2bb2b9ba9c9b6542445f4d929422bea9c8e4d90b75cf62e","产品图","","","","","true","/products/fittings/quick-connect-fittings/q2003-pnv-sppe"
"839014","Q2003-PNX-SACN","快插接头","Q20","/images/resources/selection-support/fitting-replacement/q20/products/Q2003-PNX-SACN.webp","public/images/resources/selection-support/fitting-replacement/q20/products/Q2003-PNX-SACN.webp","是","8578","7238e5e3ff275218ff3910e7f1caa27c6b208eba2629d13f3c31719a11a22a6d","产品图","","","","","true","/products/fittings/quick-connect-fittings/q2003-pnx-sacn"
"839058","Q2003-PNX-SPPE","快插接头","Q20","/images/resources/selection-support/fitting-replacement/q20/products/Q2003-PNX-SPPE.webp","public/images/resources/selection-support/fitting-replacement/q20/products/Q2003-PNX-SPPE.webp","是","14520","bf659dd4778b731df157da894f069996e0dda2915bc6ff37ea99189b4ec871e8","产品图","","","","","true","/products/fittings/quick-connect-fittings/q2003-pnx-sppe"
"839032","Q2003-SMV-SACN","快插接头","Q20","/images/resources/selection-support/fitting-replacement/q20/products/Q2003-SMV-SACN.webp","public/images/resources/selection-support/fitting-replacement/q20/products/Q2003-SMV-SACN.webp","是","16720","45ec1548a5054f0cd5001c61b8faf124d39529dd9857ca0f063b3ac7686882be","产品图","","","","","true","/products/fittings/quick-connect-fittings/q2003-smv-sacn"
"839076","Q2003-SMV-SPPE","快插接头","Q20","/images/resources/selection-support/fitting-replacement/q20/products/Q2003-SMV-SPPE.webp","public/images/resources/selection-support/fitting-replacement/q20/products/Q2003-SMV-SPPE.webp","是","23372","03f55a62e201e27ab3f621fbfa6833f203162943db4a87ede200b3b060b04043","产品图","","","","","true","/products/fittings/quick-connect-fittings/q2003-smv-sppe"
"839010","Q2003-SMX-SACN","快插接头","Q20","/images/resources/selection-support/fitting-replacement/q20/products/Q2003-SMX-SACN.webp","public/images/resources/selection-support/fitting-replacement/q20/products/Q2003-SMX-SACN.webp","是","15498","082e24a516da4b47ac43d70ee4c20ee5333b3816f1164f67339af4e63b4e33cf","产品图","","","","","true","/products/fittings/quick-connect-fittings/q2003-smx-sacn"
"839054","Q2003-SMX-SPPE","快插接头","Q20","/images/resources/selection-support/fitting-replacement/q20/products/Q2003-SMX-SPPE.webp","public/images/resources/selection-support/fitting-replacement/q20/products/Q2003-SMX-SPPE.webp","是","22228","ecda159bb7e444688d0455603c5f4f3221f0effac8f2d754e5b68322393f2689","产品图","","","","","true","/products/fittings/quick-connect-fittings/q2003-smx-sppe"
"839025","Q2003-SNV-SACN","快插接头","Q20","/images/resources/selection-support/fitting-replacement/q20/products/Q2003-SNV-SACN.webp","public/images/resources/selection-support/fitting-replacement/q20/products/Q2003-SNV-SACN.webp","是","14262","68c15ca3f7fc6a7cbed144cf1e226adecf174219af14cc0d8da5711af97a699c","产品图","","","","","true","/products/fittings/quick-connect-fittings/q2003-snv-sacn"
"839069","Q2003-SNV-SPPE","快插接头","Q20","/images/resources/selection-support/fitting-replacement/q20/products/Q2003-SNV-SPPE.webp","public/images/resources/selection-support/fitting-replacement/q20/products/Q2003-SNV-SPPE.webp","是","20564","6309d573fd18871824d91731bb8abac17c8c13847562123aee077386358245f5","产品图","","","","","true","/products/fittings/quick-connect-fittings/q2003-snv-sppe"
"839003","Q2003-SNX-SACN","快插接头","Q20","/images/resources/selection-support/fitting-replacement/q20/products/Q2003-SNX-SACN.webp","public/images/resources/selection-support/fitting-replacement/q20/products/Q2003-SNX-SACN.webp","是","13300","6466fee0e1cdeb93d300137de1d49350672bb3d1737ea32a07fb7f98aeb716a3","产品图","","","","","true","/products/fittings/quick-connect-fittings/q2003-snx-sacn"
"839047","Q2003-SNX-SPPE","快插接头","Q20","/images/resources/selection-support/fitting-replacement/q20/products/Q2003-SNX-SPPE.webp","public/images/resources/selection-support/fitting-replacement/q20/products/Q2003-SNX-SPPE.webp","是","19008","e26013f89130b06bdf39d8b5a38a5cd3770cae19937a6d5745c7ce0f0319e790","产品图","","","","","true","/products/fittings/quick-connect-fittings/q2003-snx-sppe"
"839044","Q2004-PMV-SACN","快插接头","Q20","/images/resources/selection-support/fitting-replacement/q20/products/Q2004-PMV-SACN.webp","public/images/resources/selection-support/fitting-replacement/q20/products/Q2004-PMV-SACN.webp","是","10780","8b8910cbdb610d9068e25b4adf0e7cdf2609bdc2e35b5453aa4f5979a87df08e","产品图","","","","","true","/products/fittings/quick-connect-fittings/q2004-pmv-sacn"
"839088","Q2004-PMV-SPPE","快插接头","Q20","/images/resources/selection-support/fitting-replacement/q20/products/Q2004-PMV-SPPE.webp","public/images/resources/selection-support/fitting-replacement/q20/products/Q2004-PMV-SPPE.webp","是","16278","ff01b7c322855f68157c803cd13c9c2263d0cfeb1be501fe0a6333a6a2dbe24e","产品图","","","","","true","/products/fittings/quick-connect-fittings/q2004-pmv-sppe"
"839022","Q2004-PMX-SACN","快插接头","Q20","/images/resources/selection-support/fitting-replacement/q20/products/Q2004-PMX-SACN.webp","public/images/resources/selection-support/fitting-replacement/q20/products/Q2004-PMX-SACN.webp","是","10436","3080e0a42de1f95ce664eee9a4a573547d6b044b9d63b65e743ac3eab6be576f","产品图","","","","","true","/products/fittings/quick-connect-fittings/q2004-pmx-sacn"
"839066","Q2004-PMX-SPPE","快插接头","Q20","/images/resources/selection-support/fitting-replacement/q20/products/Q2004-PMX-SPPE.webp","public/images/resources/selection-support/fitting-replacement/q20/products/Q2004-PMX-SPPE.webp","是","15898","0f132de201edf8ae8220d4c2261868c37d3c5a73ff02e947d6808da90c635de5","产品图","","","","","true","/products/fittings/quick-connect-fittings/q2004-pmx-sppe"
"839039","Q2004-PNV-LACN","快插接头","Q20","/images/resources/selection-support/fitting-replacement/q20/products/Q2004-PNV-LACN.webp","public/images/resources/selection-support/fitting-replacement/q20/products/Q2004-PNV-LACN.webp","是","10966","6e820af9ed97ce848fcdce712b23043b100f0267eb2fdc48877bcbc21ac5a4f9","产品图","","","","","true","/products/fittings/quick-connect-fittings/q2004-pnv-lacn"
"839083","Q2004-PNV-LPPE","快插接头","Q20","/images/resources/selection-support/fitting-replacement/q20/products/Q2004-PNV-LPPE.webp","public/images/resources/selection-support/fitting-replacement/q20/products/Q2004-PNV-LPPE.webp","是","18556","df4a9b51e69b540f7402de497c768b3a4d4a744992cff614dddfa5ded578599c","产品图","","","","","true","/products/fittings/quick-connect-fittings/q2004-pnv-lppe"
"839037","Q2004-PNV-SACN","快插接头","Q20","/images/resources/selection-support/fitting-replacement/q20/products/Q2004-PNV-SACN.webp","public/images/resources/selection-support/fitting-replacement/q20/products/Q2004-PNV-SACN.webp","是","9302","dddfa241fcea0b315c3fcb845dda534392638e013b20d8a8f59e6a43968d3e4c","产品图","","","","","true","/products/fittings/quick-connect-fittings/q2004-pnv-sacn"
"839081","Q2004-PNV-SPPE","快插接头","Q20","/images/resources/selection-support/fitting-replacement/q20/products/Q2004-PNV-SPPE.webp","public/images/resources/selection-support/fitting-replacement/q20/products/Q2004-PNV-SPPE.webp","是","13878","6a0b57d17ab4d1dc9e48b46b7fcc41fe6cfa146fdb69041c92d88cd40ad46be3","产品图","","","","","true","/products/fittings/quick-connect-fittings/q2004-pnv-sppe"
"839017","Q2004-PNX-LACN","快插接头","Q20","/images/resources/selection-support/fitting-replacement/q20/products/Q2004-PNX-LACN.webp","public/images/resources/selection-support/fitting-replacement/q20/products/Q2004-PNX-LACN.webp","是","9718","c8506654f8860e45f024ad6a0c9b8d3e67ad30e98322e1936b9c647544609c93","产品图","","","","","true","/products/fittings/quick-connect-fittings/q2004-pnx-lacn"
"839061","Q2004-PNX-LPPE","快插接头","Q20","/images/resources/selection-support/fitting-replacement/q20/products/Q2004-PNX-LPPE.webp","public/images/resources/selection-support/fitting-replacement/q20/products/Q2004-PNX-LPPE.webp","是","16090","3f75b17f124f2c568f7aad4f05e2021b18e2a63790af11e7449c92f284f7eeda","产品图","","","","","true","/products/fittings/quick-connect-fittings/q2004-pnx-lppe"
"839015","Q2004-PNX-SACN","快插接头","Q20","/images/resources/selection-support/fitting-replacement/q20/products/Q2004-PNX-SACN.webp","public/images/resources/selection-support/fitting-replacement/q20/products/Q2004-PNX-SACN.webp","是","8854","2a626af2b3d3f72bddb125ceb60250cd4954810e3614ea9d566432442e326ddf","产品图","","","","","true","/products/fittings/quick-connect-fittings/q2004-pnx-sacn"
"839059","Q2004-PNX-SPPE","快插接头","Q20","/images/resources/selection-support/fitting-replacement/q20/products/Q2004-PNX-SPPE.webp","public/images/resources/selection-support/fitting-replacement/q20/products/Q2004-PNX-SPPE.webp","是","13958","54ad0438f56b45b7d6f25997df7dab8a99762b29b4600cb380af68635340ebae","产品图","","","","","true","/products/fittings/quick-connect-fittings/q2004-pnx-sppe"
"839033","Q2004-SMV-SACN","快插接头","Q20","/images/resources/selection-support/fitting-replacement/q20/products/Q2004-SMV-SACN.webp","public/images/resources/selection-support/fitting-replacement/q20/products/Q2004-SMV-SACN.webp","是","17226","35946f5204d8e9624c4eb16dfe8070736f0df75f00ed5475666e152c42ab1c6b","产品图","","","","","true","/products/fittings/quick-connect-fittings/q2004-smv-sacn"
"839077","Q2004-SMV-SPPE","快插接头","Q20","/images/resources/selection-support/fitting-replacement/q20/products/Q2004-SMV-SPPE.webp","public/images/resources/selection-support/fitting-replacement/q20/products/Q2004-SMV-SPPE.webp","是","23878","11397e9bca9ad204f918c3906c877153768c97a2bec8efe0eb1a8e7216ccdcc7","产品图","","","","","true","/products/fittings/quick-connect-fittings/q2004-smv-sppe"
"839011","Q2004-SMX-SACN","快插接头","Q20","/images/resources/selection-support/fitting-replacement/q20/products/Q2004-SMX-SACN.webp","public/images/resources/selection-support/fitting-replacement/q20/products/Q2004-SMX-SACN.webp","是","15896","c97e8bd25df9762469629b0615748f574ba929a3c75771bb06af8900688b8f14","产品图","","","","","true","/products/fittings/quick-connect-fittings/q2004-smx-sacn"
"839055","Q2004-SMX-SPPE","快插接头","Q20","/images/resources/selection-support/fitting-replacement/q20/products/Q2004-SMX-SPPE.webp","public/images/resources/selection-support/fitting-replacement/q20/products/Q2004-SMX-SPPE.webp","是","22820","c381dc99c94fd24d79dfbb5e0a47bc36b11353a1fc01e4105f938f5068310ebd","产品图","","","","","true","/products/fittings/quick-connect-fittings/q2004-smx-sppe"
"839028","Q2004-SNV-LACN","快插接头","Q20","/images/resources/selection-support/fitting-replacement/q20/products/Q2004-SNV-LACN.webp","public/images/resources/selection-support/fitting-replacement/q20/products/Q2004-SNV-LACN.webp","是","13086","9d21e534c6a126e1e12e32d288f10cc7e2d699e866ea0858a83771d9a1cf0ae2","产品图","","","","","true","/products/fittings/quick-connect-fittings/q2004-snv-lacn"
"839026","Q2004-SNV-SACN","快插接头","Q20","/images/resources/selection-support/fitting-replacement/q20/products/Q2004-SNV-SACN.webp","public/images/resources/selection-support/fitting-replacement/q20/products/Q2004-SNV-SACN.webp","是","14532","4e678c1ef37ed5d6d520afd166233754f2938ffb622d76ae63a434dcea9595a4","产品图","","","","","true","/products/fittings/quick-connect-fittings/q2004-snv-sacn"
"839070","Q2004-SNV-SPPE","快插接头","Q20","/images/resources/selection-support/fitting-replacement/q20/products/Q2004-SNV-SPPE.webp","public/images/resources/selection-support/fitting-replacement/q20/products/Q2004-SNV-SPPE.webp","是","20664","4660a67d1bcf0dbc1355509dffc959e5eabdc01aa25b8edf1e842b362cc5c3d3","产品图","","","","","true","/products/fittings/quick-connect-fittings/q2004-snv-sppe"
"839006","Q2004-SNX-LACN","快插接头","Q20","/images/resources/selection-support/fitting-replacement/q20/products/Q2004-SNX-LACN.webp","public/images/resources/selection-support/fitting-replacement/q20/products/Q2004-SNX-LACN.webp","是","12258","ec2c9797c7a787c01630e204c69d6e38ed86131ba462a5abb24fc86018f84eca","产品图","","","","","true","/products/fittings/quick-connect-fittings/q2004-snx-lacn"
"839004","Q2004-SNX-SACN","快插接头","Q20","/images/resources/selection-support/fitting-replacement/q20/products/Q2004-SNX-SACN.webp","public/images/resources/selection-support/fitting-replacement/q20/products/Q2004-SNX-SACN.webp","是","13722","91d09fcc6bcf450d47fb79ce2fd2072953cc9db02353aa42a9974d06f856dc28","产品图","","","","","true","/products/fittings/quick-connect-fittings/q2004-snx-sacn"
"839048","Q2004-SNX-SPPE","快插接头","Q20","/images/resources/selection-support/fitting-replacement/q20/products/Q2004-SNX-SPPE.webp","public/images/resources/selection-support/fitting-replacement/q20/products/Q2004-SNX-SPPE.webp","是","19820","95ae723b986e7c5724a1332c58adb580fa8663cc4cb8999ea7a2dfb928953941","产品图","","","","","true","/products/fittings/quick-connect-fittings/q2004-snx-sppe"
"839040","Q2018N-PNV-SACN","快插接头","Q20","/images/resources/selection-support/fitting-replacement/q20/products/Q2018N-PNV-SACN.webp","public/images/resources/selection-support/fitting-replacement/q20/products/Q2018N-PNV-SACN.webp","是","11362","83b2373c464a2dd3193a1efaf56bf81f2cc52beb7c1c0d32d18e35df7dc8dce1","产品图","","","","","true","/products/fittings/quick-connect-fittings/q2018n-pnv-sacn"
"839084","Q2018N-PNV-SPPE","快插接头","Q20","/images/resources/selection-support/fitting-replacement/q20/products/Q2018N-PNV-SPPE.webp","public/images/resources/selection-support/fitting-replacement/q20/products/Q2018N-PNV-SPPE.webp","是","20974","560de395e232507d5502e1fb9ab1425f79e1368d390c33fcd33c6719894f2926","产品图","","","","","true","/products/fittings/quick-connect-fittings/q2018n-pnv-sppe"
"839018","Q2018N-PNX-SACN","快插接头","Q20","/images/resources/selection-support/fitting-replacement/q20/products/Q2018N-PNX-SACN.webp","public/images/resources/selection-support/fitting-replacement/q20/products/Q2018N-PNX-SACN.webp","是","18066","a0f53ae1ba57cc99349cfb5a26573e02d207e7e472cbcca7abbae3e76ba786a7","产品图","","","","","true","/products/fittings/quick-connect-fittings/q2018n-pnx-sacn"
"839062","Q2018N-PNX-SPPE","快插接头","Q20","/images/resources/selection-support/fitting-replacement/q20/products/Q2018N-PNX-SPPE.webp","public/images/resources/selection-support/fitting-replacement/q20/products/Q2018N-PNX-SPPE.webp","是","29510","2b5ef1b5e9b7a46216da9aaf09c597567aba7bfc48408cd4c660ed8acae8b839","产品图","","","","","true","/products/fittings/quick-connect-fittings/q2018n-pnx-sppe"
"839109","Q2018T-SNV-SACN","快插接头","Q20","/images/products/FIT/Quick connector_200x200_01_v001.jpg","public/images/products/FIT/Quick connector_200x200_01_v001.jpg","是","24962","254cf503589fcc912497d4e9c51c87c13956ee5761f646619d216e890210142d","产品图","","同一路径被 97 个商品编码复用","相同图片内容被 97 个商品编码复用","同一路径被 97 个商品编码复用；相同图片内容被 97 个商品编码复用","true","/products/fittings/quick-connect-fittings/q2018t-snv-sacn"
"839097","Q2018T-SNV-SPPE","快插接头","Q20","/images/products/FIT/Quick connector_200x200_01_v001.jpg","public/images/products/FIT/Quick connector_200x200_01_v001.jpg","是","24962","254cf503589fcc912497d4e9c51c87c13956ee5761f646619d216e890210142d","产品图","","同一路径被 97 个商品编码复用","相同图片内容被 97 个商品编码复用","同一路径被 97 个商品编码复用；相同图片内容被 97 个商品编码复用","true","/products/fittings/quick-connect-fittings/q2018t-snv-sppe"
"839110","Q2018T-SNX-SACN","快插接头","Q20","/images/products/FIT/Quick connector_200x200_01_v001.jpg","public/images/products/FIT/Quick connector_200x200_01_v001.jpg","是","24962","254cf503589fcc912497d4e9c51c87c13956ee5761f646619d216e890210142d","产品图","","同一路径被 97 个商品编码复用","相同图片内容被 97 个商品编码复用","同一路径被 97 个商品编码复用；相同图片内容被 97 个商品编码复用","true","/products/fittings/quick-connect-fittings/q2018t-snx-sacn"
"839104","Q2018T-SNX-SPPE","快插接头","Q20","/images/products/FIT/Quick connector_200x200_01_v001.jpg","public/images/products/FIT/Quick connector_200x200_01_v001.jpg","是","24962","254cf503589fcc912497d4e9c51c87c13956ee5761f646619d216e890210142d","产品图","","同一路径被 97 个商品编码复用","相同图片内容被 97 个商品编码复用","同一路径被 97 个商品编码复用；相同图片内容被 97 个商品编码复用","true","/products/fittings/quick-connect-fittings/q2018t-snx-sppe"
"849032","Q4004-PMV-SACN","快插接头","Q40","/images/products/FIT/Quick connector_200x200_01_v001.jpg","public/images/products/FIT/Quick connector_200x200_01_v001.jpg","是","24962","254cf503589fcc912497d4e9c51c87c13956ee5761f646619d216e890210142d","产品图","","同一路径被 97 个商品编码复用","相同图片内容被 97 个商品编码复用","同一路径被 97 个商品编码复用；相同图片内容被 97 个商品编码复用","true","/products/fittings/quick-connect-fittings/q4004-pmv-sacn"
"849066","Q4004-PMV-SPPE","快插接头","Q40","/images/products/FIT/Quick connector_200x200_01_v001.jpg","public/images/products/FIT/Quick connector_200x200_01_v001.jpg","是","24962","254cf503589fcc912497d4e9c51c87c13956ee5761f646619d216e890210142d","产品图","","同一路径被 97 个商品编码复用","相同图片内容被 97 个商品编码复用","同一路径被 97 个商品编码复用；相同图片内容被 97 个商品编码复用","true","/products/fittings/quick-connect-fittings/q4004-pmv-sppe"
"849015","Q4004-PMX-SACN","快插接头","Q40","/images/products/FIT/Quick connector_200x200_01_v001.jpg","public/images/products/FIT/Quick connector_200x200_01_v001.jpg","是","24962","254cf503589fcc912497d4e9c51c87c13956ee5761f646619d216e890210142d","产品图","","同一路径被 97 个商品编码复用","相同图片内容被 97 个商品编码复用","同一路径被 97 个商品编码复用；相同图片内容被 97 个商品编码复用","true","/products/fittings/quick-connect-fittings/q4004-pmx-sacn"
"849049","Q4004-PMX-SPPE","快插接头","Q40","/images/products/FIT/Quick connector_200x200_01_v001.jpg","public/images/products/FIT/Quick connector_200x200_01_v001.jpg","是","24962","254cf503589fcc912497d4e9c51c87c13956ee5761f646619d216e890210142d","产品图","","同一路径被 97 个商品编码复用","相同图片内容被 97 个商品编码复用","同一路径被 97 个商品编码复用；相同图片内容被 97 个商品编码复用","true","/products/fittings/quick-connect-fittings/q4004-pmx-sppe"
"849030","Q4004-PNV-LACN","快插接头","Q40","/images/products/FIT/Quick connector_200x200_01_v001.jpg","public/images/products/FIT/Quick connector_200x200_01_v001.jpg","是","24962","254cf503589fcc912497d4e9c51c87c13956ee5761f646619d216e890210142d","产品图","","同一路径被 97 个商品编码复用","相同图片内容被 97 个商品编码复用","同一路径被 97 个商品编码复用；相同图片内容被 97 个商品编码复用","true","/products/fittings/quick-connect-fittings/q4004-pnv-lacn"
"849064","Q4004-PNV-LPPE","快插接头","Q40","/images/products/FIT/Quick connector_200x200_01_v001.jpg","public/images/products/FIT/Quick connector_200x200_01_v001.jpg","是","24962","254cf503589fcc912497d4e9c51c87c13956ee5761f646619d216e890210142d","产品图","","同一路径被 97 个商品编码复用","相同图片内容被 97 个商品编码复用","同一路径被 97 个商品编码复用；相同图片内容被 97 个商品编码复用","true","/products/fittings/quick-connect-fittings/q4004-pnv-lppe"
"849027","Q4004-PNV-SACN","快插接头","Q40","/images/products/FIT/Quick connector_200x200_01_v001.jpg","public/images/products/FIT/Quick connector_200x200_01_v001.jpg","是","24962","254cf503589fcc912497d4e9c51c87c13956ee5761f646619d216e890210142d","产品图","","同一路径被 97 个商品编码复用","相同图片内容被 97 个商品编码复用","同一路径被 97 个商品编码复用；相同图片内容被 97 个商品编码复用","true","/products/fittings/quick-connect-fittings/q4004-pnv-sacn"
"849061","Q4004-PNV-SPPE","快插接头","Q40","/images/products/FIT/Quick connector_200x200_01_v001.jpg","public/images/products/FIT/Quick connector_200x200_01_v001.jpg","是","24962","254cf503589fcc912497d4e9c51c87c13956ee5761f646619d216e890210142d","产品图","","同一路径被 97 个商品编码复用","相同图片内容被 97 个商品编码复用","同一路径被 97 个商品编码复用；相同图片内容被 97 个商品编码复用","true","/products/fittings/quick-connect-fittings/q4004-pnv-sppe"
"849010","Q4004-PNX-SACN","快插接头","Q40","/images/products/FIT/Quick connector_200x200_01_v001.jpg","public/images/products/FIT/Quick connector_200x200_01_v001.jpg","是","24962","254cf503589fcc912497d4e9c51c87c13956ee5761f646619d216e890210142d","产品图","","同一路径被 97 个商品编码复用","相同图片内容被 97 个商品编码复用","同一路径被 97 个商品编码复用；相同图片内容被 97 个商品编码复用","true","/products/fittings/quick-connect-fittings/q4004-pnx-sacn"
"849044","Q4004-PNX-SPPE","快插接头","Q40","/images/products/FIT/Quick connector_200x200_01_v001.jpg","public/images/products/FIT/Quick connector_200x200_01_v001.jpg","是","24962","254cf503589fcc912497d4e9c51c87c13956ee5761f646619d216e890210142d","产品图","","同一路径被 97 个商品编码复用","相同图片内容被 97 个商品编码复用","同一路径被 97 个商品编码复用；相同图片内容被 97 个商品编码复用","true","/products/fittings/quick-connect-fittings/q4004-pnx-sppe"
"849024","Q4004-SMV-SACN","快插接头","Q40","/images/products/FIT/Quick connector_200x200_01_v001.jpg","public/images/products/FIT/Quick connector_200x200_01_v001.jpg","是","24962","254cf503589fcc912497d4e9c51c87c13956ee5761f646619d216e890210142d","产品图","","同一路径被 97 个商品编码复用","相同图片内容被 97 个商品编码复用","同一路径被 97 个商品编码复用；相同图片内容被 97 个商品编码复用","true","/products/fittings/quick-connect-fittings/q4004-smv-sacn"
"849058","Q4004-SMV-SPPE","快插接头","Q40","/images/products/FIT/Quick connector_200x200_01_v001.jpg","public/images/products/FIT/Quick connector_200x200_01_v001.jpg","是","24962","254cf503589fcc912497d4e9c51c87c13956ee5761f646619d216e890210142d","产品图","","同一路径被 97 个商品编码复用","相同图片内容被 97 个商品编码复用","同一路径被 97 个商品编码复用；相同图片内容被 97 个商品编码复用","true","/products/fittings/quick-connect-fittings/q4004-smv-sppe"
"849007","Q4004-SMX-SACN","快插接头","Q40","/images/products/FIT/Quick connector_200x200_01_v001.jpg","public/images/products/FIT/Quick connector_200x200_01_v001.jpg","是","24962","254cf503589fcc912497d4e9c51c87c13956ee5761f646619d216e890210142d","产品图","","同一路径被 97 个商品编码复用","相同图片内容被 97 个商品编码复用","同一路径被 97 个商品编码复用；相同图片内容被 97 个商品编码复用","true","/products/fittings/quick-connect-fittings/q4004-smx-sacn"
"849041","Q4004-SMX-SPPE","快插接头","Q40","/images/products/FIT/Quick connector_200x200_01_v001.jpg","public/images/products/FIT/Quick connector_200x200_01_v001.jpg","是","24962","254cf503589fcc912497d4e9c51c87c13956ee5761f646619d216e890210142d","产品图","","同一路径被 97 个商品编码复用","相同图片内容被 97 个商品编码复用","同一路径被 97 个商品编码复用；相同图片内容被 97 个商品编码复用","true","/products/fittings/quick-connect-fittings/q4004-smx-sppe"
"849018","Q4004-SNV-SACN","快插接头","Q40","/images/products/FIT/Quick connector_200x200_01_v001.jpg","public/images/products/FIT/Quick connector_200x200_01_v001.jpg","是","24962","254cf503589fcc912497d4e9c51c87c13956ee5761f646619d216e890210142d","产品图","","同一路径被 97 个商品编码复用","相同图片内容被 97 个商品编码复用","同一路径被 97 个商品编码复用；相同图片内容被 97 个商品编码复用","true","/products/fittings/quick-connect-fittings/q4004-snv-sacn"
"849052","Q4004-SNV-SPPE","快插接头","Q40","/images/products/FIT/Quick connector_200x200_01_v001.jpg","public/images/products/FIT/Quick connector_200x200_01_v001.jpg","是","24962","254cf503589fcc912497d4e9c51c87c13956ee5761f646619d216e890210142d","产品图","","同一路径被 97 个商品编码复用","相同图片内容被 97 个商品编码复用","同一路径被 97 个商品编码复用；相同图片内容被 97 个商品编码复用","true","/products/fittings/quick-connect-fittings/q4004-snv-sppe"
"849001","Q4004-SNX-SACN","快插接头","Q40","/images/products/FIT/Quick connector_200x200_01_v001.jpg","public/images/products/FIT/Quick connector_200x200_01_v001.jpg","是","24962","254cf503589fcc912497d4e9c51c87c13956ee5761f646619d216e890210142d","产品图","","同一路径被 97 个商品编码复用","相同图片内容被 97 个商品编码复用","同一路径被 97 个商品编码复用；相同图片内容被 97 个商品编码复用","true","/products/fittings/quick-connect-fittings/q4004-snx-sacn"
"849035","Q4004-SNX-SPPE","快插接头","Q40","/images/products/FIT/Quick connector_200x200_01_v001.jpg","public/images/products/FIT/Quick connector_200x200_01_v001.jpg","是","24962","254cf503589fcc912497d4e9c51c87c13956ee5761f646619d216e890210142d","产品图","","同一路径被 97 个商品编码复用","相同图片内容被 97 个商品编码复用","同一路径被 97 个商品编码复用；相同图片内容被 97 个商品编码复用","true","/products/fittings/quick-connect-fittings/q4004-snx-sppe"
"849033","Q4005-PMV-SACN","快插接头","Q40","/images/products/FIT/Quick connector_200x200_01_v001.jpg","public/images/products/FIT/Quick connector_200x200_01_v001.jpg","是","24962","254cf503589fcc912497d4e9c51c87c13956ee5761f646619d216e890210142d","产品图","","同一路径被 97 个商品编码复用","相同图片内容被 97 个商品编码复用","同一路径被 97 个商品编码复用；相同图片内容被 97 个商品编码复用","true","/products/fittings/quick-connect-fittings/q4005-pmv-sacn"
"849067","Q4005-PMV-SPPE","快插接头","Q40","/images/products/FIT/Quick connector_200x200_01_v001.jpg","public/images/products/FIT/Quick connector_200x200_01_v001.jpg","是","24962","254cf503589fcc912497d4e9c51c87c13956ee5761f646619d216e890210142d","产品图","","同一路径被 97 个商品编码复用","相同图片内容被 97 个商品编码复用","同一路径被 97 个商品编码复用；相同图片内容被 97 个商品编码复用","true","/products/fittings/quick-connect-fittings/q4005-pmv-sppe"
"849016","Q4005-PMX-SACN","快插接头","Q40","/images/products/FIT/Quick connector_200x200_01_v001.jpg","public/images/products/FIT/Quick connector_200x200_01_v001.jpg","是","24962","254cf503589fcc912497d4e9c51c87c13956ee5761f646619d216e890210142d","产品图","","同一路径被 97 个商品编码复用","相同图片内容被 97 个商品编码复用","同一路径被 97 个商品编码复用；相同图片内容被 97 个商品编码复用","true","/products/fittings/quick-connect-fittings/q4005-pmx-sacn"
"849050","Q4005-PMX-SPPE","快插接头","Q40","/images/products/FIT/Quick connector_200x200_01_v001.jpg","public/images/products/FIT/Quick connector_200x200_01_v001.jpg","是","24962","254cf503589fcc912497d4e9c51c87c13956ee5761f646619d216e890210142d","产品图","","同一路径被 97 个商品编码复用","相同图片内容被 97 个商品编码复用","同一路径被 97 个商品编码复用；相同图片内容被 97 个商品编码复用","true","/products/fittings/quick-connect-fittings/q4005-pmx-sppe"
"849028","Q4005-PNV-SACN","快插接头","Q40","/images/products/FIT/Quick connector_200x200_01_v001.jpg","public/images/products/FIT/Quick connector_200x200_01_v001.jpg","是","24962","254cf503589fcc912497d4e9c51c87c13956ee5761f646619d216e890210142d","产品图","","同一路径被 97 个商品编码复用","相同图片内容被 97 个商品编码复用","同一路径被 97 个商品编码复用；相同图片内容被 97 个商品编码复用","true","/products/fittings/quick-connect-fittings/q4005-pnv-sacn"
"849062","Q4005-PNV-SPPE","快插接头","Q40","/images/products/FIT/Quick connector_200x200_01_v001.jpg","public/images/products/FIT/Quick connector_200x200_01_v001.jpg","是","24962","254cf503589fcc912497d4e9c51c87c13956ee5761f646619d216e890210142d","产品图","","同一路径被 97 个商品编码复用","相同图片内容被 97 个商品编码复用","同一路径被 97 个商品编码复用；相同图片内容被 97 个商品编码复用","true","/products/fittings/quick-connect-fittings/q4005-pnv-sppe"
"849011","Q4005-PNX-SACN","快插接头","Q40","/images/products/FIT/Quick connector_200x200_01_v001.jpg","public/images/products/FIT/Quick connector_200x200_01_v001.jpg","是","24962","254cf503589fcc912497d4e9c51c87c13956ee5761f646619d216e890210142d","产品图","","同一路径被 97 个商品编码复用","相同图片内容被 97 个商品编码复用","同一路径被 97 个商品编码复用；相同图片内容被 97 个商品编码复用","true","/products/fittings/quick-connect-fittings/q4005-pnx-sacn"
"849045","Q4005-PNX-SPPE","快插接头","Q40","/images/products/FIT/Quick connector_200x200_01_v001.jpg","public/images/products/FIT/Quick connector_200x200_01_v001.jpg","是","24962","254cf503589fcc912497d4e9c51c87c13956ee5761f646619d216e890210142d","产品图","","同一路径被 97 个商品编码复用","相同图片内容被 97 个商品编码复用","同一路径被 97 个商品编码复用；相同图片内容被 97 个商品编码复用","true","/products/fittings/quick-connect-fittings/q4005-pnx-sppe"
"849025","Q4005-SMV-SACN","快插接头","Q40","/images/products/FIT/Quick connector_200x200_01_v001.jpg","public/images/products/FIT/Quick connector_200x200_01_v001.jpg","是","24962","254cf503589fcc912497d4e9c51c87c13956ee5761f646619d216e890210142d","产品图","","同一路径被 97 个商品编码复用","相同图片内容被 97 个商品编码复用","同一路径被 97 个商品编码复用；相同图片内容被 97 个商品编码复用","true","/products/fittings/quick-connect-fittings/q4005-smv-sacn"
"849059","Q4005-SMV-SPPE","快插接头","Q40","/images/products/FIT/Quick connector_200x200_01_v001.jpg","public/images/products/FIT/Quick connector_200x200_01_v001.jpg","是","24962","254cf503589fcc912497d4e9c51c87c13956ee5761f646619d216e890210142d","产品图","","同一路径被 97 个商品编码复用","相同图片内容被 97 个商品编码复用","同一路径被 97 个商品编码复用；相同图片内容被 97 个商品编码复用","true","/products/fittings/quick-connect-fittings/q4005-smv-sppe"
"849008","Q4005-SMX-SACN","快插接头","Q40","/images/products/FIT/Quick connector_200x200_01_v001.jpg","public/images/products/FIT/Quick connector_200x200_01_v001.jpg","是","24962","254cf503589fcc912497d4e9c51c87c13956ee5761f646619d216e890210142d","产品图","","同一路径被 97 个商品编码复用","相同图片内容被 97 个商品编码复用","同一路径被 97 个商品编码复用；相同图片内容被 97 个商品编码复用","true","/products/fittings/quick-connect-fittings/q4005-smx-sacn"
"849042","Q4005-SMX-SPPE","快插接头","Q40","/images/products/FIT/Quick connector_200x200_01_v001.jpg","public/images/products/FIT/Quick connector_200x200_01_v001.jpg","是","24962","254cf503589fcc912497d4e9c51c87c13956ee5761f646619d216e890210142d","产品图","","同一路径被 97 个商品编码复用","相同图片内容被 97 个商品编码复用","同一路径被 97 个商品编码复用；相同图片内容被 97 个商品编码复用","true","/products/fittings/quick-connect-fittings/q4005-smx-sppe"
"849019","Q4005-SNV-SACN","快插接头","Q40","/images/products/FIT/Quick connector_200x200_01_v001.jpg","public/images/products/FIT/Quick connector_200x200_01_v001.jpg","是","24962","254cf503589fcc912497d4e9c51c87c13956ee5761f646619d216e890210142d","产品图","","同一路径被 97 个商品编码复用","相同图片内容被 97 个商品编码复用","同一路径被 97 个商品编码复用；相同图片内容被 97 个商品编码复用","true","/products/fittings/quick-connect-fittings/q4005-snv-sacn"
"849053","Q4005-SNV-SPPE","快插接头","Q40","/images/products/FIT/Quick connector_200x200_01_v001.jpg","public/images/products/FIT/Quick connector_200x200_01_v001.jpg","是","24962","254cf503589fcc912497d4e9c51c87c13956ee5761f646619d216e890210142d","产品图","","同一路径被 97 个商品编码复用","相同图片内容被 97 个商品编码复用","同一路径被 97 个商品编码复用；相同图片内容被 97 个商品编码复用","true","/products/fittings/quick-connect-fittings/q4005-snv-sppe"
"849002","Q4005-SNX-SACN","快插接头","Q40","/images/products/FIT/Quick connector_200x200_01_v001.jpg","public/images/products/FIT/Quick connector_200x200_01_v001.jpg","是","24962","254cf503589fcc912497d4e9c51c87c13956ee5761f646619d216e890210142d","产品图","","同一路径被 97 个商品编码复用","相同图片内容被 97 个商品编码复用","同一路径被 97 个商品编码复用；相同图片内容被 97 个商品编码复用","true","/products/fittings/quick-connect-fittings/q4005-snx-sacn"
"849036","Q4005-SNX-SPPE","快插接头","Q40","/images/products/FIT/Quick connector_200x200_01_v001.jpg","public/images/products/FIT/Quick connector_200x200_01_v001.jpg","是","24962","254cf503589fcc912497d4e9c51c87c13956ee5761f646619d216e890210142d","产品图","","同一路径被 97 个商品编码复用","相同图片内容被 97 个商品编码复用","同一路径被 97 个商品编码复用；相同图片内容被 97 个商品编码复用","true","/products/fittings/quick-connect-fittings/q4005-snx-sppe"
"849034","Q4006-PMV-SACN","快插接头","Q40","/images/products/FIT/Quick connector_200x200_01_v001.jpg","public/images/products/FIT/Quick connector_200x200_01_v001.jpg","是","24962","254cf503589fcc912497d4e9c51c87c13956ee5761f646619d216e890210142d","产品图","","同一路径被 97 个商品编码复用","相同图片内容被 97 个商品编码复用","同一路径被 97 个商品编码复用；相同图片内容被 97 个商品编码复用","true","/products/fittings/quick-connect-fittings/q4006-pmv-sacn"
"849068","Q4006-PMV-SPPE","快插接头","Q40","/images/products/FIT/Quick connector_200x200_01_v001.jpg","public/images/products/FIT/Quick connector_200x200_01_v001.jpg","是","24962","254cf503589fcc912497d4e9c51c87c13956ee5761f646619d216e890210142d","产品图","","同一路径被 97 个商品编码复用","相同图片内容被 97 个商品编码复用","同一路径被 97 个商品编码复用；相同图片内容被 97 个商品编码复用","true","/products/fittings/quick-connect-fittings/q4006-pmv-sppe"
"849017","Q4006-PMX-SACN","快插接头","Q40","/images/products/FIT/Quick connector_200x200_01_v001.jpg","public/images/products/FIT/Quick connector_200x200_01_v001.jpg","是","24962","254cf503589fcc912497d4e9c51c87c13956ee5761f646619d216e890210142d","产品图","","同一路径被 97 个商品编码复用","相同图片内容被 97 个商品编码复用","同一路径被 97 个商品编码复用；相同图片内容被 97 个商品编码复用","true","/products/fittings/quick-connect-fittings/q4006-pmx-sacn"
"849051","Q4006-PMX-SPPE","快插接头","Q40","/images/products/FIT/Quick connector_200x200_01_v001.jpg","public/images/products/FIT/Quick connector_200x200_01_v001.jpg","是","24962","254cf503589fcc912497d4e9c51c87c13956ee5761f646619d216e890210142d","产品图","","同一路径被 97 个商品编码复用","相同图片内容被 97 个商品编码复用","同一路径被 97 个商品编码复用；相同图片内容被 97 个商品编码复用","true","/products/fittings/quick-connect-fittings/q4006-pmx-sppe"
"849029","Q4006-PNV-SACN","快插接头","Q40","/images/products/FIT/Quick connector_200x200_01_v001.jpg","public/images/products/FIT/Quick connector_200x200_01_v001.jpg","是","24962","254cf503589fcc912497d4e9c51c87c13956ee5761f646619d216e890210142d","产品图","","同一路径被 97 个商品编码复用","相同图片内容被 97 个商品编码复用","同一路径被 97 个商品编码复用；相同图片内容被 97 个商品编码复用","true","/products/fittings/quick-connect-fittings/q4006-pnv-sacn"
"849063","Q4006-PNV-SPPE","快插接头","Q40","/images/products/FIT/Quick connector_200x200_01_v001.jpg","public/images/products/FIT/Quick connector_200x200_01_v001.jpg","是","24962","254cf503589fcc912497d4e9c51c87c13956ee5761f646619d216e890210142d","产品图","","同一路径被 97 个商品编码复用","相同图片内容被 97 个商品编码复用","同一路径被 97 个商品编码复用；相同图片内容被 97 个商品编码复用","true","/products/fittings/quick-connect-fittings/q4006-pnv-sppe"
"849013","Q4006-PNX-LACN","快插接头","Q40","/images/products/FIT/Quick connector_200x200_01_v001.jpg","public/images/products/FIT/Quick connector_200x200_01_v001.jpg","是","24962","254cf503589fcc912497d4e9c51c87c13956ee5761f646619d216e890210142d","产品图","","同一路径被 97 个商品编码复用","相同图片内容被 97 个商品编码复用","同一路径被 97 个商品编码复用；相同图片内容被 97 个商品编码复用","true","/products/fittings/quick-connect-fittings/q4006-pnx-lacn"
"849047","Q4006-PNX-LPPE","快插接头","Q40","/images/products/FIT/Quick connector_200x200_01_v001.jpg","public/images/products/FIT/Quick connector_200x200_01_v001.jpg","是","24962","254cf503589fcc912497d4e9c51c87c13956ee5761f646619d216e890210142d","产品图","","同一路径被 97 个商品编码复用","相同图片内容被 97 个商品编码复用","同一路径被 97 个商品编码复用；相同图片内容被 97 个商品编码复用","true","/products/fittings/quick-connect-fittings/q4006-pnx-lppe"
"849012","Q4006-PNX-SACN","快插接头","Q40","/images/products/FIT/Quick connector_200x200_01_v001.jpg","public/images/products/FIT/Quick connector_200x200_01_v001.jpg","是","24962","254cf503589fcc912497d4e9c51c87c13956ee5761f646619d216e890210142d","产品图","","同一路径被 97 个商品编码复用","相同图片内容被 97 个商品编码复用","同一路径被 97 个商品编码复用；相同图片内容被 97 个商品编码复用","true","/products/fittings/quick-connect-fittings/q4006-pnx-sacn"
"849046","Q4006-PNX-SPPE","快插接头","Q40","/images/products/FIT/Quick connector_200x200_01_v001.jpg","public/images/products/FIT/Quick connector_200x200_01_v001.jpg","是","24962","254cf503589fcc912497d4e9c51c87c13956ee5761f646619d216e890210142d","产品图","","同一路径被 97 个商品编码复用","相同图片内容被 97 个商品编码复用","同一路径被 97 个商品编码复用；相同图片内容被 97 个商品编码复用","true","/products/fittings/quick-connect-fittings/q4006-pnx-sppe"
"849026","Q4006-SMV-SACN","快插接头","Q40","/images/products/FIT/Quick connector_200x200_01_v001.jpg","public/images/products/FIT/Quick connector_200x200_01_v001.jpg","是","24962","254cf503589fcc912497d4e9c51c87c13956ee5761f646619d216e890210142d","产品图","","同一路径被 97 个商品编码复用","相同图片内容被 97 个商品编码复用","同一路径被 97 个商品编码复用；相同图片内容被 97 个商品编码复用","true","/products/fittings/quick-connect-fittings/q4006-smv-sacn"
"849060","Q4006-SMV-SPPE","快插接头","Q40","/images/products/FIT/Quick connector_200x200_01_v001.jpg","public/images/products/FIT/Quick connector_200x200_01_v001.jpg","是","24962","254cf503589fcc912497d4e9c51c87c13956ee5761f646619d216e890210142d","产品图","","同一路径被 97 个商品编码复用","相同图片内容被 97 个商品编码复用","同一路径被 97 个商品编码复用；相同图片内容被 97 个商品编码复用","true","/products/fittings/quick-connect-fittings/q4006-smv-sppe"
"849009","Q4006-SMX-SACN","快插接头","Q40","/images/products/FIT/Quick connector_200x200_01_v001.jpg","public/images/products/FIT/Quick connector_200x200_01_v001.jpg","是","24962","254cf503589fcc912497d4e9c51c87c13956ee5761f646619d216e890210142d","产品图","","同一路径被 97 个商品编码复用","相同图片内容被 97 个商品编码复用","同一路径被 97 个商品编码复用；相同图片内容被 97 个商品编码复用","true","/products/fittings/quick-connect-fittings/q4006-smx-sacn"
"849043","Q4006-SMX-SPPE","快插接头","Q40","/images/products/FIT/Quick connector_200x200_01_v001.jpg","public/images/products/FIT/Quick connector_200x200_01_v001.jpg","是","24962","254cf503589fcc912497d4e9c51c87c13956ee5761f646619d216e890210142d","产品图","","同一路径被 97 个商品编码复用","相同图片内容被 97 个商品编码复用","同一路径被 97 个商品编码复用；相同图片内容被 97 个商品编码复用","true","/products/fittings/quick-connect-fittings/q4006-smx-sppe"
"849020","Q4006-SNV-SACN","快插接头","Q40","/images/products/FIT/Quick connector_200x200_01_v001.jpg","public/images/products/FIT/Quick connector_200x200_01_v001.jpg","是","24962","254cf503589fcc912497d4e9c51c87c13956ee5761f646619d216e890210142d","产品图","","同一路径被 97 个商品编码复用","相同图片内容被 97 个商品编码复用","同一路径被 97 个商品编码复用；相同图片内容被 97 个商品编码复用","true","/products/fittings/quick-connect-fittings/q4006-snv-sacn"
"849054","Q4006-SNV-SPPE","快插接头","Q40","/images/products/FIT/Quick connector_200x200_01_v001.jpg","public/images/products/FIT/Quick connector_200x200_01_v001.jpg","是","24962","254cf503589fcc912497d4e9c51c87c13956ee5761f646619d216e890210142d","产品图","","同一路径被 97 个商品编码复用","相同图片内容被 97 个商品编码复用","同一路径被 97 个商品编码复用；相同图片内容被 97 个商品编码复用","true","/products/fittings/quick-connect-fittings/q4006-snv-sppe"
"849003","Q4006-SNX-SACN","快插接头","Q40","/images/products/FIT/Quick connector_200x200_01_v001.jpg","public/images/products/FIT/Quick connector_200x200_01_v001.jpg","是","24962","254cf503589fcc912497d4e9c51c87c13956ee5761f646619d216e890210142d","产品图","","同一路径被 97 个商品编码复用","相同图片内容被 97 个商品编码复用","同一路径被 97 个商品编码复用；相同图片内容被 97 个商品编码复用","true","/products/fittings/quick-connect-fittings/q4006-snx-sacn"
"849037","Q4006-SNX-SPPE","快插接头","Q40","/images/products/FIT/Quick connector_200x200_01_v001.jpg","public/images/products/FIT/Quick connector_200x200_01_v001.jpg","是","24962","254cf503589fcc912497d4e9c51c87c13956ee5761f646619d216e890210142d","产品图","","同一路径被 97 个商品编码复用","相同图片内容被 97 个商品编码复用","同一路径被 97 个商品编码复用；相同图片内容被 97 个商品编码复用","true","/products/fittings/quick-connect-fittings/q4006-snx-sppe"
"849031","Q4014N-PNV-SACN","快插接头","Q40","/images/products/FIT/Quick connector_200x200_01_v001.jpg","public/images/products/FIT/Quick connector_200x200_01_v001.jpg","是","24962","254cf503589fcc912497d4e9c51c87c13956ee5761f646619d216e890210142d","产品图","","同一路径被 97 个商品编码复用","相同图片内容被 97 个商品编码复用","同一路径被 97 个商品编码复用；相同图片内容被 97 个商品编码复用","true","/products/fittings/quick-connect-fittings/q4014n-pnv-sacn"
"849065","Q4014N-PNV-SPPE","快插接头","Q40","/images/products/FIT/Quick connector_200x200_01_v001.jpg","public/images/products/FIT/Quick connector_200x200_01_v001.jpg","是","24962","254cf503589fcc912497d4e9c51c87c13956ee5761f646619d216e890210142d","产品图","","同一路径被 97 个商品编码复用","相同图片内容被 97 个商品编码复用","同一路径被 97 个商品编码复用；相同图片内容被 97 个商品编码复用","true","/products/fittings/quick-connect-fittings/q4014n-pnv-sppe"
"849023","Q4014N-SNV-SACN","快插接头","Q40","/images/products/FIT/Quick connector_200x200_01_v001.jpg","public/images/products/FIT/Quick connector_200x200_01_v001.jpg","是","24962","254cf503589fcc912497d4e9c51c87c13956ee5761f646619d216e890210142d","产品图","","同一路径被 97 个商品编码复用","相同图片内容被 97 个商品编码复用","同一路径被 97 个商品编码复用；相同图片内容被 97 个商品编码复用","true","/products/fittings/quick-connect-fittings/q4014n-snv-sacn"
"849057","Q4014N-SNV-SPPE","快插接头","Q40","/images/products/FIT/Quick connector_200x200_01_v001.jpg","public/images/products/FIT/Quick connector_200x200_01_v001.jpg","是","24962","254cf503589fcc912497d4e9c51c87c13956ee5761f646619d216e890210142d","产品图","","同一路径被 97 个商品编码复用","相同图片内容被 97 个商品编码复用","同一路径被 97 个商品编码复用；相同图片内容被 97 个商品编码复用","true","/products/fittings/quick-connect-fittings/q4014n-snv-sppe"
"849006","Q4014N-SNX-SACN","快插接头","Q40","/images/products/FIT/Quick connector_200x200_01_v001.jpg","public/images/products/FIT/Quick connector_200x200_01_v001.jpg","是","24962","254cf503589fcc912497d4e9c51c87c13956ee5761f646619d216e890210142d","产品图","","同一路径被 97 个商品编码复用","相同图片内容被 97 个商品编码复用","同一路径被 97 个商品编码复用；相同图片内容被 97 个商品编码复用","true","/products/fittings/quick-connect-fittings/q4014n-snx-sacn"
"849040","Q4014N-SNX-SPPE","快插接头","Q40","/images/products/FIT/Quick connector_200x200_01_v001.jpg","public/images/products/FIT/Quick connector_200x200_01_v001.jpg","是","24962","254cf503589fcc912497d4e9c51c87c13956ee5761f646619d216e890210142d","产品图","","同一路径被 97 个商品编码复用","相同图片内容被 97 个商品编码复用","同一路径被 97 个商品编码复用；相同图片内容被 97 个商品编码复用","true","/products/fittings/quick-connect-fittings/q4014n-snx-sppe"
"869032","Q6006-PNV-LPPE","快插接头","Q60","/images/products/FIT/Quick connector_200x200_01_v001.jpg","public/images/products/FIT/Quick connector_200x200_01_v001.jpg","是","24962","254cf503589fcc912497d4e9c51c87c13956ee5761f646619d216e890210142d","产品图","","同一路径被 97 个商品编码复用","相同图片内容被 97 个商品编码复用","同一路径被 97 个商品编码复用；相同图片内容被 97 个商品编码复用","true","/products/fittings/quick-connect-fittings/q6006-pnv-lppe"
"869029","Q6006-PNV-SPPE","快插接头","Q60","/images/products/FIT/Quick connector_200x200_01_v001.jpg","public/images/products/FIT/Quick connector_200x200_01_v001.jpg","是","24962","254cf503589fcc912497d4e9c51c87c13956ee5761f646619d216e890210142d","产品图","","同一路径被 97 个商品编码复用","相同图片内容被 97 个商品编码复用","同一路径被 97 个商品编码复用；相同图片内容被 97 个商品编码复用","true","/products/fittings/quick-connect-fittings/q6006-pnv-sppe"
"869012","Q6006-PNX-LPPE","快插接头","Q60","/images/products/FIT/Quick connector_200x200_01_v001.jpg","public/images/products/FIT/Quick connector_200x200_01_v001.jpg","是","24962","254cf503589fcc912497d4e9c51c87c13956ee5761f646619d216e890210142d","产品图","","同一路径被 97 个商品编码复用","相同图片内容被 97 个商品编码复用","同一路径被 97 个商品编码复用；相同图片内容被 97 个商品编码复用","true","/products/fittings/quick-connect-fittings/q6006-pnx-lppe"
"869009","Q6006-PNX-SPPE","快插接头","Q60","/images/products/FIT/Quick connector_200x200_01_v001.jpg","public/images/products/FIT/Quick connector_200x200_01_v001.jpg","是","24962","254cf503589fcc912497d4e9c51c87c13956ee5761f646619d216e890210142d","产品图","","同一路径被 97 个商品编码复用","相同图片内容被 97 个商品编码复用","同一路径被 97 个商品编码复用；相同图片内容被 97 个商品编码复用","true","/products/fittings/quick-connect-fittings/q6006-pnx-sppe"
"869020","Q6006-SMV-LPPE","快插接头","Q60","/images/products/FIT/Quick connector_200x200_01_v001.jpg","public/images/products/FIT/Quick connector_200x200_01_v001.jpg","是","24962","254cf503589fcc912497d4e9c51c87c13956ee5761f646619d216e890210142d","产品图","","同一路径被 97 个商品编码复用","相同图片内容被 97 个商品编码复用","同一路径被 97 个商品编码复用；相同图片内容被 97 个商品编码复用","true","/products/fittings/quick-connect-fittings/q6006-smv-lppe"
"869026","Q6006-SMV-SPPE","快插接头","Q60","/images/products/FIT/Quick connector_200x200_01_v001.jpg","public/images/products/FIT/Quick connector_200x200_01_v001.jpg","是","24962","254cf503589fcc912497d4e9c51c87c13956ee5761f646619d216e890210142d","产品图","","同一路径被 97 个商品编码复用","相同图片内容被 97 个商品编码复用","同一路径被 97 个商品编码复用；相同图片内容被 97 个商品编码复用","true","/products/fittings/quick-connect-fittings/q6006-smv-sppe"
"869018","Q6006-SMX-LPPE","快插接头","Q60","/images/products/FIT/Quick connector_200x200_01_v001.jpg","public/images/products/FIT/Quick connector_200x200_01_v001.jpg","是","24962","254cf503589fcc912497d4e9c51c87c13956ee5761f646619d216e890210142d","产品图","","同一路径被 97 个商品编码复用","相同图片内容被 97 个商品编码复用","同一路径被 97 个商品编码复用；相同图片内容被 97 个商品编码复用","true","/products/fittings/quick-connect-fittings/q6006-smx-lppe"
"869006","Q6006-SMX-SPPE","快插接头","Q60","/images/products/FIT/Quick connector_200x200_01_v001.jpg","public/images/products/FIT/Quick connector_200x200_01_v001.jpg","是","24962","254cf503589fcc912497d4e9c51c87c13956ee5761f646619d216e890210142d","产品图","","同一路径被 97 个商品编码复用","相同图片内容被 97 个商品编码复用","同一路径被 97 个商品编码复用；相同图片内容被 97 个商品编码复用","true","/products/fittings/quick-connect-fittings/q6006-smx-sppe"
"869021","Q6006-SNV-SPPE","快插接头","Q60","/images/products/FIT/Quick connector_200x200_01_v001.jpg","public/images/products/FIT/Quick connector_200x200_01_v001.jpg","是","24962","254cf503589fcc912497d4e9c51c87c13956ee5761f646619d216e890210142d","产品图","","同一路径被 97 个商品编码复用","相同图片内容被 97 个商品编码复用","同一路径被 97 个商品编码复用；相同图片内容被 97 个商品编码复用","true","/products/fittings/quick-connect-fittings/q6006-snv-sppe"
"869001","Q6006-SNX-SPPE","快插接头","Q60","/images/products/FIT/Quick connector_200x200_01_v001.jpg","public/images/products/FIT/Quick connector_200x200_01_v001.jpg","是","24962","254cf503589fcc912497d4e9c51c87c13956ee5761f646619d216e890210142d","产品图","","同一路径被 97 个商品编码复用","相同图片内容被 97 个商品编码复用","同一路径被 97 个商品编码复用；相同图片内容被 97 个商品编码复用","true","/products/fittings/quick-connect-fittings/q6006-snx-sppe"
"869033","Q6008-PNV-LPPE","快插接头","Q60","/images/products/FIT/Quick connector_200x200_01_v001.jpg","public/images/products/FIT/Quick connector_200x200_01_v001.jpg","是","24962","254cf503589fcc912497d4e9c51c87c13956ee5761f646619d216e890210142d","产品图","","同一路径被 97 个商品编码复用","相同图片内容被 97 个商品编码复用","同一路径被 97 个商品编码复用；相同图片内容被 97 个商品编码复用","true","/products/fittings/quick-connect-fittings/q6008-pnv-lppe"
"869030","Q6008-PNV-SPPE","快插接头","Q60","/images/products/FIT/Quick connector_200x200_01_v001.jpg","public/images/products/FIT/Quick connector_200x200_01_v001.jpg","是","24962","254cf503589fcc912497d4e9c51c87c13956ee5761f646619d216e890210142d","产品图","","同一路径被 97 个商品编码复用","相同图片内容被 97 个商品编码复用","同一路径被 97 个商品编码复用；相同图片内容被 97 个商品编码复用","true","/products/fittings/quick-connect-fittings/q6008-pnv-sppe"
"869013","Q6008-PNX-LPPE","快插接头","Q60","/images/products/FIT/Quick connector_200x200_01_v001.jpg","public/images/products/FIT/Quick connector_200x200_01_v001.jpg","是","24962","254cf503589fcc912497d4e9c51c87c13956ee5761f646619d216e890210142d","产品图","","同一路径被 97 个商品编码复用","相同图片内容被 97 个商品编码复用","同一路径被 97 个商品编码复用；相同图片内容被 97 个商品编码复用","true","/products/fittings/quick-connect-fittings/q6008-pnx-lppe"
"869010","Q6008-PNX-SPPE","快插接头","Q60","/images/products/FIT/Quick connector_200x200_01_v001.jpg","public/images/products/FIT/Quick connector_200x200_01_v001.jpg","是","24962","254cf503589fcc912497d4e9c51c87c13956ee5761f646619d216e890210142d","产品图","","同一路径被 97 个商品编码复用","相同图片内容被 97 个商品编码复用","同一路径被 97 个商品编码复用；相同图片内容被 97 个商品编码复用","true","/products/fittings/quick-connect-fittings/q6008-pnx-sppe"
"869036","Q6008-SMV-LPPE","快插接头","Q60","/images/products/FIT/Quick connector_200x200_01_v001.jpg","public/images/products/FIT/Quick connector_200x200_01_v001.jpg","是","24962","254cf503589fcc912497d4e9c51c87c13956ee5761f646619d216e890210142d","产品图","","同一路径被 97 个商品编码复用","相同图片内容被 97 个商品编码复用","同一路径被 97 个商品编码复用；相同图片内容被 97 个商品编码复用","true","/products/fittings/quick-connect-fittings/q6008-smv-lppe"
"869027","Q6008-SMV-SPPE","快插接头","Q60","/images/products/FIT/Quick connector_200x200_01_v001.jpg","public/images/products/FIT/Quick connector_200x200_01_v001.jpg","是","24962","254cf503589fcc912497d4e9c51c87c13956ee5761f646619d216e890210142d","产品图","","同一路径被 97 个商品编码复用","相同图片内容被 97 个商品编码复用","同一路径被 97 个商品编码复用；相同图片内容被 97 个商品编码复用","true","/products/fittings/quick-connect-fittings/q6008-smv-sppe"
"869019","Q6008-SMX-LPPE","快插接头","Q60","/images/products/FIT/Quick connector_200x200_01_v001.jpg","public/images/products/FIT/Quick connector_200x200_01_v001.jpg","是","24962","254cf503589fcc912497d4e9c51c87c13956ee5761f646619d216e890210142d","产品图","","同一路径被 97 个商品编码复用","相同图片内容被 97 个商品编码复用","同一路径被 97 个商品编码复用；相同图片内容被 97 个商品编码复用","true","/products/fittings/quick-connect-fittings/q6008-smx-lppe"
"869007","Q6008-SMX-SPPE","快插接头","Q60","/images/products/FIT/Quick connector_200x200_01_v001.jpg","public/images/products/FIT/Quick connector_200x200_01_v001.jpg","是","24962","254cf503589fcc912497d4e9c51c87c13956ee5761f646619d216e890210142d","产品图","","同一路径被 97 个商品编码复用","相同图片内容被 97 个商品编码复用","同一路径被 97 个商品编码复用；相同图片内容被 97 个商品编码复用","true","/products/fittings/quick-connect-fittings/q6008-smx-sppe"
"869022","Q6008-SNV-SPPE","快插接头","Q60","/images/products/FIT/Quick connector_200x200_01_v001.jpg","public/images/products/FIT/Quick connector_200x200_01_v001.jpg","是","24962","254cf503589fcc912497d4e9c51c87c13956ee5761f646619d216e890210142d","产品图","","同一路径被 97 个商品编码复用","相同图片内容被 97 个商品编码复用","同一路径被 97 个商品编码复用；相同图片内容被 97 个商品编码复用","true","/products/fittings/quick-connect-fittings/q6008-snv-sppe"
"869002","Q6008-SNX-SPPE","快插接头","Q60","/images/products/FIT/Quick connector_200x200_01_v001.jpg","public/images/products/FIT/Quick connector_200x200_01_v001.jpg","是","24962","254cf503589fcc912497d4e9c51c87c13956ee5761f646619d216e890210142d","产品图","","同一路径被 97 个商品编码复用","相同图片内容被 97 个商品编码复用","同一路径被 97 个商品编码复用；相同图片内容被 97 个商品编码复用","true","/products/fittings/quick-connect-fittings/q6008-snx-sppe"
"869031","Q6012-PNV-SPPE","快插接头","Q60","/images/products/FIT/Quick connector_200x200_01_v001.jpg","public/images/products/FIT/Quick connector_200x200_01_v001.jpg","是","24962","254cf503589fcc912497d4e9c51c87c13956ee5761f646619d216e890210142d","产品图","","同一路径被 97 个商品编码复用","相同图片内容被 97 个商品编码复用","同一路径被 97 个商品编码复用；相同图片内容被 97 个商品编码复用","true","/products/fittings/quick-connect-fittings/q6012-pnv-sppe"
"869011","Q6012-PNX-SPPE","快插接头","Q60","/images/products/FIT/Quick connector_200x200_01_v001.jpg","public/images/products/FIT/Quick connector_200x200_01_v001.jpg","是","24962","254cf503589fcc912497d4e9c51c87c13956ee5761f646619d216e890210142d","产品图","","同一路径被 97 个商品编码复用","相同图片内容被 97 个商品编码复用","同一路径被 97 个商品编码复用；相同图片内容被 97 个商品编码复用","true","/products/fittings/quick-connect-fittings/q6012-pnx-sppe"
"869028","Q6012-SMV-SPPE","快插接头","Q60","/images/products/FIT/Quick connector_200x200_01_v001.jpg","public/images/products/FIT/Quick connector_200x200_01_v001.jpg","是","24962","254cf503589fcc912497d4e9c51c87c13956ee5761f646619d216e890210142d","产品图","","同一路径被 97 个商品编码复用","相同图片内容被 97 个商品编码复用","同一路径被 97 个商品编码复用；相同图片内容被 97 个商品编码复用","true","/products/fittings/quick-connect-fittings/q6012-smv-sppe"
"869008","Q6012-SMX-SPPE","快插接头","Q60","/images/products/FIT/Quick connector_200x200_01_v001.jpg","public/images/products/FIT/Quick connector_200x200_01_v001.jpg","是","24962","254cf503589fcc912497d4e9c51c87c13956ee5761f646619d216e890210142d","产品图","","同一路径被 97 个商品编码复用","相同图片内容被 97 个商品编码复用","同一路径被 97 个商品编码复用；相同图片内容被 97 个商品编码复用","true","/products/fittings/quick-connect-fittings/q6012-smx-sppe"
"869023","Q6012-SNV-SPPE","快插接头","Q60","/images/products/FIT/Quick connector_200x200_01_v001.jpg","public/images/products/FIT/Quick connector_200x200_01_v001.jpg","是","24962","254cf503589fcc912497d4e9c51c87c13956ee5761f646619d216e890210142d","产品图","","同一路径被 97 个商品编码复用","相同图片内容被 97 个商品编码复用","同一路径被 97 个商品编码复用；相同图片内容被 97 个商品编码复用","true","/products/fittings/quick-connect-fittings/q6012-snv-sppe"
"869003","Q6012-SNX-SPPE","快插接头","Q60","/images/products/FIT/Quick connector_200x200_01_v001.jpg","public/images/products/FIT/Quick connector_200x200_01_v001.jpg","是","24962","254cf503589fcc912497d4e9c51c87c13956ee5761f646619d216e890210142d","产品图","","同一路径被 97 个商品编码复用","相同图片内容被 97 个商品编码复用","同一路径被 97 个商品编码复用；相同图片内容被 97 个商品编码复用","true","/products/fittings/quick-connect-fittings/q6012-snx-sppe"
"869035","Q6012N-PNV-SPPE","快插接头","Q60","/images/products/FIT/Quick connector_200x200_01_v001.jpg","public/images/products/FIT/Quick connector_200x200_01_v001.jpg","是","24962","254cf503589fcc912497d4e9c51c87c13956ee5761f646619d216e890210142d","产品图","","同一路径被 97 个商品编码复用","相同图片内容被 97 个商品编码复用","同一路径被 97 个商品编码复用；相同图片内容被 97 个商品编码复用","true","/products/fittings/quick-connect-fittings/q6012n-pnv-sppe"
"869015","Q6012N-PNX-SPPE","快插接头","Q60","/images/products/FIT/Quick connector_200x200_01_v001.jpg","public/images/products/FIT/Quick connector_200x200_01_v001.jpg","是","24962","254cf503589fcc912497d4e9c51c87c13956ee5761f646619d216e890210142d","产品图","","同一路径被 97 个商品编码复用","相同图片内容被 97 个商品编码复用","同一路径被 97 个商品编码复用；相同图片内容被 97 个商品编码复用","true","/products/fittings/quick-connect-fittings/q6012n-pnx-sppe"
"869025","Q6012N-SNV-SPPE","快插接头","Q60","/images/products/FIT/Quick connector_200x200_01_v001.jpg","public/images/products/FIT/Quick connector_200x200_01_v001.jpg","是","24962","254cf503589fcc912497d4e9c51c87c13956ee5761f646619d216e890210142d","产品图","","同一路径被 97 个商品编码复用","相同图片内容被 97 个商品编码复用","同一路径被 97 个商品编码复用；相同图片内容被 97 个商品编码复用","true","/products/fittings/quick-connect-fittings/q6012n-snv-sppe"
"869005","Q6012N-SNX-SPPE","快插接头","Q60","/images/products/FIT/Quick connector_200x200_01_v001.jpg","public/images/products/FIT/Quick connector_200x200_01_v001.jpg","是","24962","254cf503589fcc912497d4e9c51c87c13956ee5761f646619d216e890210142d","产品图","","同一路径被 97 个商品编码复用","相同图片内容被 97 个商品编码复用","同一路径被 97 个商品编码复用；相同图片内容被 97 个商品编码复用","true","/products/fittings/quick-connect-fittings/q6012n-snx-sppe"
"869034","Q6038N-PNV-SPPE","快插接头","Q60","/images/products/FIT/Quick connector_200x200_01_v001.jpg","public/images/products/FIT/Quick connector_200x200_01_v001.jpg","是","24962","254cf503589fcc912497d4e9c51c87c13956ee5761f646619d216e890210142d","产品图","","同一路径被 97 个商品编码复用","相同图片内容被 97 个商品编码复用","同一路径被 97 个商品编码复用；相同图片内容被 97 个商品编码复用","true","/products/fittings/quick-connect-fittings/q6038n-pnv-sppe"
"869014","Q6038N-PNX-SPPE","快插接头","Q60","/images/products/FIT/Quick connector_200x200_01_v001.jpg","public/images/products/FIT/Quick connector_200x200_01_v001.jpg","是","24962","254cf503589fcc912497d4e9c51c87c13956ee5761f646619d216e890210142d","产品图","","同一路径被 97 个商品编码复用","相同图片内容被 97 个商品编码复用","同一路径被 97 个商品编码复用；相同图片内容被 97 个商品编码复用","true","/products/fittings/quick-connect-fittings/q6038n-pnx-sppe"
"869024","Q6038N-SNV-SPPE","快插接头","Q60","/images/products/FIT/Quick connector_200x200_01_v001.jpg","public/images/products/FIT/Quick connector_200x200_01_v001.jpg","是","24962","254cf503589fcc912497d4e9c51c87c13956ee5761f646619d216e890210142d","产品图","","同一路径被 97 个商品编码复用","相同图片内容被 97 个商品编码复用","同一路径被 97 个商品编码复用；相同图片内容被 97 个商品编码复用","true","/products/fittings/quick-connect-fittings/q6038n-snv-sppe"
"869004","Q6038N-SNX-SPPE","快插接头","Q60","/images/products/FIT/Quick connector_200x200_01_v001.jpg","public/images/products/FIT/Quick connector_200x200_01_v001.jpg","是","24962","254cf503589fcc912497d4e9c51c87c13956ee5761f646619d216e890210142d","产品图","","同一路径被 97 个商品编码复用","相同图片内容被 97 个商品编码复用","同一路径被 97 个商品编码复用；相同图片内容被 97 个商品编码复用","true","/products/fittings/quick-connect-fittings/q6038n-snx-sppe"
"809728","HN-M6-16-PK-N","新版标滚卡箍接头","FIT+H","/images/products/fittings/hard-tube-fittings/standard-ferrule-fitting/hn-m6-16-pk-n-main.jpg","public/images/products/fittings/hard-tube-fittings/standard-ferrule-fitting/hn-m6-16-pk-n-main.jpg","是","46644","aef3b804b3709ad7c24102305d3fcae3c61e6ffb8885d0793407023d9c3946da","产品图","","","","","true","/products/fittings/hard-tube-fittings/hn-m6-16-pk-n"
"809729","HN-M6-32-PK-N","新版标滚卡箍接头","FIT+H","/images/products/fittings/hard-tube-fittings/standard-ferrule-fitting/hn-m6-32-pk-n-main.jpg","public/images/products/fittings/hard-tube-fittings/standard-ferrule-fitting/hn-m6-32-pk-n-main.jpg","是","47881","5bdc4c1967e531e3ad08badf593e273a8dbfaf22483ad9e127d4478ab96a54b4","产品图","","","","","true","/products/fittings/hard-tube-fittings/hn-m6-32-pk-n"
"809726","HN-U28-16-PK-N","新版标滚卡箍接头","FIT+H","/images/products/fittings/hard-tube-fittings/standard-ferrule-fitting/hn-u28-16-pk-n-main.jpg","public/images/products/fittings/hard-tube-fittings/standard-ferrule-fitting/hn-u28-16-pk-n-main.jpg","是","46613","cee8a7219e7a2c7e76926ae18f43e41393ef64adde3eade6fca6f9beeaef6fff","产品图","","","","","true","/products/fittings/hard-tube-fittings/hn-u28-16-pk-n"
"809727","HN-U28-32-PK-N","新版标滚卡箍接头","FIT+H","/images/products/fittings/hard-tube-fittings/standard-ferrule-fitting/hn-u28-32-pk-n-main.jpg","public/images/products/fittings/hard-tube-fittings/standard-ferrule-fitting/hn-u28-32-pk-n-main.jpg","是","48152","0f04122c4ed731fc9980632943b01f5219ab3d3bfc8795b62725b630f5bd1bf6","产品图","","","","","true","/products/fittings/hard-tube-fittings/hn-u28-32-pk-n"
"809732","HN6-M6-16-PK-N","新版紧凑卡箍接头","FIT+H","/images/products/fittings/hard-tube-fittings/compact-ferrule-fitting/hn6-m6-16-pk-n-main.jpg","public/images/products/fittings/hard-tube-fittings/compact-ferrule-fitting/hn6-m6-16-pk-n-main.jpg","是","45066","20efd7a50c9853e963405e1fa619c2ef082ea2dfae295e8628cef7fd06eae9c8","产品图","","","","","true","/products/fittings/hard-tube-fittings/hn6-m6-16-pk-n"
"809733","HN6-M6-32-PK-N","新版紧凑卡箍接头","FIT+H","/images/products/fittings/hard-tube-fittings/compact-ferrule-fitting/hn6-m6-32-pk-n-main.jpg","public/images/products/fittings/hard-tube-fittings/compact-ferrule-fitting/hn6-m6-32-pk-n-main.jpg","是","46575","218a5f5650206c9cddb30591e45df600fb0ef3cfeff2951dce524278061d4417","产品图","","","","","true","/products/fittings/hard-tube-fittings/hn6-m6-32-pk-n"
"809730","HN6-U28-16-PK-N","新版紧凑卡箍接头","FIT+H","/images/products/fittings/hard-tube-fittings/compact-ferrule-fitting/hn6-u28-16-pk-n-main.jpg","public/images/products/fittings/hard-tube-fittings/compact-ferrule-fitting/hn6-u28-16-pk-n-main.jpg","是","44886","db0534133879489cefc89fed324519ba69bfc1c24db786265ed081106eb19ff3","产品图","","","","","true","/products/fittings/hard-tube-fittings/hn6-u28-16-pk-n"
"809923","HN6-U28-32-PK-B","新版紧凑卡箍接头","FIT+H","/images/products/fittings/hard-tube-fittings/compact-ferrule-fitting/hn6-u28-32-main.jpg","public/images/products/fittings/hard-tube-fittings/compact-ferrule-fitting/hn6-u28-32-main.jpg","是","45756","23b0f2c5bc3fd135de2c5c2a575cf827dc29646a2a3031d50be4164d9b356a9a","产品图","","","","","true","/products/fittings/hard-tube-fittings/hn6-u28-32-pk-b"
"809753","HF6-U28-20-PS-B","新版紧凑平底接头","FIT+H","/images/products/fittings/hard-tube-fittings/compact-flat-bottom-fitting/hf6-u28-20-ps-b-main.jpg","public/images/products/fittings/hard-tube-fittings/compact-flat-bottom-fitting/hf6-u28-20-ps-b-main.jpg","是","54473","b6e5a704a069668f2df641b737f9e3f96ca1485fc0d7099131ec9066bd6e8833","产品图","","","","","true","/products/fittings/hard-tube-fittings/hf6-u28-20-ps-b"
"809755","HF6-U28-25-PS-B","新版紧凑平底接头","FIT+H","/images/products/fittings/hard-tube-fittings/compact-flat-bottom-fitting/hf6-u28-25-ps-b-main.jpg","public/images/products/fittings/hard-tube-fittings/compact-flat-bottom-fitting/hf6-u28-25-ps-b-main.jpg","是","54416","ab4de695d7ab0e189777599fb22c31dd45eafd8f20b1c1e7d3fba79120aa4757","产品图","","","","","true","/products/fittings/hard-tube-fittings/hf6-u28-25-ps-b"
"809757","HF6-U28-32-PS-B","新版紧凑平底接头","FIT+H","/images/products/fittings/hard-tube-fittings/compact-flat-bottom-fitting/hf6-u28-32-ps-b-main.jpg","public/images/products/fittings/hard-tube-fittings/compact-flat-bottom-fitting/hf6-u28-32-ps-b-main.jpg","是","54711","6c1d0ce3ab0c1d0504117a8eb3ed82f477937be953925020083256fc253ccafa","产品图","","","","","true","/products/fittings/hard-tube-fittings/hf6-u28-32-ps-b"