"分组","结论","分组产品数","分组结构数","商品编码","型号","状态","系列","口径","公母端","穿板状态","带阀状态","结构形式","材质","密封圈","结构签名","主图路径","实际文件","图片存在","占位图","图片SHA256","图片字节","数据行"
"","","","","839041","Q2001-PMV-SACN","active","Q20","1.6 mm","公端","穿板","带阀","直通","POM","","q20|1.6mm|公端|穿板|带阀|直通","/images/products/fittings/quick-connect-fittings/products/q2001-pmv-sacn-main.jpg","public/images/products/fittings/quick-connect-fittings/products/q2001-pmv-sacn-main.jpg","是","否","922acaddd06013402a1c2c70c8555abbd176bd6fb77922817942a69db1b37234","38110","23"
"","","","","839085","Q2001-PMV-SPPE","active","Q20","1.6 mm","公端","穿板","带阀","直通","PP","","q20|1.6mm|公端|穿板|带阀|直通","/images/products/fittings/quick-connect-fittings/products/q2001-pmv-sppe-main.jpg","public/images/products/fittings/quick-connect-fittings/products/q2001-pmv-sppe-main.jpg","是","否","8e879755ec19def86816cf401df7ce79c668d8fc9e7ac33f79bd9a3372396b83","44541","78"
"","","","","839019","Q2001-PMX-SACN","active","Q20","1.6 mm","公端","穿板","不带阀","直通","POM","","q20|1.6mm|公端|穿板|不带阀|直通","/images/products/fittings/quick-connect-fittings/products/q2001-pmx-sacn-main.jpg","public/images/products/fittings/quick-connect-fittings/products/q2001-pmx-sacn-main.jpg","是","否","ce6d259def9b6600eb67d4a7694e89e6ad835c875fa554098752c0b9b3a6bccf","38360","133"
"","","","","839063","Q2001-PMX-SPPE","active","Q20","1.6 mm","公端","穿板","不带阀","直通","PP","","q20|1.6mm|公端|穿板|不带阀|直通","/images/products/fittings/quick-connect-fittings/products/q2001-pmx-sppe-main.jpg","public/images/products/fittings/quick-connect-fittings/products/q2001-pmx-sppe-main.jpg","是","否","b81cddf9ad06e5b941c516ccac66d6c6a25c1b6bc9095690e37da7a2755dc5c7","46385","188"
"","","","","839034","Q2001-PNV-SACN","active","Q20","1.6 mm","公端","非穿板","带阀","直通","POM","","q20|1.6mm|公端|非穿板|带阀|直通","/images/products/fittings/quick-connect-fittings/products/q2001-pnv-sacn-main.jpg","public/images/products/fittings/quick-connect-fittings/products/q2001-pnv-sacn-main.jpg","是","否","cd61072fa5ccdce0b73cd88147298dd1d1f406fad2afd9c4e49ecc9c60efd083","27799","243"
"","","","","839078","Q2001-PNV-SPPE","active","Q20","1.6 mm","公端","非穿板","带阀","直通","PP","","q20|1.6mm|公端|非穿板|带阀|直通","/images/products/fittings/quick-connect-fittings/products/q2001-pnv-sppe-main.jpg","public/images/products/fittings/quick-connect-fittings/products/q2001-pnv-sppe-main.jpg","是","否","830f2a69bf6b71f792b4dabe4539030ec76b0e2b7cdd347947e42acea2e177d7","35581","298"
"","","","","839012","Q2001-PNX-SACN","active","Q20","1.6 mm","公端","非穿板","不带阀","直通","POM","","q20|1.6mm|公端|非穿板|不带阀|直通","/images/products/fittings/quick-connect-fittings/products/q2001-pnx-sacn-main.jpg","public/images/products/fittings/quick-connect-fittings/products/q2001-pnx-sacn-main.jpg","是","否","6be5f26a843040c12f445ef782676d471d8d7cb39ecef1476bd7efa650736489","29808","353"
"","","","","839056","Q2001-PNX-SPPE","active","Q20","1.6 mm","公端","非穿板","不带阀","直通","PP","","q20|1.6mm|公端|非穿板|不带阀|直通","/images/products/fittings/quick-connect-fittings/products/q2001-pnx-sppe-main.jpg","public/images/products/fittings/quick-connect-fittings/products/q2001-pnx-sppe-main.jpg","是","否","3746f551ae4db6238fb5e01589c863eea85a2e5448473e3c338930c4b6dfd283","37312","408"
"","","","","839030","Q2001-SMV-SACN","active","Q20","1.6 mm","母端","穿板","带阀","直通","POM","","q20|1.6mm|母端|穿板|带阀|直通","/images/products/fittings/quick-connect-fittings/products/q2001-smv-sacn-main.jpg","public/images/products/fittings/quick-connect-fittings/products/q2001-smv-sacn-main.jpg","是","否","f99e81df692ccd09e5d14d941b398c14d1b8c5c23924e34c45fa510e942a5572","49362","463"
"","","","","839074","Q2001-SMV-SPPE","active","Q20","1.6 mm","母端","穿板","带阀","直通","PP","","q20|1.6mm|母端|穿板|带阀|直通","/images/products/fittings/quick-connect-fittings/products/q2001-smv-sppe-main.jpg","public/images/products/fittings/quick-connect-fittings/products/q2001-smv-sppe-main.jpg","是","否","84d3daf91179269746d63cb7a415ad3157ab620404f23d97675fbe43bd4f2be8","58631","518"
"","","","","839008","Q2001-SMX-SACN","active","Q20","1.6 mm","母端","穿板","不带阀","直通","POM","","q20|1.6mm|母端|穿板|不带阀|直通","/images/products/fittings/quick-connect-fittings/products/q2001-smx-sacn-main.jpg","public/images/products/fittings/quick-connect-fittings/products/q2001-smx-sacn-main.jpg","是","否","5a8777a16c27ae0ac082f6cecef79440660b2c4788a89d2a9a503c77c53f320c","48286","573"
"","","","","839052","Q2001-SMX-SPPE","active","Q20","1.6 mm","母端","穿板","不带阀","直通","PP","","q20|1.6mm|母端|穿板|不带阀|直通","/images/products/fittings/quick-connect-fittings/products/q2001-smx-sppe-main.jpg","public/images/products/fittings/quick-connect-fittings/products/q2001-smx-sppe-main.jpg","是","否","1770a6923fb8e5cdf877fa3a2c753d554ce2c3a1ba1bab2c92d6da9cab041149","58249","628"
"","","","","839023","Q2001-SNV-SACN","active","Q20","1.6 mm","母端","非穿板","带阀","直通","POM","","q20|1.6mm|母端|非穿板|带阀|直通","/images/products/fittings/quick-connect-fittings/products/q2001-snv-sacn-main.jpg","public/images/products/fittings/quick-connect-fittings/products/q2001-snv-sacn-main.jpg","是","否","ece2aa0ede76ea57e38b9b439b1dd718c0d7c29687cccfd509d39682731ed753","48713","683"
"","","","","839067","Q2001-SNV-SPPE","active","Q20","1.6 mm","母端","非穿板","带阀","直通","PP","","q20|1.6mm|母端|非穿板|带阀|直通","/images/products/fittings/quick-connect-fittings/products/q2001-snv-sppe-main.jpg","public/images/products/fittings/quick-connect-fittings/products/q2001-snv-sppe-main.jpg","是","否","d2420f367d97bd341cecd9e870b77ea48671ed61df87fbdb8ca988a294b78768","58247","738"
"","","","","839001","Q2001-SNX-SACN","active","Q20","1.6 mm","母端","非穿板","不带阀","直通","POM","","q20|1.6mm|母端|非穿板|不带阀|直通","/images/products/fittings/quick-connect-fittings/products/q2001-snx-sacn-main.jpg","public/images/products/fittings/quick-connect-fittings/products/q2001-snx-sacn-main.jpg","是","否","8e7cf474408a0e37a393d8c70aaaa564c908fdbdfa4b527478f8f7f571a4e1f9","46865","793"
"","","","","839045","Q2001-SNX-SPPE","active","Q20","1.6 mm","母端","非穿板","不带阀","直通","PP","","q20|1.6mm|母端|非穿板|不带阀|直通","/images/products/fittings/quick-connect-fittings/products/q2001-snx-sppe-main.jpg","public/images/products/fittings/quick-connect-fittings/products/q2001-snx-sppe-main.jpg","是","否","780cfc2702d2adb867d68d5d9d5bab6a10ca8526c37419248502dc48329947f6","56545","848"
"","","","","839042","Q2002-PMV-SACN","active","Q20","3.2 mm","公端","穿板","带阀","直通","POM","","q20|3.2mm|公端|穿板|带阀|直通","/images/products/fittings/quick-connect-fittings/products/q2002-pmv-sacn-main.jpg","public/images/products/fittings/quick-connect-fittings/products/q2002-pmv-sacn-main.jpg","是","否","ff4426b35dd56f795a4988ec3539d3dc25e6702656219beeb78b286ee3a13c8e","34743","903"
"","","","","839086","Q2002-PMV-SPPE","active","Q20","3.2 mm","公端","穿板","带阀","直通","PP","","q20|3.2mm|公端|穿板|带阀|直通","/images/products/fittings/quick-connect-fittings/products/q2002-pmv-sppe-main.jpg","public/images/products/fittings/quick-connect-fittings/products/q2002-pmv-sppe-main.jpg","是","否","6e44ab2ec90866de8f23df559348acd1ae50d04e622176c3013087aba97f2e89","41998","958"
"","","","","839020","Q2002-PMX-SACN","active","Q20","3.2 mm","公端","穿板","不带阀","直通","POM","","q20|3.2mm|公端|穿板|不带阀|直通","/images/products/fittings/quick-connect-fittings/products/q2002-pmx-sacn-main.jpg","public/images/products/fittings/quick-connect-fittings/products/q2002-pmx-sacn-main.jpg","是","否","2f80e4f1c4b1aededba9728874afe1c00d61a4d5fce1776057f3644eea51fd5c","34092","1013"
"","","","","839064","Q2002-PMX-SPPE","active","Q20","3.2 mm","公端","穿板","不带阀","直通","PP","","q20|3.2mm|公端|穿板|不带阀|直通","/images/products/fittings/quick-connect-fittings/products/q2002-pmx-sppe-main.jpg","public/images/products/fittings/quick-connect-fittings/products/q2002-pmx-sppe-main.jpg","是","否","2bb5df2704e33f11cab120e760b58b5b5d88cd524a641337294e91525c96028e","41071","1068"
"","","","","839038","Q2002-PNV-LACN","active","Q20","3.2 mm","公端","非穿板","带阀","L型","POM","","q20|3.2mm|公端|非穿板|带阀|l型","/images/products/fittings/quick-connect-fittings/products/q2002-pnv-lacn-main.jpg","public/images/products/fittings/quick-connect-fittings/products/q2002-pnv-lacn-main.jpg","是","否","a32949675925f8b320d0fc6768ae42be37f9838ef2a55993de40b8e7c93e62ec","30457","1123"
"","","","","839082","Q2002-PNV-LPPE","active","Q20","3.2 mm","公端","非穿板","带阀","L型","PP","","q20|3.2mm|公端|非穿板|带阀|l型","/images/products/fittings/quick-connect-fittings/products/q2002-pnv-lppe-main.jpg","public/images/products/fittings/quick-connect-fittings/products/q2002-pnv-lppe-main.jpg","是","否","b69ef1bcd5e64cc77fd8ca129c5b4c4fedb4fda8ea267d03a7b926e5632c603a","39080","1178"
"","","","","839035","Q2002-PNV-SACN","active","Q20","3.2 mm","公端","非穿板","带阀","直通","POM","","q20|3.2mm|公端|非穿板|带阀|直通","/images/products/fittings/quick-connect-fittings/products/q2002-pnv-sacn-main.jpg","public/images/products/fittings/quick-connect-fittings/products/q2002-pnv-sacn-main.jpg","是","否","907bdabd7664ddcbfcfde79b35607fbd25080adb57afa670f9f0b02f5d50581a","28825","1288"
"","","","","839079","Q2002-PNV-SPPE","active","Q20","3.2 mm","公端","非穿板","带阀","直通","PP","","q20|3.2mm|公端|非穿板|带阀|直通","/images/products/fittings/quick-connect-fittings/products/q2002-pnv-sppe-main.jpg","public/images/products/fittings/quick-connect-fittings/products/q2002-pnv-sppe-main.jpg","是","否","7ac9ca0acb111ab041cb6e7dee6ede791eddf8e1453f57f588df8b14e98833cd","35031","1343"
"","","","","839016","Q2002-PNX-LACN","active","Q20","3.2 mm","公端","非穿板","不带阀","L型","POM","","q20|3.2mm|公端|非穿板|不带阀|l型","/images/products/fittings/quick-connect-fittings/products/q2002-pnx-lacn-main.jpg","public/images/products/fittings/quick-connect-fittings/products/q2002-pnx-lacn-main.jpg","是","否","bf6db1b096f380d1caf825b7eef33baec9781383493d1facdd6f57cd86f92bd8","31896","1398"
"","","","","839060","Q2002-PNX-LPPE","active","Q20","3.2 mm","公端","非穿板","不带阀","L型","PP","","q20|3.2mm|公端|非穿板|不带阀|l型","/images/products/fittings/quick-connect-fittings/products/q2002-pnx-lppe-main.jpg","public/images/products/fittings/quick-connect-fittings/products/q2002-pnx-lppe-main.jpg","是","否","96552e1710ce52d53e71f9b0e58e26cbc60936bb32ecb43cbaa2f26a4c71a817","40776","1453"
"","","","","839013","Q2002-PNX-SACN","active","Q20","3.2 mm","公端","非穿板","不带阀","直通","POM","","q20|3.2mm|公端|非穿板|不带阀|直通","/images/products/fittings/quick-connect-fittings/products/q2002-pnx-sacn-main.jpg","public/images/products/fittings/quick-connect-fittings/products/q2002-pnx-sacn-main.jpg","是","否","d518e0f59b674cde984041e941d29687db6056a85417e1bb49d6e0d2cb6fab95","30955","1508"
"","","","","839057","Q2002-PNX-SPPE","active","Q20","3.2 mm","公端","非穿板","不带阀","直通","PP","","q20|3.2mm|公端|非穿板|不带阀|直通","/images/products/fittings/quick-connect-fittings/products/q2002-pnx-sppe-main.jpg","public/images/products/fittings/quick-connect-fittings/products/q2002-pnx-sppe-main.jpg","是","否","d665185994635d55dee5714e99f41e33cb8e88f2156d2b4528caeb957da1c797","38494","1563"
"","","","","839031","Q2002-SMV-SACN","active","Q20","3.2 mm","母端","穿板","带阀","直通","POM","","q20|3.2mm|母端|穿板|带阀|直通","/images/products/fittings/quick-connect-fittings/products/q2002-smv-sacn-main.jpg","public/images/products/fittings/quick-connect-fittings/products/q2002-smv-sacn-main.jpg","是","否","fd2c0de43b10242299fc7ec6b50138af7b67b9b64156fba577f5f3be209aec36","46327","1618"
"","","","","839075","Q2002-SMV-SPPE","active","Q20","3.2 mm","母端","穿板","带阀","直通","PP","","q20|3.2mm|母端|穿板|带阀|直通","/images/products/fittings/quick-connect-fittings/products/q2002-smv-sppe-main.jpg","public/images/products/fittings/quick-connect-fittings/products/q2002-smv-sppe-main.jpg","是","否","5199e09632f27e6fd70e3f005f34dc4532a631dceb359732f6432f4f4c1b42c1","54408","1673"
"","","","","839009","Q2002-SMX-SACN","active","Q20","3.2 mm","母端","穿板","不带阀","直通","POM","","q20|3.2mm|母端|穿板|不带阀|直通","/images/products/fittings/quick-connect-fittings/products/q2002-smx-sacn-main.jpg","public/images/products/fittings/quick-connect-fittings/products/q2002-smx-sacn-main.jpg","是","否","a8b3238b38b9c62380999f71d4e5048562c5103d3953d63220290e576e6ae20a","45118","1728"
"","","","","839053","Q2002-SMX-SPPE","active","Q20","3.2 mm","母端","穿板","不带阀","直通","PP","","q20|3.2mm|母端|穿板|不带阀|直通","/images/products/fittings/quick-connect-fittings/products/q2002-smx-sppe-main.jpg","public/images/products/fittings/quick-connect-fittings/products/q2002-smx-sppe-main.jpg","是","否","d5a8bda55f593c58b3525cb20366d4b0b2e500c4ebe7d924642522ae2562d1dc","53811","1783"
"","","","","839027","Q2002-SNV-LACN","active","Q20","3.2 mm","母端","非穿板","带阀","L型","POM","","q20|3.2mm|母端|非穿板|带阀|l型","/images/products/fittings/quick-connect-fittings/products/q2002-snv-lacn-main.jpg","public/images/products/fittings/quick-connect-fittings/products/q2002-snv-lacn-main.jpg","是","否","9338183cc4d587aa1647e4e0e0baaa7f197b0e507bc1724310ee80b254a66e17","38922","1838"
"","","","","839071","Q2002-SNV-LPPE","active","Q20","3.2 mm","母端","非穿板","带阀","L型","PP","","q20|3.2mm|母端|非穿板|带阀|l型","/images/products/fittings/quick-connect-fittings/products/q2002-snv-lppe-main.jpg","public/images/products/fittings/quick-connect-fittings/products/q2002-snv-lppe-main.jpg","是","否","75db4c8ee24b96693ce49926c12c2d6d521516e9304600e99144d2d3d7a4e2c3","48899","1893"
"","","","","839024","Q2002-SNV-SACN","active","Q20","3.2 mm","母端","非穿板","带阀","直通","POM","","q20|3.2mm|母端|非穿板|带阀|直通","/images/products/fittings/quick-connect-fittings/products/q2002-snv-sacn-main.jpg","public/images/products/fittings/quick-connect-fittings/products/q2002-snv-sacn-main.jpg","是","否","b2f0c583597ecb10784ed1f6755519228231e2d73781c21f445b1a6b03b54a04","39363","2003"
"","","","","839068","Q2002-SNV-SPPE","active","Q20","3.2 mm","母端","非穿板","带阀","直通","PP","","q20|3.2mm|母端|非穿板|带阀|直通","/images/products/fittings/quick-connect-fittings/products/q2002-snv-sppe-main.jpg","public/images/products/fittings/quick-connect-fittings/products/q2002-snv-sppe-main.jpg","是","否","42d41b0d924c16b1f64b9eaa1e933cf28312ae8f721bc6ccf80b2e629b35ba30","46413","2058"
"","","","","839005","Q2002-SNX-LACN","active","Q20","3.2 mm","母端","非穿板","不带阀","L型","POM","","q20|3.2mm|母端|非穿板|不带阀|l型","/images/products/fittings/quick-connect-fittings/products/q2002-snx-lacn-main.jpg","public/images/products/fittings/quick-connect-fittings/products/q2002-snx-lacn-main.jpg","是","否","fbf772dbb4741d09733ed13e4651346ec85994b759a0aa81fb8b0777ecca0c59","37614","2113"
"","","","","839049","Q2002-SNX-LPPE","active","Q20","3.2 mm","母端","非穿板","不带阀","L型","PP","","q20|3.2mm|母端|非穿板|不带阀|l型","/images/products/fittings/quick-connect-fittings/products/q2002-snx-lppe-main.jpg","public/images/products/fittings/quick-connect-fittings/products/q2002-snx-lppe-main.jpg","是","否","3ad8b4e7663cec0ccd9e940b833369c14fb6f4290f11783f9e16d38a92fa58ca","47481","2168"
"","","","","839002","Q2002-SNX-SACN","active","Q20","3.2 mm","母端","非穿板","不带阀","直通","POM","","q20|3.2mm|母端|非穿板|不带阀|直通","/images/products/fittings/quick-connect-fittings/products/q2002-snx-sacn-main.jpg","public/images/products/fittings/quick-connect-fittings/products/q2002-snx-sacn-main.jpg","是","否","9235ca4a1916154ab33b679a67eead31e48aa16b8288987d36a289988996dcdf","37709","2223"
"","","","","839046","Q2002-SNX-SPPE","active","Q20","3.2 mm","母端","非穿板","不带阀","直通","PP","","q20|3.2mm|母端|非穿板|不带阀|直通","/images/products/fittings/quick-connect-fittings/products/q2002-snx-sppe-main.jpg","public/images/products/fittings/quick-connect-fittings/products/q2002-snx-sppe-main.jpg","是","否","793754e20e66e4b522babdb8c077018beeea4c15c9e164747df44e7401372833","44862","2278"
"","","","","839043","Q2003-PMV-SACN","active","Q20","4.8 mm","公端","穿板","带阀","直通","POM","","q20|4.8mm|公端|穿板|带阀|直通","/images/products/fittings/quick-connect-fittings/products/q2003-pmv-sacn-main.jpg","public/images/products/fittings/quick-connect-fittings/products/q2003-pmv-sacn-main.jpg","是","否","9d9dc6bc88df0963c09b40c296199d16d82b4b90252f1367a835ee5d907d7131","30410","2333"
"","","","","839087","Q2003-PMV-SPPE","active","Q20","4.8 mm","公端","穿板","带阀","直通","PP","","q20|4.8mm|公端|穿板|带阀|直通","/images/products/fittings/quick-connect-fittings/products/q2003-pmv-sppe-main.jpg","public/images/products/fittings/quick-connect-fittings/products/q2003-pmv-sppe-main.jpg","是","否","c0b45ef450c92ff53aab59f3366a054a9386094e7e628dc200121446cf90606b","36961","2388"
"","","","","839021","Q2003-PMX-SACN","active","Q20","4.8 mm","公端","穿板","不带阀","直通","POM","","q20|4.8mm|公端|穿板|不带阀|直通","/images/products/fittings/quick-connect-fittings/products/q2003-pmx-sacn-main.jpg","public/images/products/fittings/quick-connect-fittings/products/q2003-pmx-sacn-main.jpg","是","否","5330a487977af2d5e2929a12dfc7150b71347a4bdaa38d8c75ff531421bf1b9c","31078","2443"
"","","","","839065","Q2003-PMX-SPPE","active","Q20","4.8 mm","公端","穿板","不带阀","直通","PP","","q20|4.8mm|公端|穿板|不带阀|直通","/images/products/fittings/quick-connect-fittings/products/q2003-pmx-sppe-main.jpg","public/images/products/fittings/quick-connect-fittings/products/q2003-pmx-sppe-main.jpg","是","否","1d29af5a0e7d56b8e50647dff60e7b8bcb16c5be395fda0b0905c3481472f0f7","38123","2498"
"","","","","839036","Q2003-PNV-SACN","active","Q20","4.8 mm","公端","非穿板","带阀","直通","POM","","q20|4.8mm|公端|非穿板|带阀|直通","/images/products/fittings/quick-connect-fittings/products/q2003-pnv-sacn-main.jpg","public/images/products/fittings/quick-connect-fittings/products/q2003-pnv-sacn-main.jpg","是","否","ca586bccbdcce12d427409cadb45bbb109dab032e3ab41ec68c0eb3451afa9a8","26346","2553"
"","","","","839080","Q2003-PNV-SPPE","active","Q20","4.8 mm","公端","非穿板","带阀","直通","PP","","q20|4.8mm|公端|非穿板|带阀|直通","/images/products/fittings/quick-connect-fittings/products/q2003-pnv-sppe-main.jpg","public/images/products/fittings/quick-connect-fittings/products/q2003-pnv-sppe-main.jpg","是","否","5105d782dd29604e3045392d1834e265c813c1c19b962e6d73ccd4881f5607b1","31361","2608"
"","","","","839014","Q2003-PNX-SACN","active","Q20","4.8 mm","公端","非穿板","不带阀","直通","POM","","q20|4.8mm|公端|非穿板|不带阀|直通","/images/products/fittings/quick-connect-fittings/products/q2003-pnx-sacn-main.jpg","public/images/products/fittings/quick-connect-fittings/products/q2003-pnx-sacn-main.jpg","是","否","737e16b3f6a54ea28f27ebdbf87e3a517bab749233beed59390d8a2dbd4bcbd8","100405","2663"
"","","","","839058","Q2003-PNX-SPPE","active","Q20","4.8 mm","公端","非穿板","不带阀","直通","PP","","q20|4.8mm|公端|非穿板|不带阀|直通","/images/products/fittings/quick-connect-fittings/products/q2003-pnx-sppe-main.jpg","public/images/products/fittings/quick-connect-fittings/products/q2003-pnx-sppe-main.jpg","是","否","356d3715fb162bcd92f0154494f645a99267275839fd336acbd95d2068739a33","34484","2718"
"","","","","839032","Q2003-SMV-SACN","active","Q20","4.8 mm","母端","穿板","带阀","直通","POM","","q20|4.8mm|母端|穿板|带阀|直通","/images/products/fittings/quick-connect-fittings/products/q2003-smv-sacn-main.jpg","public/images/products/fittings/quick-connect-fittings/products/q2003-smv-sacn-main.jpg","是","否","24917a98d77ae68e92674705d682966a1bb7d262d325486322b693733806226c","42057","2773"
"","","","","839076","Q2003-SMV-SPPE","active","Q20","4.8 mm","母端","穿板","带阀","直通","PP","","q20|4.8mm|母端|穿板|带阀|直通","/images/products/fittings/quick-connect-fittings/products/q2003-smv-sppe-main.jpg","public/images/products/fittings/quick-connect-fittings/products/q2003-smv-sppe-main.jpg","是","否","b8d6846413ac69b8a4ef9a8d509379a57368281bf09e9b369f1332f63ba116a9","49757","2828"
"","","","","839010","Q2003-SMX-SACN","active","Q20","4.8 mm","母端","穿板","不带阀","直通","POM","","q20|4.8mm|母端|穿板|不带阀|直通","/images/products/fittings/quick-connect-fittings/products/q2003-smx-sacn-main.jpg","public/images/products/fittings/quick-connect-fittings/products/q2003-smx-sacn-main.jpg","是","否","8c0acb0f40c0d1723f60958c153716350389c832ab5d5201a8dc951a8f9ee109","40491","2883"
"","","","","839054","Q2003-SMX-SPPE","active","Q20","4.8 mm","母端","穿板","不带阀","直通","PP","","q20|4.8mm|母端|穿板|不带阀|直通","/images/products/fittings/quick-connect-fittings/products/q2003-smx-sppe-main.jpg","public/images/products/fittings/quick-connect-fittings/products/q2003-smx-sppe-main.jpg","是","否","2294f158bf7460871b058fbb97d5ae1147f2912fb0da63b8125e44b501d64374","48360","2938"
"","","","","839025","Q2003-SNV-SACN","active","Q20","4.8 mm","母端","非穿板","带阀","直通","POM","","q20|4.8mm|母端|非穿板|带阀|直通","/images/products/fittings/quick-connect-fittings/products/q2003-snv-sacn-main.jpg","public/images/products/fittings/quick-connect-fittings/products/q2003-snv-sacn-main.jpg","是","否","6441cdb722bacd58410a1ee8a34cb4b4622d65f72a2d34bded538bad0075981a","38246","2993"
"","","","","839069","Q2003-SNV-SPPE","active","Q20","4.8 mm","母端","非穿板","带阀","直通","PP","","q20|4.8mm|母端|非穿板|带阀|直通","/images/products/fittings/quick-connect-fittings/products/q2003-snv-sppe-main.jpg","public/images/products/fittings/quick-connect-fittings/products/q2003-snv-sppe-main.jpg","是","否","4b861680cf879adffa39b80af9f57fdec2965366ebdebc69ed644fe3cbbe0dff","45101","3048"
"","","","","839003","Q2003-SNX-SACN","active","Q20","4.8 mm","母端","非穿板","不带阀","直通","POM","","q20|4.8mm|母端|非穿板|不带阀|直通","/images/products/fittings/quick-connect-fittings/products/q2003-snx-sacn-main.jpg","public/images/products/fittings/quick-connect-fittings/products/q2003-snx-sacn-main.jpg","是","否","01676be95836963c9bb3c2e4cfd4b65a93021de7512b322e40a0d20ac9dd3d46","36469","3103"
"","","","","839047","Q2003-SNX-SPPE","active","Q20","4.8 mm","母端","非穿板","不带阀","直通","PP","","q20|4.8mm|母端|非穿板|不带阀|直通","/images/products/fittings/quick-connect-fittings/products/q2003-snx-sppe-main.jpg","public/images/products/fittings/quick-connect-fittings/products/q2003-snx-sppe-main.jpg","是","否","dc06ac03edcef893715139d0db62e03e5f64cb679c5dbbd195df394b0aff2ae8","43061","3158"
"","","","","839044","Q2004-PMV-SACN","active","Q20","6.4 mm","公端","穿板","带阀","直通","POM","","q20|6.4mm|公端|穿板|带阀|直通","/images/products/fittings/quick-connect-fittings/products/q2004-pmv-sacn-main.jpg","public/images/products/fittings/quick-connect-fittings/products/q2004-pmv-sacn-main.jpg","是","否","5a9ff32fc4458c64b1032de9971469d0fe2367516bb89760e9bc13c166a03459","30459","3213"
"","","","","839088","Q2004-PMV-SPPE","active","Q20","6.4 mm","公端","穿板","带阀","直通","PP","","q20|6.4mm|公端|穿板|带阀|直通","/images/products/fittings/quick-connect-fittings/products/q2004-pmv-sppe-main.jpg","public/images/products/fittings/quick-connect-fittings/products/q2004-pmv-sppe-main.jpg","是","否","1ab8f38eb870c1db0c459ec329a091cc5167195a3254cef30a243c291ee216ea","36844","3268"
"","","","","839022","Q2004-PMX-SACN","active","Q20","6.4 mm","公端","穿板","不带阀","直通","POM","","q20|6.4mm|公端|穿板|不带阀|直通","/images/products/fittings/quick-connect-fittings/products/q2004-pmx-sacn-main.jpg","public/images/products/fittings/quick-connect-fittings/products/q2004-pmx-sacn-main.jpg","是","否","e51261b803332ad725c0e8c19735f847c6a500b78002c082d13b3abdff9acb47","30333","3323"
"","","","","839066","Q2004-PMX-SPPE","active","Q20","6.4 mm","公端","穿板","不带阀","直通","PP","","q20|6.4mm|公端|穿板|不带阀|直通","/images/products/fittings/quick-connect-fittings/products/q2004-pmx-sppe-main.jpg","public/images/products/fittings/quick-connect-fittings/products/q2004-pmx-sppe-main.jpg","是","否","3918978601f663a81523a1e213417b33a48b9a1c5b7a81b51d4c5458ba12f73e","37182","3378"
"","","","","839039","Q2004-PNV-LACN","active","Q20","6.4 mm","公端","非穿板","带阀","L型","POM","","q20|6.4mm|公端|非穿板|带阀|l型","/images/products/fittings/quick-connect-fittings/products/q2004-pnv-lacn-main.jpg","public/images/products/fittings/quick-connect-fittings/products/q2004-pnv-lacn-main.jpg","是","否","a7fa3199170cc5e8f45bd8a1a452cda5b737c81705c29174675de3a7f57b67f2","32767","3433"
"","","","","839083","Q2004-PNV-LPPE","active","Q20","6.4 mm","公端","非穿板","带阀","L型","PP","","q20|6.4mm|公端|非穿板|带阀|l型","/images/products/fittings/quick-connect-fittings/products/q2004-pnv-lppe-main.jpg","public/images/products/fittings/quick-connect-fittings/products/q2004-pnv-lppe-main.jpg","是","否","8b5be0a2f2ad1121b41467dc3eb6a1c6269cd1d0a6965530fee290bedb7b2b8a","42520","3488"
"","","","","839037","Q2004-PNV-SACN","active","Q20","6.4 mm","公端","非穿板","带阀","直通","POM","","q20|6.4mm|公端|非穿板|带阀|直通","/images/products/fittings/quick-connect-fittings/products/q2004-pnv-sacn-main.jpg","public/images/products/fittings/quick-connect-fittings/products/q2004-pnv-sacn-main.jpg","是","否","eefa6fb501c2890449e39822b68264d5d6de77387342b066f11fa6944050908e","27803","3543"
"","","","","839081","Q2004-PNV-SPPE","active","Q20","6.4 mm","公端","非穿板","带阀","直通","PP","","q20|6.4mm|公端|非穿板|带阀|直通","/images/products/fittings/quick-connect-fittings/products/q2004-pnv-sppe-main.jpg","public/images/products/fittings/quick-connect-fittings/products/q2004-pnv-sppe-main.jpg","是","否","78ef673ff848129333c0f61c0571510eb8a5d06bd84ae376fa9f785ea9d52b57","33863","3598"
"","","","","839017","Q2004-PNX-LACN","active","Q20","6.4 mm","公端","非穿板","不带阀","L型","POM","","q20|6.4mm|公端|非穿板|不带阀|l型","/images/products/fittings/quick-connect-fittings/products/q2004-pnx-lacn-main.jpg","public/images/products/fittings/quick-connect-fittings/products/q2004-pnx-lacn-main.jpg","是","否","613c754140e49c6220c61905bd8a341d0e49535c3959ce4434987f35b07370f9","28469","3653"
"","","","","839061","Q2004-PNX-LPPE","active","Q20","6.4 mm","公端","非穿板","不带阀","L型","PP","","q20|6.4mm|公端|非穿板|不带阀|l型","/images/products/fittings/quick-connect-fittings/products/q2004-pnx-lppe-main.jpg","public/images/products/fittings/quick-connect-fittings/products/q2004-pnx-lppe-main.jpg","是","否","e0e40befc7d4db4d8a48e99502ac51ecfb04842a60915dfdd11954d09df3564a","36364","3708"
"","","","","839015","Q2004-PNX-SACN","active","Q20","6.4 mm","公端","非穿板","不带阀","直通","POM","","q20|6.4mm|公端|非穿板|不带阀|直通","/images/products/fittings/quick-connect-fittings/products/q2004-pnx-sacn-main.jpg","public/images/products/fittings/quick-connect-fittings/products/q2004-pnx-sacn-main.jpg","是","否","9fdd2b303fe6f7e830e601c46bfa997a807f320604301047d42295e3b2b1d508","27163","3763"
"","","","","839059","Q2004-PNX-SPPE","active","Q20","6.4 mm","公端","非穿板","不带阀","直通","PP","","q20|6.4mm|公端|非穿板|不带阀|直通","/images/products/fittings/quick-connect-fittings/products/q2004-pnx-sppe-main.jpg","public/images/products/fittings/quick-connect-fittings/products/q2004-pnx-sppe-main.jpg","是","否","ef2fa77ccac3b673881bde384ba95285cd1bde7e0f0c490f7e474ac1499a2717","33569","3818"
"","","","","839033","Q2004-SMV-SACN","active","Q20","6.4 mm","母端","穿板","带阀","直通","POM","","q20|6.4mm|母端|穿板|带阀|直通","/images/products/fittings/quick-connect-fittings/products/q2004-smv-sacn-main.jpg","public/images/products/fittings/quick-connect-fittings/products/q2004-smv-sacn-main.jpg","是","否","b6e865b08fcdfa56ebbb273d887af394b55f541185cf2fe26030f083ee17ebc0","42944","3873"
"","","","","839077","Q2004-SMV-SPPE","active","Q20","6.4 mm","母端","穿板","带阀","直通","PP","","q20|6.4mm|母端|穿板|带阀|直通","/images/products/fittings/quick-connect-fittings/products/q2004-smv-sppe-main.jpg","public/images/products/fittings/quick-connect-fittings/products/q2004-smv-sppe-main.jpg","是","否","d9bcca557e75a8c87a785d2f8d891508f8f1a91da474c1179b4ceb1c3df119da","50779","3928"
"","","","","839011","Q2004-SMX-SACN","active","Q20","6.4 mm","母端","穿板","不带阀","直通","POM","","q20|6.4mm|母端|穿板|不带阀|直通","/images/products/fittings/quick-connect-fittings/products/q2004-smx-sacn-main.jpg","public/images/products/fittings/quick-connect-fittings/products/q2004-smx-sacn-main.jpg","是","否","d3d3abb4446fcbc87ee511d26aceb39468ea778ff8ab1a3ecfd178f58007e0b8","41232","3983"
"","","","","839055","Q2004-SMX-SPPE","active","Q20","6.4 mm","母端","穿板","不带阀","直通","PP","","q20|6.4mm|母端|穿板|不带阀|直通","/images/products/fittings/quick-connect-fittings/products/q2004-smx-sppe-main.jpg","public/images/products/fittings/quick-connect-fittings/products/q2004-smx-sppe-main.jpg","是","否","603ba896980996960ae064a8459eb18010ba0ee44aac85aba323727cc37bdfad","49338","4038"
"","","","","839028","Q2004-SNV-LACN","active","Q20","6.4 mm","母端","非穿板","带阀","L型","POM","","q20|6.4mm|母端|非穿板|带阀|l型","/images/products/fittings/quick-connect-fittings/products/q2004-snv-lacn-main.jpg","public/images/products/fittings/quick-connect-fittings/products/q2004-snv-lacn-main.jpg","是","否","1b1b2f429e719cf00bc994769bceff0de8308063d8da6ceac6b93c56d3a78e39","36602","4093"
"","","","","839072","Q2004-SNV-LPPE","active","Q20","6.4 mm","母端","非穿板","带阀","L型","PP","","q20|6.4mm|母端|非穿板|带阀|l型","/images/products/fittings/quick-connect-fittings/products/q2004-snv-lppe-main.jpg","public/images/products/fittings/quick-connect-fittings/products/q2004-snv-lppe-main.jpg","是","否","420a1d1410aa1e9fe79600c3c245cad66c80d6c61914ed052c9a5409d4dfc6b5","45955","4148"
"","","","","839026","Q2004-SNV-SACN","active","Q20","6.4 mm","母端","非穿板","带阀","直通","POM","","q20|6.4mm|母端|非穿板|带阀|直通","/images/products/fittings/quick-connect-fittings/products/q2004-snv-sacn-main.jpg","public/images/products/fittings/quick-connect-fittings/products/q2004-snv-sacn-main.jpg","是","否","70af01bfb5634cccf6b316bce377165dc9416ffe5d87f19bd07185d61d9f5b60","38729","4203"
"","","","","839070","Q2004-SNV-SPPE","active","Q20","6.4 mm","母端","非穿板","带阀","直通","PP","","q20|6.4mm|母端|非穿板|带阀|直通","/images/products/fittings/quick-connect-fittings/products/q2004-snv-sppe-main.jpg","public/images/products/fittings/quick-connect-fittings/products/q2004-snv-sppe-main.jpg","是","否","d1c08994e22b1d584fc33c5714a80ca0f245cebba4b93609dcd0711c2b517dbb","45782","4258"
"","","","","839006","Q2004-SNX-LACN","active","Q20","6.4 mm","母端","非穿板","不带阀","L型","POM","","q20|6.4mm|母端|非穿板|不带阀|l型","/images/products/fittings/quick-connect-fittings/products/q2004-snx-lacn-main.jpg","public/images/products/fittings/quick-connect-fittings/products/q2004-snx-lacn-main.jpg","是","否","b06f5c88105613a747deab0ea5f526fafb0393e27a28645ea8278eaef2072246","35618","4313"
"","","","","839050","Q2004-SNX-LPPE","active","Q20","6.4 mm","母端","非穿板","不带阀","L型","PP","","q20|6.4mm|母端|非穿板|不带阀|l型","/images/products/fittings/quick-connect-fittings/products/q2004-snx-lppe-main.jpg","public/images/products/fittings/quick-connect-fittings/products/q2004-snx-lppe-main.jpg","是","否","d53cb3d6b41d43fce00c22134a08ac1dff0154a4b3e3f1b5694eab17cae6b68d","45052","4368"
"","","","","839004","Q2004-SNX-SACN","active","Q20","6.4 mm","母端","非穿板","不带阀","直通","POM","","q20|6.4mm|母端|非穿板|不带阀|直通","/images/products/fittings/quick-connect-fittings/products/q2004-snx-sacn-main.jpg","public/images/products/fittings/quick-connect-fittings/products/q2004-snx-sacn-main.jpg","是","否","0b35af90aa96076d136df2fbf052b6677fea86b142906524e781dba5986d085b","37266","4423"
"","","","","839048","Q2004-SNX-SPPE","active","Q20","6.4 mm","母端","非穿板","不带阀","直通","PP","","q20|6.4mm|母端|非穿板|不带阀|直通","/images/products/fittings/quick-connect-fittings/products/q2004-snx-sppe-main.jpg","public/images/products/fittings/quick-connect-fittings/products/q2004-snx-sppe-main.jpg","是","否","5c83dfb88f9da5a443ae5147d2abbb18bb3f605642f70052423e78d64f10b18d","44599","4478"
"","","","","839040","Q2018N-PNV-SACN","active","Q20","1/8""-27 NPT","公端","非穿板","带阀","直通","POM","","q20|1/8""-27npt|公端|非穿板|带阀|直通","/images/products/fittings/quick-connect-fittings/products/q2018n-pnv-sacn-main.jpg","public/images/products/fittings/quick-connect-fittings/products/q2018n-pnv-sacn-main.jpg","是","否","45dae4bea850dc649cbd1c0bef3d8084865c6a1fb29b0d54b83428529a20b710","28821","4533"
"","","","","839084","Q2018N-PNV-SPPE","active","Q20","1/8""-27 NPT","公端","非穿板","带阀","直通","PP","","q20|1/8""-27npt|公端|非穿板|带阀|直通","/images/products/fittings/quick-connect-fittings/products/q2018n-pnv-sppe-main.jpg","public/images/products/fittings/quick-connect-fittings/products/q2018n-pnv-sppe-main.jpg","是","否","7dc78a0eb5f2838fb847d4243c1766b371ae625689dfdb6ec131f69c467033b0","37287","4588"
"","","","","839018","Q2018N-PNX-SACN","active","Q20","1/8""-27 NPT","公端","非穿板","不带阀","直通","POM","","q20|1/8""-27npt|公端|非穿板|不带阀|直通","/images/products/fittings/quick-connect-fittings/products/q2018n-pnx-sacn-main.jpg","public/images/products/fittings/quick-connect-fittings/products/q2018n-pnx-sacn-main.jpg","是","否","f0be3ea5d5e3b4232fe3682f7ec54c04a818da76ee913d684adc41e256300ae0","34847","4643"
"","","","","839062","Q2018N-PNX-SPPE","active","Q20","1/8""-27 NPT","公端","非穿板","不带阀","直通","PP","","q20|1/8""-27npt|公端|非穿板|不带阀|直通","/images/products/fittings/quick-connect-fittings/products/q2018n-pnx-sppe-main.jpg","public/images/products/fittings/quick-connect-fittings/products/q2018n-pnx-sppe-main.jpg","是","否","a3af08c3e4058a9425c53d895ca5a352c6275378982264149b2dad7b1898ff1e","43955","4698"
"","","","","839029","Q2018N-SNV-SACN","active","Q20","1/8""-27 NPT","母端","非穿板","带阀","直通","POM","","q20|1/8""-27npt|母端|非穿板|带阀|直通","/images/products/fittings/quick-connect-fittings/products/q2018n-snv-sacn-main.jpg","public/images/products/fittings/quick-connect-fittings/products/q2018n-snv-sacn-main.jpg","是","否","cbf16eba065541270a2ede9bacebbe2d489d70489ef31d24b11953a7309e2cdb","44847","4753"
"","","","","839073","Q2018N-SNV-SPPE","active","Q20","1/8""-27 NPT","母端","非穿板","带阀","直通","PP","","q20|1/8""-27npt|母端|非穿板|带阀|直通","/images/products/fittings/quick-connect-fittings/products/q2018n-snv-sppe-main.jpg","public/images/products/fittings/quick-connect-fittings/products/q2018n-snv-sppe-main.jpg","是","否","7e2e8ded701a960d6d00f5b321581225bd82c7a42216513e2ef7778402d05f78","55011","4808"
"","","","","839007","Q2018N-SNX-SACN","active","Q20","1/8""-27 NPT","母端","非穿板","不带阀","直通","POM","","q20|1/8""-27npt|母端|非穿板|不带阀|直通","/images/products/fittings/quick-connect-fittings/products/q2018n-snx-sacn-main.jpg","public/images/products/fittings/quick-connect-fittings/products/q2018n-snx-sacn-main.jpg","是","否","14169ea8d6a855304fac3c21dc658f98a4b4b61aa1480e0103c3f336ead2c175","42930","4863"
"","","","","839051","Q2018N-SNX-SPPE","active","Q20","1/8""-27 NPT","母端","非穿板","不带阀","直通","PP","","q20|1/8""-27npt|母端|非穿板|不带阀|直通","/images/products/fittings/quick-connect-fittings/products/q2018n-snx-sppe-main.jpg","public/images/products/fittings/quick-connect-fittings/products/q2018n-snx-sppe-main.jpg","是","否","b5d488e723834744e0d8e3c9ee6f7e5f5aaaf242acf8aaf673018d022026819c","53480","4918"
"","","","","849032","Q4004-PMV-SACN","active","Q40","6.4 mm","公端","穿板","带阀","直通","POM","","q40|6.4mm|公端|穿板|带阀|直通","/images/products/fittings/quick-connect-fittings/products/q4004-pmv-sacn-main.jpg","public/images/products/fittings/quick-connect-fittings/products/q4004-pmv-sacn-main.jpg","是","否","482f4a08fe7b5a9a8b9ae924f9990c581a8a506781eda918784f6f7be0019e81","38373","5413"
"","","","","849066","Q4004-PMV-SPPE","active","Q40","6.4 mm","公端","穿板","带阀","直通","PP","","q40|6.4mm|公端|穿板|带阀|直通","/images/products/fittings/quick-connect-fittings/products/q4004-pmv-sppe-main.jpg","public/images/products/fittings/quick-connect-fittings/products/q4004-pmv-sppe-main.jpg","是","否","6781150cd8bbf1c432e5c07d046ce1a70ffdd3a30ed77fe8450f8f2c7ebf3716","45576","5468"
"","","","","849015","Q4004-PMX-SACN","active","Q40","6.4 mm","公端","穿板","不带阀","直通","POM","","q40|6.4mm|公端|穿板|不带阀|直通","/images/products/fittings/quick-connect-fittings/products/q4004-pmx-sacn-main.jpg","public/images/products/fittings/quick-connect-fittings/products/q4004-pmx-sacn-main.jpg","是","否","c857a7400dd614ebe13c8b1db016bb69703e9423075c49479c3a588dd13f9a59","38180","5523"
"","","","","849049","Q4004-PMX-SPPE","active","Q40","6.4 mm","公端","穿板","不带阀","直通","PP","","q40|6.4mm|公端|穿板|不带阀|直通","/images/products/fittings/quick-connect-fittings/products/q4004-pmx-sppe-main.jpg","public/images/products/fittings/quick-connect-fittings/products/q4004-pmx-sppe-main.jpg","是","否","d931db9f7dfa54f71568385efde985da083a19875838604724ff51c0b49fa7d7","45156","5578"
"","","","","849030","Q4004-PNV-LACN","active","Q40","6.4 mm","公端","非穿板","带阀","L型","POM","","q40|6.4mm|公端|非穿板|带阀|l型","/images/products/fittings/quick-connect-fittings/products/q4004-pnv-lacn-main.jpg","public/images/products/fittings/quick-connect-fittings/products/q4004-pnv-lacn-main.jpg","是","否","516617c6b5a824b0ea2455f42d2a1728eaa255b77b7b5f6da38d1f8dffde1581","35450","5633"
"","","","","849064","Q4004-PNV-LPPE","active","Q40","6.4 mm","公端","非穿板","带阀","L型","PP","","q40|6.4mm|公端|非穿板|带阀|l型","/images/products/fittings/quick-connect-fittings/products/q4004-pnv-lppe-main.jpg","public/images/products/fittings/quick-connect-fittings/products/q4004-pnv-lppe-main.jpg","是","否","5b07750abff7e22c5574210b05e2650bd59345ddb40b8f081c48d4a05c639220","44533","5688"
"","","","","849027","Q4004-PNV-SACN","active","Q40","6.4 mm","公端","非穿板","带阀","直通","POM","","q40|6.4mm|公端|非穿板|带阀|直通","/images/products/fittings/quick-connect-fittings/products/q4004-pnv-sacn-main.jpg","public/images/products/fittings/quick-connect-fittings/products/q4004-pnv-sacn-main.jpg","是","否","ef30472295b5fcef0b32dcfb2f7f0a234b395f267c0a700d292d55262b43f3b1","30206","5743"
"","","","","849061","Q4004-PNV-SPPE","active","Q40","6.4 mm","公端","非穿板","带阀","直通","PP","","q40|6.4mm|公端|非穿板|带阀|直通","/images/products/fittings/quick-connect-fittings/products/q4004-pnv-sppe-main.jpg","public/images/products/fittings/quick-connect-fittings/products/q4004-pnv-sppe-main.jpg","是","否","7f0417afe8bc941802babd6ea31d57acde59fc9a486765e93df2b577276a200b","36404","5798"
"","","","","849010","Q4004-PNX-SACN","active","Q40","6.4 mm","公端","非穿板","不带阀","直通","POM","","q40|6.4mm|公端|非穿板|不带阀|直通","/images/products/fittings/quick-connect-fittings/products/q4004-pnx-sacn-main.jpg","public/images/products/fittings/quick-connect-fittings/products/q4004-pnx-sacn-main.jpg","是","否","f64e7d4485840b7d6332f0be3cdadda249fb5381a0292bcf476e97de9b9f0bf0","29320","5853"
"","","","","849044","Q4004-PNX-SPPE","active","Q40","6.4 mm","公端","非穿板","不带阀","直通","PP","","q40|6.4mm|公端|非穿板|不带阀|直通","/images/products/fittings/quick-connect-fittings/products/q4004-pnx-sppe-main.jpg","public/images/products/fittings/quick-connect-fittings/products/q4004-pnx-sppe-main.jpg","是","否","00f4595b637240f4079087aa55231643ba29ef01e8fac20c0c4f32a2e7c56059","36123","5908"
"","","","","849024","Q4004-SMV-SACN","active","Q40","6.4 mm","母端","穿板","带阀","直通","POM","","q40|6.4mm|母端|穿板|带阀|直通","/images/products/fittings/quick-connect-fittings/products/q4004-smv-sacn-main.jpg","public/images/products/fittings/quick-connect-fittings/products/q4004-smv-sacn-main.jpg","是","否","9e5fbf69fbeb926223d3cf971fecceb5b412fb1b2cf64f1c03758659892ebbbb","46797","5963"
"","","","","849058","Q4004-SMV-SPPE","active","Q40","6.4 mm","母端","穿板","带阀","直通","PP","","q40|6.4mm|母端|穿板|带阀|直通","/images/products/fittings/quick-connect-fittings/products/q4004-smv-sppe-main.jpg","public/images/products/fittings/quick-connect-fittings/products/q4004-smv-sppe-main.jpg","是","否","3b2229cde7f7900c70658761829dd476841e017f23c8973a6255d3a7da29f169","56174","6018"
"","","","","849007","Q4004-SMX-SACN","active","Q40","6.4 mm","母端","穿板","不带阀","直通","POM","","q40|6.4mm|母端|穿板|不带阀|直通","/images/products/fittings/quick-connect-fittings/products/q4004-smx-sacn-main.jpg","public/images/products/fittings/quick-connect-fittings/products/q4004-smx-sacn-main.jpg","是","否","6340f7fbdefe00d3ae293c67ad6f3276b7318caa82124b22862fe25c65a0f74a","45149","6073"
"","","","","849041","Q4004-SMX-SPPE","active","Q40","6.4 mm","母端","穿板","不带阀","直通","PP","","q40|6.4mm|母端|穿板|不带阀|直通","/images/products/fittings/quick-connect-fittings/products/q4004-smx-sppe-main.jpg","public/images/products/fittings/quick-connect-fittings/products/q4004-smx-sppe-main.jpg","是","否","ac850fab820ebbc1429c6b14f10bc7630c39289bba2a43d00b91625659586f01","54708","6128"
"","","","","849001","Q4004-SNX-SACN","active","Q40","6.4 mm","母端","非穿板","不带阀","直通","POM","","q40|6.4mm|母端|非穿板|不带阀|直通","/images/products/fittings/quick-connect-fittings/products/q4004-snx-sacn-main.jpg","public/images/products/fittings/quick-connect-fittings/products/q4004-snx-sacn-main.jpg","是","否","2f07cfe0a4fe866923739fa1673c9296f8a7a1e23d01b09201d87e2137a55729","39783","6293"
"","","","","849035","Q4004-SNX-SPPE","active","Q40","6.4 mm","母端","非穿板","不带阀","直通","PP","","q40|6.4mm|母端|非穿板|不带阀|直通","/images/products/fittings/quick-connect-fittings/products/q4004-snx-sppe-main.jpg","public/images/products/fittings/quick-connect-fittings/products/q4004-snx-sppe-main.jpg","是","否","99abf81495b016d1507737eb7e688ca664fd195a41262205992d751c35e64d3d","47765","6348"
"","","","","849033","Q4005-PMV-SACN","active","Q40","7.9 mm","公端","穿板","带阀","直通","POM","","q40|7.9mm|公端|穿板|带阀|直通","/images/products/fittings/quick-connect-fittings/products/q4005-pmv-sacn-main.jpg","public/images/products/fittings/quick-connect-fittings/products/q4005-pmv-sacn-main.jpg","是","否","c7b5a6e33290d99068a6ca05517b51aea4fcfeecbf47c3315f57209cefe97fa3","38216","6403"
"","","","","849067","Q4005-PMV-SPPE","active","Q40","7.9 mm","公端","穿板","带阀","直通","PP","","q40|7.9mm|公端|穿板|带阀|直通","/images/products/fittings/quick-connect-fittings/products/q4005-pmv-sppe-main.jpg","public/images/products/fittings/quick-connect-fittings/products/q4005-pmv-sppe-main.jpg","是","否","9e1254dfc8d35c7da97395f492729aecd0480bfd177b4108d223e1f531936993","45593","6458"
"","","","","849016","Q4005-PMX-SACN","active","Q40","7.9 mm","公端","穿板","不带阀","直通","POM","","q40|7.9mm|公端|穿板|不带阀|直通","/images/products/fittings/quick-connect-fittings/products/q4005-pmx-sacn-main.jpg","public/images/products/fittings/quick-connect-fittings/products/q4005-pmx-sacn-main.jpg","是","否","641c703a078844d4b2a200b605402da88284ca31216f077d39bcb83cc24dc670","37764","6513"
"","","","","849050","Q4005-PMX-SPPE","active","Q40","7.9 mm","公端","穿板","不带阀","直通","PP","","q40|7.9mm|公端|穿板|不带阀|直通","/images/products/fittings/quick-connect-fittings/products/q4005-pmx-sppe-main.jpg","public/images/products/fittings/quick-connect-fittings/products/q4005-pmx-sppe-main.jpg","是","否","a10828891ffbd10c39ad08ef53ec58185f77a3a92a0963a0ba2f57bd10a85b7e","44859","6568"
"","","","","849028","Q4005-PNV-SACN","active","Q40","7.9 mm","公端","非穿板","带阀","直通","POM","","q40|7.9mm|公端|非穿板|带阀|直通","/images/products/fittings/quick-connect-fittings/products/q4005-pnv-sacn-main.jpg","public/images/products/fittings/quick-connect-fittings/products/q4005-pnv-sacn-main.jpg","是","否","121383c961a3c7af191ed26f03e1bae6882f35b9c983bd91f7515f6a27b15034","29780","6623"
"","","","","849062","Q4005-PNV-SPPE","active","Q40","7.9 mm","公端","非穿板","带阀","直通","PP","","q40|7.9mm|公端|非穿板|带阀|直通","/images/products/fittings/quick-connect-fittings/products/q4005-pnv-sppe-main.jpg","public/images/products/fittings/quick-connect-fittings/products/q4005-pnv-sppe-main.jpg","是","否","0fa6b76ef395413ff35d85810f4a84c46d49237e48ecc99692715679ab7a9db8","35965","6678"
"","","","","849011","Q4005-PNX-SACN","active","Q40","7.9 mm","公端","非穿板","不带阀","直通","POM","","q40|7.9mm|公端|非穿板|不带阀|直通","/images/products/fittings/quick-connect-fittings/products/q4005-pnx-sacn-main.jpg","public/images/products/fittings/quick-connect-fittings/products/q4005-pnx-sacn-main.jpg","是","否","964f52c188b2b6eef6a9742d8f0778dc59ac852b05d2fabad440299822d06c6b","29783","6733"
"","","","","849045","Q4005-PNX-SPPE","active","Q40","7.9 mm","公端","非穿板","不带阀","直通","PP","","q40|7.9mm|公端|非穿板|不带阀|直通","/images/products/fittings/quick-connect-fittings/products/q4005-pnx-sppe-main.jpg","public/images/products/fittings/quick-connect-fittings/products/q4005-pnx-sppe-main.jpg","是","否","7c68334370a0f6c8586d1eab006eec15d7768569ef60124dfd418ac98be9893a","36375","6788"
"","","","","849025","Q4005-SMV-SACN","active","Q40","7.9 mm","母端","穿板","带阀","直通","POM","","q40|7.9mm|母端|穿板|带阀|直通","/images/products/fittings/quick-connect-fittings/products/q4005-smv-sacn-main.jpg","public/images/products/fittings/quick-connect-fittings/products/q4005-smv-sacn-main.jpg","是","否","1f012908e1738e4d3fa2a147ad709c26c3fe0a4e30e743ac1e0af4200f27b8f3","46767","6843"
"","","","","849059","Q4005-SMV-SPPE","active","Q40","7.9 mm","母端","穿板","带阀","直通","PP","","q40|7.9mm|母端|穿板|带阀|直通","/images/products/fittings/quick-connect-fittings/products/q4005-smv-sppe-main.jpg","public/images/products/fittings/quick-connect-fittings/products/q4005-smv-sppe-main.jpg","是","否","646c747e1d6162b974902ad953f8b1eb50f1a9e0b403e47573db9c8b3c44be86","55982","6898"
"","","","","849008","Q4005-SMX-SACN","active","Q40","7.9 mm","母端","穿板","不带阀","直通","POM","","q40|7.9mm|母端|穿板|不带阀|直通","/images/products/fittings/quick-connect-fittings/products/q4005-smx-sacn-main.jpg","public/images/products/fittings/quick-connect-fittings/products/q4005-smx-sacn-main.jpg","是","否","03cd80b560aa9e5dca91b202cc95e618ced388ba865629da8d4eee03655d3c37","45037","6953"
"","","","","849042","Q4005-SMX-SPPE","active","Q40","7.9 mm","母端","穿板","不带阀","直通","PP","","q40|7.9mm|母端|穿板|不带阀|直通","/images/products/fittings/quick-connect-fittings/products/q4005-smx-sppe-main.jpg","public/images/products/fittings/quick-connect-fittings/products/q4005-smx-sppe-main.jpg","是","否","0db17131e80dc30d7c7dc212965f95f7e36059f6a4208ffc9ff786bd5fd0ef46","54381","7008"
"","","","","849019","Q4005-SNV-SACN","active","Q40","7.9 mm","母端","非穿板","带阀","直通","POM","","q40|7.9mm|母端|非穿板|带阀|直通","/images/products/fittings/quick-connect-fittings/products/q4005-snv-sacn-main.jpg","public/images/products/fittings/quick-connect-fittings/products/q4005-snv-sacn-main.jpg","是","否","2bcb6343daf139eed4ded44d7446be4ee3a7576a5299d6bbc2174cfd6ddc5174","40906","7063"
"","","","","849053","Q4005-SNV-SPPE","active","Q40","7.9 mm","母端","非穿板","带阀","直通","PP","","q40|7.9mm|母端|非穿板|带阀|直通","/images/products/fittings/quick-connect-fittings/products/q4005-snv-sppe-main.jpg","public/images/products/fittings/quick-connect-fittings/products/q4005-snv-sppe-main.jpg","是","否","1da88aa558f15a5e74657a50ec895a1d2c1ab4e7964e0fe1157b5192a90d01b1","48822","7118"
"","","","","849002","Q4005-SNX-SACN","active","Q40","7.9 mm","母端","非穿板","不带阀","直通","POM","","q40|7.9mm|母端|非穿板|不带阀|直通","/images/products/fittings/quick-connect-fittings/products/q4005-snx-sacn-main.jpg","public/images/products/fittings/quick-connect-fittings/products/q4005-snx-sacn-main.jpg","是","否","2cccb29370ffc5e08c14b4a450f417f563db754b433d22757c7ead6d1edd4b6f","39836","7173"
"","","","","849036","Q4005-SNX-SPPE","active","Q40","7.9 mm","母端","非穿板","不带阀","直通","PP","","q40|7.9mm|母端|非穿板|不带阀|直通","/images/products/fittings/quick-connect-fittings/products/q4005-snx-sppe-main.jpg","public/images/products/fittings/quick-connect-fittings/products/q4005-snx-sppe-main.jpg","是","否","e685b5bf72caa9fd86b3c56e327c14002e341c630967ac7807b9e9c4dadb976b","47877","7228"
"","","","","849034","Q4006-PMV-SACN","active","Q40","9.5 mm","公端","穿板","带阀","直通","POM","","q40|9.5mm|公端|穿板|带阀|直通","/images/products/fittings/quick-connect-fittings/products/q4006-pmv-sacn-main.jpg","public/images/products/fittings/quick-connect-fittings/products/q4006-pmv-sacn-main.jpg","是","否","271957584543803c291c18685585d927edb2465ca36300e642b208e0786b2577","38066","7283"
"","","","","849068","Q4006-PMV-SPPE","active","Q40","9.5 mm","公端","穿板","带阀","直通","PP","","q40|9.5mm|公端|穿板|带阀|直通","/images/products/fittings/quick-connect-fittings/products/q4006-pmv-sppe-main.jpg","public/images/products/fittings/quick-connect-fittings/products/q4006-pmv-sppe-main.jpg","是","否","163d692ff9d5e5888b0a10bd4fe6c352dee9301f61fe842194d48c7ad9e6da48","45485","7338"
"","","","","849017","Q4006-PMX-SACN","active","Q40","9.5 mm","公端","穿板","不带阀","直通","POM","","q40|9.5mm|公端|穿板|不带阀|直通","/images/products/fittings/quick-connect-fittings/products/q4006-pmx-sacn-main.jpg","public/images/products/fittings/quick-connect-fittings/products/q4006-pmx-sacn-main.jpg","是","否","5bb3a40b986921fcb7ce95d3f2b055858ad1c656d73f3acb4ca852da260b7465","38703","7393"
"","","","","849051","Q4006-PMX-SPPE","active","Q40","9.5 mm","公端","穿板","不带阀","直通","PP","","q40|9.5mm|公端|穿板|不带阀|直通","/images/products/fittings/quick-connect-fittings/products/q4006-pmx-sppe-main.jpg","public/images/products/fittings/quick-connect-fittings/products/q4006-pmx-sppe-main.jpg","是","否","3f90db8e5379fb48a6709be0efee505c04ccf27183d0853b72883cfcd30b59dd","46439","7448"
"","","","","849029","Q4006-PNV-SACN","active","Q40","9.5 mm","公端","非穿板","带阀","直通","POM","","q40|9.5mm|公端|非穿板|带阀|直通","/images/products/fittings/quick-connect-fittings/products/q4006-pnv-sacn-main.jpg","public/images/products/fittings/quick-connect-fittings/products/q4006-pnv-sacn-main.jpg","是","否","99f2a7e7fa45d65b975e4349fde0aa61d8f35335d0b2689e9d56b252b6564de2","30275","7503"
"","","","","849063","Q4006-PNV-SPPE","active","Q40","9.5 mm","公端","非穿板","带阀","直通","PP","","q40|9.5mm|公端|非穿板|带阀|直通","/images/products/fittings/quick-connect-fittings/products/q4006-pnv-sppe-main.jpg","public/images/products/fittings/quick-connect-fittings/products/q4006-pnv-sppe-main.jpg","是","否","94dc0ff89efc05f763eb0f338864804e4c8292ff19a4cb602e48470569c3ac77","36705","7558"
"","","","","849013","Q4006-PNX-LACN","active","Q40","9.5 mm","公端","非穿板","不带阀","L型","POM","","q40|9.5mm|公端|非穿板|不带阀|l型","/images/products/fittings/quick-connect-fittings/products/q4006-pnx-lacn-main.jpg","public/images/products/fittings/quick-connect-fittings/products/q4006-pnx-lacn-main.jpg","是","否","76d40f5e565ba64fbe6b4f4f34557e77b0f9f5037b4341466a93a3d9b0f0aaad","32464","7613"
"","","","","849047","Q4006-PNX-LPPE","active","Q40","9.5 mm","公端","非穿板","不带阀","L型","PP","","q40|9.5mm|公端|非穿板|不带阀|l型","/images/products/fittings/quick-connect-fittings/products/q4006-pnx-lppe-main.jpg","public/images/products/fittings/quick-connect-fittings/products/q4006-pnx-lppe-main.jpg","是","否","b3932c8dae75344e3eb63fb2458074f0e4c36557c717691108ca06d2be541f4a","41235","7668"
"","","","","849012","Q4006-PNX-SACN","active","Q40","9.5 mm","公端","非穿板","不带阀","直通","POM","","q40|9.5mm|公端|非穿板|不带阀|直通","/images/products/fittings/quick-connect-fittings/products/q4006-pnx-sacn-main.jpg","public/images/products/fittings/quick-connect-fittings/products/q4006-pnx-sacn-main.jpg","是","否","1002f72b5122aa67fa91086d13afe0d305707eef967acaca9959b3986befc767","29215","7723"
"","","","","849046","Q4006-PNX-SPPE","active","Q40","9.5 mm","公端","非穿板","不带阀","直通","PP","","q40|9.5mm|公端|非穿板|不带阀|直通","/images/products/fittings/quick-connect-fittings/products/q4006-pnx-sppe-main.jpg","public/images/products/fittings/quick-connect-fittings/products/q4006-pnx-sppe-main.jpg","是","否","ead24070723fdb52af6a5625b9e2cff12c3cab4a155999570535cecc507ce462","34700","7778"
"","","","","849026","Q4006-SMV-SACN","active","Q40","9.5 mm","母端","穿板","带阀","直通","POM","","q40|9.5mm|母端|穿板|带阀|直通","/images/products/fittings/quick-connect-fittings/products/q4006-smv-sacn-main.jpg","public/images/products/fittings/quick-connect-fittings/products/q4006-smv-sacn-main.jpg","是","否","b7ab056cb7cef5dd177d809607c8f50002fc27890c010f18b623f95efe575d0d","47938","7833"
"","","","","849060","Q4006-SMV-SPPE","active","Q40","9.5 mm","母端","穿板","带阀","直通","PP","","q40|9.5mm|母端|穿板|带阀|直通","/images/products/fittings/quick-connect-fittings/products/q4006-smv-sppe-main.jpg","public/images/products/fittings/quick-connect-fittings/products/q4006-smv-sppe-main.jpg","是","否","96cfdaaf53aa67d18e98ef11c0c1b56508fa8d2c2647c61e70fd696ec21e066c","57442","7888"
"","","","","849009","Q4006-SMX-SACN","active","Q40","9.5 mm","母端","穿板","不带阀","直通","POM","","q40|9.5mm|母端|穿板|不带阀|直通","/images/products/fittings/quick-connect-fittings/products/q4006-smx-sacn-main.jpg","public/images/products/fittings/quick-connect-fittings/products/q4006-smx-sacn-main.jpg","是","否","767a2727e1d6a158f2a672295a79f24d95488a733639264fc47d31cfea4de3af","46878","7943"
"","","","","849043","Q4006-SMX-SPPE","active","Q40","9.5 mm","母端","穿板","不带阀","直通","PP","","q40|9.5mm|母端|穿板|不带阀|直通","/images/products/fittings/quick-connect-fittings/products/q4006-smx-sppe-main.jpg","public/images/products/fittings/quick-connect-fittings/products/q4006-smx-sppe-main.jpg","是","否","abe49208e0e114502c41dd4c5ef3220898434f252035dda10ca4a819990075e5","56322","7998"
"","","","","849020","Q4006-SNV-SACN","active","Q40","9.5 mm","母端","非穿板","带阀","直通","POM","","q40|9.5mm|母端|非穿板|带阀|直通","/images/products/fittings/quick-connect-fittings/products/q4006-snv-sacn-main.jpg","public/images/products/fittings/quick-connect-fittings/products/q4006-snv-sacn-main.jpg","是","否","e679e5289a273bca4090ec92250e48539e885e5d51cc0913460861487d688b78","40880","8053"
"","","","","849054","Q4006-SNV-SPPE","active","Q40","9.5 mm","母端","非穿板","带阀","直通","PP","","q40|9.5mm|母端|非穿板|带阀|直通","/images/products/fittings/quick-connect-fittings/products/q4006-snv-sppe-main.jpg","public/images/products/fittings/quick-connect-fittings/products/q4006-snv-sppe-main.jpg","是","否","c85d4d0ec1b0dc44387f5aa70dfc1152990e10fdd159f0275e8d1e02442e72dc","48541","8108"
"","","","","849003","Q4006-SNX-SACN","active","Q40","9.5 mm","母端","非穿板","不带阀","直通","POM","","q40|9.5mm|母端|非穿板|不带阀|直通","/images/products/fittings/quick-connect-fittings/products/q4006-snx-sacn-main.jpg","public/images/products/fittings/quick-connect-fittings/products/q4006-snx-sacn-main.jpg","是","否","d57c378a6f1a1f186b098bb0f25abcb461c8bcc521a9784692c5dcca10d130ac","39476","8163"
"","","","","849037","Q4006-SNX-SPPE","active","Q40","9.5 mm","母端","非穿板","不带阀","直通","PP","","q40|9.5mm|母端|非穿板|不带阀|直通","/images/products/fittings/quick-connect-fittings/products/q4006-snx-sppe-main.jpg","public/images/products/fittings/quick-connect-fittings/products/q4006-snx-sppe-main.jpg","是","否","6aa4045aeb1d2181e1b3a25656c247cc93b57d701cd87ba1f225f3004bdb1ec8","47195","8218"
"","","","","849031","Q4014N-PNV-SACN","active","Q40","1/4""-18 NPT","公端","非穿板","带阀","直通","POM","","q40|1/4""-18npt|公端|非穿板|带阀|直通","/images/products/fittings/quick-connect-fittings/products/q4014n-pnv-sacn-main.jpg","public/images/products/fittings/quick-connect-fittings/products/q4014n-pnv-sacn-main.jpg","是","否","6beff50da2ded762bf9d355b4b335058d2a417097a4c8dda8add44039daf027e","36237","8273"
"","","","","849065","Q4014N-PNV-SPPE","active","Q40","1/4""-18 NPT","公端","非穿板","带阀","直通","PP","","q40|1/4""-18npt|公端|非穿板|带阀|直通","/images/products/fittings/quick-connect-fittings/products/q4014n-pnv-sppe-main.jpg","public/images/products/fittings/quick-connect-fittings/products/q4014n-pnv-sppe-main.jpg","是","否","f4de9c0c792b5b2834fc92467e481c4dc12fc864474041039fa783977d0fe44f","46188","8328"
"","","","","849023","Q4014N-SNV-SACN","active","Q40","1/4""-18 NPT","母端","非穿板","带阀","直通","POM","","q40|1/4""-18npt|母端|非穿板|带阀|直通","/images/products/fittings/quick-connect-fittings/products/q4014n-snv-sacn-main.jpg","public/images/products/fittings/quick-connect-fittings/products/q4014n-snv-sacn-main.jpg","是","否","4e7b55ba75caa1f3676c2a953ca681d75bc8ed9097bae50db26215c185e3c012","46279","8383"
"","","","","849057","Q4014N-SNV-SPPE","active","Q40","1/4""-18 NPT","母端","非穿板","带阀","直通","PP","","q40|1/4""-18npt|母端|非穿板|带阀|直通","/images/products/fittings/quick-connect-fittings/products/q4014n-snv-sppe-main.jpg","public/images/products/fittings/quick-connect-fittings/products/q4014n-snv-sppe-main.jpg","是","否","75fb3e4a0ee692ae8193abc7b5fba1f9558336cbf5468ae2ead20e88f683458b","57960","8438"
"","","","","849006","Q4014N-SNX-SACN","active","Q40","1/4""-18 NPT","母端","非穿板","不带阀","直通","POM","","q40|1/4""-18npt|母端|非穿板|不带阀|直通","/images/products/fittings/quick-connect-fittings/products/q4014n-snx-sacn-main.jpg","public/images/products/fittings/quick-connect-fittings/products/q4014n-snx-sacn-main.jpg","是","否","5c7e034e952dc44d3ee9f7ad4bbe96e76f089a65eda088c6570109f761403827","44825","8493"
"","","","","849040","Q4014N-SNX-SPPE","active","Q40","1/4""-18 NPT","母端","非穿板","不带阀","直通","PP","","q40|1/4""-18npt|母端|非穿板|不带阀|直通","/images/products/fittings/quick-connect-fittings/products/q4014n-snx-sppe-main.jpg","public/images/products/fittings/quick-connect-fittings/products/q4014n-snx-sppe-main.jpg","是","否","c251a3404d03329a776e626f5f932089e95ae4822159efe2bd9aeff430aec7bb","55716","8548"
"","","","","869032","Q6006-PNV-LPPE","active","Q60","9.5 mm","公端","非穿板","带阀","L型","PP","","q60|9.5mm|公端|非穿板|带阀|l型","/images/products/fittings/quick-connect-fittings/products/q6006-pnv-lppe-main.jpg","public/images/products/fittings/quick-connect-fittings/products/q6006-pnv-lppe-main.jpg","是","否","c8f4b018e44a49ca33582a3c7c789e2acc54d675ca72e7559583819ac973e97d","37019","8603"
"","","","","869012","Q6006-PNX-LPPE","active","Q60","9.5 mm","公端","非穿板","不带阀","L型","PP","","q60|9.5mm|公端|非穿板|不带阀|l型","/images/products/fittings/quick-connect-fittings/products/q6006-pnx-lppe-main.jpg","public/images/products/fittings/quick-connect-fittings/products/q6006-pnx-lppe-main.jpg","是","否","aa3fb21cf116f5386882609c514a69fabe9678676b9f9ae77bf74f9313dfe45d","37405","8713"
"","","","","869020","Q6006-SMV-LPPE","active","Q60","9.5 mm","母端","穿板","带阀","L型","PP","","q60|9.5mm|母端|穿板|带阀|l型","/images/products/fittings/quick-connect-fittings/products/q6006-smv-lppe-main.jpg","public/images/products/fittings/quick-connect-fittings/products/q6006-smv-lppe-main.jpg","是","否","003351b2af8261bd6e91c4eacd639cdb62fe85f0effe1016e31723b20a9de3d8","49603","8823"
"","","","","869026","Q6006-SMV-SPPE","active","Q60","9.5 mm","母端","穿板","带阀","直通","PP","","q60|9.5mm|母端|穿板|带阀|直通","/images/products/fittings/quick-connect-fittings/products/q6006-smv-sppe-main.jpg","public/images/products/fittings/quick-connect-fittings/products/q6006-smv-sppe-main.jpg","是","否","c5a2a4c657925e985ddf4d4752c2c8f045b7f58aead062c6b368110b7c8a4771","49734","8878"
"","","","","869018","Q6006-SMX-LPPE","active","Q60","9.5 mm","母端","穿板","不带阀","L型","PP","","q60|9.5mm|母端|穿板|不带阀|l型","/images/products/fittings/quick-connect-fittings/products/q6006-smx-lppe-main.jpg","public/images/products/fittings/quick-connect-fittings/products/q6006-smx-lppe-main.jpg","是","否","c6255a509461331ccdb65497287946df74cddbde774c1cfd21e0ddfb242f2e87","155155","8933"
"","","","","869006","Q6006-SMX-SPPE","active","Q60","9.5 mm","母端","穿板","不带阀","直通","PP","","q60|9.5mm|母端|穿板|不带阀|直通","/images/products/fittings/quick-connect-fittings/products/q6006-smx-sppe-main.jpg","public/images/products/fittings/quick-connect-fittings/products/q6006-smx-sppe-main.jpg","是","否","60060cdf9fd18c5ea3b0c34e79ace1022e4d944da3252a55ff995b0b00e4fdfe","50775","8988"
"","","","","869021","Q6006-SNV-SPPE","active","Q60","9.5 mm","母端","非穿板","带阀","直通","PP","","q60|9.5mm|母端|非穿板|带阀|直通","/images/products/fittings/quick-connect-fittings/products/q6006-snv-sppe-main.jpg","public/images/products/fittings/quick-connect-fittings/products/q6006-snv-sppe-main.jpg","是","否","8f352d3ca682b01c0feadc31f54b14e17271b1c545101aaf3f3bb12f413408b6","41735","9043"
"","","","","869001","Q6006-SNX-SPPE","active","Q60","9.5 mm","母端","非穿板","不带阀","直通","PP","","q60|9.5mm|母端|非穿板|不带阀|直通","/images/products/fittings/quick-connect-fittings/products/q6006-snx-sppe-main.jpg","public/images/products/fittings/quick-connect-fittings/products/q6006-snx-sppe-main.jpg","是","否","d1986007ef31d21310c7441ad4b315a5d1a82f054fe470cce8818bf14c073b24","42787","9098"
"","","","","869033","Q6008-PNV-LPPE","active","Q60","12.7 mm","公端","非穿板","带阀","L型","PP","","q60|12.7mm|公端|非穿板|带阀|l型","/images/products/fittings/quick-connect-fittings/products/q6008-pnv-lppe-main.jpg","public/images/products/fittings/quick-connect-fittings/products/q6008-pnv-lppe-main.jpg","是","否","193f9feb81ee368ee63d5c06dcf90ecccb8b3b26f00e42dbc13e44c2c71fb83e","39433","9153"
"","","","","869030","Q6008-PNV-SPPE","active","Q60","12.7 mm","公端","非穿板","带阀","直通","PP","","q60|12.7mm|公端|非穿板|带阀|直通","/images/products/fittings/quick-connect-fittings/products/q6008-pnv-sppe-main.jpg","public/images/products/fittings/quick-connect-fittings/products/q6008-pnv-sppe-main.jpg","是","否","30997a95e5de31bc3ba82648ea75e45f8c28ea3beaf6070cfa1ab41f4db854fd","32825","9208"
"","","","","869013","Q6008-PNX-LPPE","active","Q60","12.7 mm","公端","非穿板","不带阀","L型","PP","","q60|12.7mm|公端|非穿板|不带阀|l型","/images/products/fittings/quick-connect-fittings/products/q6008-pnx-lppe-main.jpg","public/images/products/fittings/quick-connect-fittings/products/q6008-pnx-lppe-main.jpg","是","否","95e0895501f0ee54919a9b9ddbaedcbb86f753c4f6db455e5de96c97beb4dede","39321","9263"
"","","","","869010","Q6008-PNX-SPPE","active","Q60","12.7 mm","公端","非穿板","不带阀","直通","PP","","q60|12.7mm|公端|非穿板|不带阀|直通","/images/products/fittings/quick-connect-fittings/products/q6008-pnx-sppe-main.jpg","public/images/products/fittings/quick-connect-fittings/products/q6008-pnx-sppe-main.jpg","是","否","a9272418f23d4c47e5a1e2a5d94745077472a4c036d6ff7596d6fc555a59e279","31519","9318"
"","","","","869036","Q6008-SMV-LPPE","active","Q60","12.7 mm","母端","穿板","带阀","L型","PP","","q60|12.7mm|母端|穿板|带阀|l型","/images/products/fittings/quick-connect-fittings/products/q6008-smv-lppe-main.jpg","public/images/products/fittings/quick-connect-fittings/products/q6008-smv-lppe-main.jpg","是","否","5149f0ff765cb76ba8598c08e457132c3a70866f4c574ac8d8024b50b443c844","49970","9373"
"","","","","869027","Q6008-SMV-SPPE","active","Q60","12.7 mm","母端","穿板","带阀","直通","PP","","q60|12.7mm|母端|穿板|带阀|直通","/images/products/fittings/quick-connect-fittings/products/q6008-smv-sppe-main.jpg","public/images/products/fittings/quick-connect-fittings/products/q6008-smv-sppe-main.jpg","是","否","09258004de414eb7bba39dea8ad1585cff2451640f13ddc1851283204c732deb","50453","9428"
"","","","","869019","Q6008-SMX-LPPE","active","Q60","12.7 mm","母端","穿板","不带阀","L型","PP","","q60|12.7mm|母端|穿板|不带阀|l型","/images/products/fittings/quick-connect-fittings/products/q6008-smx-lppe-main.jpg","public/images/products/fittings/quick-connect-fittings/products/q6008-smx-lppe-main.jpg","是","否","6e27b244494b9086585be5e3b22cbe451cbcd8c2b2776db70d8768cb2aecdaf9","50330","9483"
"","","","","869007","Q6008-SMX-SPPE","active","Q60","12.7 mm","母端","穿板","不带阀","直通","PP","","q60|12.7mm|母端|穿板|不带阀|直通","/images/products/fittings/quick-connect-fittings/products/q6008-smx-sppe-main.jpg","public/images/products/fittings/quick-connect-fittings/products/q6008-smx-sppe-main.jpg","是","否","e9d7aef9f6ff2f432f3ba14326fcc3b5bfb93cde7059607e75a93d0f89f39e1a","50706","9538"
"","","","","869041","Q6008-SNV-LPPE","active","Q60","12.7 mm","母端","非穿板","带阀","L型","PP","","q60|12.7mm|母端|非穿板|带阀|l型","/images/products/fittings/quick-connect-fittings/products/q6008-snv-lppe-main.jpg","public/images/products/fittings/quick-connect-fittings/products/q6008-snv-lppe-main.jpg","是","否","d02ca5dc18e2ef23a468eb4574ee5d9f1a91a1f80e323f195f78b2fcea567c50","42818","9593"
"","","","","869022","Q6008-SNV-SPPE","active","Q60","12.7 mm","母端","非穿板","带阀","直通","PP","","q60|12.7mm|母端|非穿板|带阀|直通","/images/products/fittings/quick-connect-fittings/products/q6008-snv-sppe-main.jpg","public/images/products/fittings/quick-connect-fittings/products/q6008-snv-sppe-main.jpg","是","否","03be5cef920528ea85b0126982ab9f19285b5cfb51b9aceb043ccb3fb566b5c5","138756","9648"
"","","","","869002","Q6008-SNX-SPPE","active","Q60","12.7 mm","母端","非穿板","不带阀","直通","PP","","q60|12.7mm|母端|非穿板|不带阀|直通","/images/products/fittings/quick-connect-fittings/products/q6008-snx-sppe-main.jpg","public/images/products/fittings/quick-connect-fittings/products/q6008-snx-sppe-main.jpg","是","否","246c98617cf7bc01c8402af35f1b42ab7032881178b573ff7a83f9fe2e37a42e","138681","9703"
"","","","","869031","Q6012-PNV-SPPE","active","Q60","19.0 mm","公端","非穿板","带阀","直通","PP","","q60|19.0mm|公端|非穿板|带阀|直通","/images/products/fittings/quick-connect-fittings/products/q6012-pnv-sppe-main.jpg","public/images/products/fittings/quick-connect-fittings/products/q6012-pnv-sppe-main.jpg","是","否","faa1e192ec679eac210a81178052285547be9fd906174f61604e22dc3e5effe4","36173","9758"
"","","","","869011","Q6012-PNX-SPPE","active","Q60","19.0 mm","公端","非穿板","不带阀","直通","PP","","q60|19.0mm|公端|非穿板|不带阀|直通","/images/products/fittings/quick-connect-fittings/products/q6012-pnx-sppe-main.jpg","public/images/products/fittings/quick-connect-fittings/products/q6012-pnx-sppe-main.jpg","是","否","356b2864d0dc96ae51e1c74f91c2cce3f075e79ccf068c452d1a5454f3079637","36360","9813"
"","","","","869028","Q6012-SMV-SPPE","active","Q60","19.0 mm","母端","穿板","带阀","直通","PP","","q60|19.0mm|母端|穿板|带阀|直通","/images/products/fittings/quick-connect-fittings/products/q6012-smv-sppe-main.jpg","public/images/products/fittings/quick-connect-fittings/products/q6012-smv-sppe-main.jpg","是","否","2cee3225f2f4f57e7c07ec848c0607b8ffaa7745656837005fe17c19c7d7783a","49240","9868"
"","","","","869008","Q6012-SMX-SPPE","active","Q60","19.0 mm","母端","穿板","不带阀","直通","PP","","q60|19.0mm|母端|穿板|不带阀|直通","/images/products/fittings/quick-connect-fittings/products/q6012-smx-sppe-main.jpg","public/images/products/fittings/quick-connect-fittings/products/q6012-smx-sppe-main.jpg","是","否","fdc8477d5dec04563f5274d874d12aa958e7b5f68cb0fc712489a17643b07069","50418","9923"
"","","","","869023","Q6012-SNV-SPPE","active","Q60","19.0 mm","母端","非穿板","带阀","直通","PP","","q60|19.0mm|母端|非穿板|带阀|直通","/images/products/fittings/quick-connect-fittings/products/q6012-snv-sppe-main.jpg","public/images/products/fittings/quick-connect-fittings/products/q6012-snv-sppe-main.jpg","是","否","d635647314615960bb36024bdba63897e0af9faad211fdb822f8befcca5cc1ac","42682","9978"
"","","","","869003","Q6012-SNX-SPPE","active","Q60","19.0 mm","母端","非穿板","不带阀","直通","PP","","q60|19.0mm|母端|非穿板|不带阀|直通","/images/products/fittings/quick-connect-fittings/products/q6012-snx-sppe-main.jpg","public/images/products/fittings/quick-connect-fittings/products/q6012-snx-sppe-main.jpg","是","否","1bc2cfaaca39ad75df0722d4f3bfb8dd71cf881a3f613091f9202c5ebbdc747f","42999","10033"
"","","","","869035","Q6012N-PNV-SPPE","active","Q60","1/2""-14 NPT","公端","非穿板","带阀","直通","PP","","q60|1/2""-14npt|公端|非穿板|带阀|直通","/images/products/fittings/quick-connect-fittings/products/q6012n-pnv-sppe-main.jpg","public/images/products/fittings/quick-connect-fittings/products/q6012n-pnv-sppe-main.jpg","是","否","094b489bebcfbb18710a03d080ace794576092d1b0372259da02c3a8bafaee79","42654","10088"
"","","","","869015","Q6012N-PNX-SPPE","active","Q60","1/2""-14 NPT","公端","非穿板","不带阀","直通","PP","","q60|1/2""-14npt|公端|非穿板|不带阀|直通","/images/products/fittings/quick-connect-fittings/products/q6012n-pnx-sppe-main.jpg","public/images/products/fittings/quick-connect-fittings/products/q6012n-pnx-sppe-main.jpg","是","否","7c22f8581dfbdae862a2a2f79fd7e503dd7b6a0bd7e6d5bccffc2875b1c9ff04","40800","10143"
"","","","","869034","Q6038N-PNV-SPPE","active","Q60","3/8""-18 NPT","公端","非穿板","带阀","直通","PP","","q60|3/8""-18npt|公端|非穿板|带阀|直通","/images/products/fittings/quick-connect-fittings/products/q6038n-pnv-sppe-main.jpg","public/images/products/fittings/quick-connect-fittings/products/q6038n-pnv-sppe-main.jpg","是","否","1760903827479d9e1a08bd8fb91521dea777ee5e23d3b3512e9b06b27f260097","41330","10308"
"","","","","869014","Q6038N-PNX-SPPE","active","Q60","3/8""-18 NPT","公端","非穿板","不带阀","直通","PP","","q60|3/8""-18npt|公端|非穿板|不带阀|直通","/images/products/fittings/quick-connect-fittings/products/q6038n-pnx-sppe-main.jpg","public/images/products/fittings/quick-connect-fittings/products/q6038n-pnx-sppe-main.jpg","是","否","69d078507c6717451112196508996e8f7bc873996124b4bb79ef0154dbf0cad8","41575","10363"
"","","","","869024","Q6038N-SNV-SPPE","active","Q60","3/8""-18 NPT","母端","非穿板","带阀","直通","PP","","q60|3/8""-18npt|母端|非穿板|带阀|直通","/images/products/fittings/quick-connect-fittings/products/q6038n-snv-sppe-main.jpg","public/images/products/fittings/quick-connect-fittings/products/q6038n-snv-sppe-main.jpg","是","否","f5449d7579591d55db64b83cd48d4c874b4a438c0ddb9321be47b55e77c69967","45022","10418"
"","","","","869004","Q6038N-SNX-SPPE","active","Q60","3/8""-18 NPT","母端","非穿板","不带阀","直通","PP","","q60|3/8""-18npt|母端|非穿板|不带阀|直通","/images/products/fittings/quick-connect-fittings/products/q6038n-snx-sppe-main.jpg","public/images/products/fittings/quick-connect-fittings/products/q6038n-snx-sppe-main.jpg","是","否","554c4601a9365332b3656af10b81716060d1c5de3c6996c51bbfae4dcb299ab1","44928","10473"
"","","","","","","active","","","","","","","","","|||||","","","否","否","","0","10532"
"","","","","","","active","","","","","","","","","|||||","","","否","否","","0","10548"
"","","","","","","active","","","","","","","","","|||||","","","否","否","","0","10564"
"","","","","","","active","","","","","","","","","|||||","","","否","否","","0","10580"
"","","","","","","active","","","","","","","","","|||||","","","否","否","","0","10596"
"","","","","","","active","","","","","","","","","|||||","","","否","否","","0","10612"
"","","","","","","active","","","","","","","","","|||||","","","否","否","","0","10628"